id,name,address_primary,address_secondary,lat,lng,created_at,logo_url,banner_url,avg_spend_per_customer,rating,rating_count,about_text,is_approved,source,claimed_at,place_id,phone,category,website,opening_hours,email
0098d1f4-79eb-48b0-9923-d4bd67963ee0,Salon Avalon,"55 Crescent Dr B, Pleasant Hill, CA 94523, USA",,37.945775,-122.06214580000001,2026-07-18 03:53:23.024433,,,,4.8,0,,False,google_places,,ChIJY8nrdUdhhYARMJyokXRMHFs,(925) 689-2868,hair_care,http://salonavalon.com/,"Monday: 9:00 AM – 6:00 PM
Tuesday: 9:00 AM – 6:00 PM
Wednesday: 9:00 AM – 6:00 PM
Thursday: 9:00 AM – 6:00 PM
Friday: 9:00 AM – 6:00 PM
Saturday: 9:00 AM – 6:00 PM
Sunday: 10:00 AM – 5:00 PM",
00e7b861-6634-4b38-9d0a-8f8a6fab9900,Tice Valley Community Gym,"2055 Tice Valley Blvd, Walnut Creek, CA 94595, USA",,37.8752676,-122.0699168,2026-07-17 19:28:30.827374,/static/logos/0b22a3a3fa9b4010b63c3448cdda86ff.jpg,/static/banners/2fa2a0185b4841d99137d2f35cffbd02.jpg,,4.4,0,,False,google_places,,ChIJMwhTkwiKj4ARsKzDnbMDuQI,(925) 256-3572,gym,https://www.walnutcreekartsrec.org/parks-facilities/facility-rentals/tice-valley-gymnasium#ad-image-15,"Monday: 9:00 AM – 4:00 PM
Tuesday: 9:00 AM – 4:00 PM
Wednesday: 9:00 AM – 4:00 PM
Thursday: 9:00 AM – 4:00 PM
Friday: 9:00 AM – 4:00 PM
Saturday: Closed
Sunday: Closed",
0102c73f-b9eb-4bc7-9ed7-b18ce443e3db,The Cheesecake Factory,"1181 Locust St Suite E, Walnut Creek, CA 94596, USA",,37.8957855,-122.0619747,2026-02-05 03:31:32.920089,/static/logos/8555ee449231447b86e55a0705f826e8.jpg,/static/banners/30dda90b40444794bd0e572826b44111.jpg,,4.1,0,American chain restaurant offering sizable portions from a vast menu including signature cheesecake,False,google_places,2026-03-22 20:00:02.420867,ChIJE-XGDuphhYARvpuzx2_coVk,(925) 952-8450,restaurant,https://locations.thecheesecakefactory.com/ca/walnut-creek-146.html?utm_source=Google&utm_medium=Maps&utm_campaign=Google+Places,"Monday: 11:00 AM – 10:00 PM
Tuesday: 11:00 AM – 10:00 PM
Wednesday: 11:00 AM – 10:00 PM
Thursday: 11:00 AM – 10:00 PM
Friday: 11:00 AM – 11:00 PM
Saturday: 11:00 AM – 11:00 PM
Sunday: 10:00 AM – 10:00 PM",matt@wearme.blue
016b509d-68ed-478d-8bfb-cd08b0439b19,Sis Nail & Lash Studio,"1542A Newell Ave, Walnut Creek, CA 94596, USA",,37.8933652,-122.0596623,2026-07-18 02:53:28.927510,,,,4.7,0,,False,google_places,,ChIJTxFrW3thhYARIx5d0rHJNGQ,(925) 891-4573,beauty_salon,http://sis-studio.com/,"Monday: Closed
Tuesday: 9:00 AM – 7:00 PM
Wednesday: 9:00 AM – 7:00 PM
Thursday: 9:00 AM – 7:00 PM
Friday: 9:00 AM – 7:00 PM
Saturday: 9:00 AM – 6:00 PM
Sunday: 9:00 AM – 6:00 PM",
019a536c-b5d0-40cf-a05a-3e4777888afe,Life is Sweet Bakery and Cafe,"155 Railroad Ave, Danville, CA 94526, USA",,37.8217079,-122.00162929999999,2026-07-18 03:53:23.025173,,,,4.5,0,,False,google_places,,ChIJk21h9ISNj4ARnF1nrekX6DE,(925) 718-5818,bakery,https://lifeissweetbakeryandcafe.com/,"Monday: Closed
Tuesday: 8:00 AM – 3:00 PM
Wednesday: 8:00 AM – 3:00 PM
Thursday: 8:00 AM – 3:00 PM
Friday: 8:00 AM – 3:00 PM
Saturday: 8:00 AM – 2:00 PM
Sunday: 8:00 AM – 2:00 PM",
0223efb2-420c-42b2-945c-40ff7adf797e,Safeway,"600 S Broadway, Walnut Creek, CA 94596, USA",,37.898108,-122.05667210000001,2026-07-17 19:28:30.827651,/static/logos/3a71c044b11f4cb6a4d0548418d253f5.jpg,/static/banners/75164a963cd14b48af08c0c897d31f72.jpg,,3.9,0,"Longtime supermarket chain carrying brand-name & house-label groceries, plus a deli, bakery & more.",False,google_places,,ChIJJYnQa8FhhYARmXTAxJ5Mz5k,(925) 935-9205,bakery,https://local.safeway.com/safeway/ca/walnut-creek/600-s-broadway.html,"Monday: 5:00 AM – 2:00 AM
Tuesday: 5:00 AM – 2:00 AM
Wednesday: 5:00 AM – 2:00 AM
Thursday: 5:00 AM – 2:00 AM
Friday: 5:00 AM – 2:00 AM
Saturday: 5:00 AM – 2:00 AM
Sunday: 5:00 AM – 2:00 AM",
0266f42e-aa61-4079-8a60-08d196542fee,Genji Sushi,"2941 Ygnacio Valley Rd, Walnut Creek, CA 94598, USA",,37.925888799999996,-122.0156649,2026-07-18 02:53:28.927957,,,,1.0,0,"Straightforward eatery focused on sushi, including cooked rolls & options for vegetarians & vegans.",False,google_places,,ChIJiR8ccrFhhYARWvBvMWqPVmk,(925) 269-9010,japanese_restaurant,,"Monday: 8:00 AM – 9:00 PM
Tuesday: 8:00 AM – 9:00 PM
Wednesday: 8:00 AM – 9:00 PM
Thursday: 8:00 AM – 9:00 PM
Friday: 8:00 AM – 9:00 PM
Saturday: 8:00 AM – 9:00 PM
Sunday: 8:00 AM – 9:00 PM",
030f9345-8294-4c74-9945-59d2c628871c,China Wall Buffet,"1673 Willow Pass Rd, Concord, CA 94520, USA",,37.973088800000006,-122.0431585,2026-07-18 02:53:28.927756,,,,4.0,0,"Unlimited lunch & dinner buffets attract a crowd for classic seafood, sushi & vegetarian options.",False,google_places,,ChIJu7cgZ9dmhYAR3Y4_lUe1GBM,(925) 827-9398,chinese_restaurant,https://chinawallbuffet.shop/,"Monday: 11:00 AM – 9:00 PM
Tuesday: 11:00 AM – 9:00 PM
Wednesday: 11:00 AM – 9:00 PM
Thursday: 11:00 AM – 9:00 PM
Friday: 11:00 AM – 9:30 PM
Saturday: 11:00 AM – 9:30 PM
Sunday: 11:00 AM – 9:00 PM",
03240dbe-8236-43f2-b935-a02412982059,Casa Gourmet Burritos,"3322 Mount Diablo Blvd, Lafayette, CA 94549, USA",,37.896263,-122.10301829999997,2026-07-18 02:53:28.928196,,,,4.1,0,Compact Mexican standby doles out hefty burritos & other eats at the counter in an informal space.,False,google_places,,ChIJqy0WyjlihYARp2PKMsudMe0,(925) 284-4415,mexican_restaurant,,"Monday: 11:00 AM – 9:00 PM
Tuesday: 11:00 AM – 9:00 PM
Wednesday: 11:00 AM – 9:00 PM
Thursday: 11:00 AM – 9:00 PM
Friday: 11:00 AM – 9:00 PM
Saturday: 11:00 AM – 9:00 PM
Sunday: 12:00 – 9:00 PM",
038b853d-f2cf-49e1-bc93-75a71717cf15,Broadway Spa,"2085 N Broadway #350, Walnut Creek, CA 94596, USA",,37.9084813,-122.06204890000001,2026-07-18 03:53:23.024886,,,,4.8,0,,False,google_places,,ChIJpcXjzcFhhYAR2LP5YStoTRI,(925) 476-5200,spa,http://www.broadway-spa.com/,"Monday: 10:00 AM – 9:00 PM
Tuesday: 10:00 AM – 9:00 PM
Wednesday: 10:00 AM – 9:00 PM
Thursday: 10:00 AM – 9:00 PM
Friday: 10:00 AM – 9:00 PM
Saturday: 10:00 AM – 9:00 PM
Sunday: 10:00 AM – 9:00 PM",
047c8cb8-09e9-4d68-91f2-c01191df0a3d,Mixed Grain,"1546 Bonanza St, Walnut Creek, CA 94596, USA",,37.8998336,-122.06205419999999,2026-07-18 02:53:28.927176,,,,4.5,0,"Easygoing Asian eatery offering traditional eats such as kimchi stew, seafood pancake & short ribs.",False,google_places,,ChIJicC8sOphhYARrJslVV0bpr4,(925) 938-5959,restaurant,http://www.mixedgrain.com/,"Monday: 11:30 AM – 3:00 PM, 5:00 – 9:00 PM
Tuesday: 11:30 AM – 3:00 PM, 5:00 – 9:00 PM
Wednesday: 11:30 AM – 3:00 PM, 5:00 – 9:00 PM
Thursday: 11:30 AM – 3:00 PM, 5:00 – 9:00 PM
Friday: 11:30 AM – 3:00 PM, 5:00 – 9:00 PM
Saturday: 11:30 AM – 3:00 PM, 5:00 – 9:00 PM
Sunday: 11:30 AM – 3:00 PM",
05885ea2-91c1-43bc-a543-b8620b7a910a,Nova Beauty Studio,"1339 Pine St #1A, Walnut Creek, CA 94596, USA",,37.9100494,-122.0627322,2026-07-18 03:53:23.024463,,,,5.0,0,,False,google_places,,ChIJT7yGfythhYAR1mYzcdC5dt8,(925) 437-3729,hair_care,http://nova-beautystudio.com/,"Monday: 8:00 AM – 6:00 PM
Tuesday: 8:00 AM – 6:00 PM
Wednesday: 8:00 AM – 6:00 PM
Thursday: 8:00 AM – 6:00 PM
Friday: 8:00 AM – 6:00 PM
Saturday: 8:00 AM – 8:00 PM
Sunday: 8:00 AM – 8:00 PM",
059ec863-d335-4213-bf24-5638761d3c9a,Tiki Tom's,"1535 Olympic Blvd, Walnut Creek, CA 94596, USA",,37.8960082,-122.0607479,2026-02-05 03:31:32.920347,/static/business_images/694028d2ebca4631add9370be2025f4f.jpg,/static/business_images/300b10f9f541433fac844e0b92fbfbdb.jpg,,4.3,0,Sports bar featuring Hawaiian- & Mexican-style fare plus open-mike nights & occasional live music.,False,google_places,,ChIJe-bI_sFhhYAR2ilfIlfNTG0,(925) 932-9202,bar,https://tikitoms.co/,"Monday: Closed
Tuesday: 4:00 – 11:00 PM
Wednesday: 4:00 – 11:00 PM
Thursday: 4:00 – 11:00 PM
Friday: 4:00 PM – 12:00 AM
Saturday: 4:00 PM – 12:00 AM
Sunday: 4:00 – 11:00 PM",
0621c3f5-b08c-4ee3-9122-b6682a23e375,Rooftop Restaurant & Bar,"1500 Mt Diablo Blvd #300, Walnut Creek, CA 94598, USA",,37.8974889,-122.06048559999999,2026-07-18 02:53:28.926933,,,,4.2,0,Well-heeled New American eatery & cocktail lounge with a lively rooftop terrace open rain or shine.,False,google_places,,ChIJ76Hl3MFhhYARild7CdMg_rU,(925) 300-3540,restaurant,http://www.rooftopwc.com/,"Monday: 11:30 AM – 10:00 PM
Tuesday: 11:30 AM – 10:00 PM
Wednesday: 11:30 AM – 10:00 PM
Thursday: 11:30 AM – 10:00 PM
Friday: 11:30 AM – 11:00 PM
Saturday: 10:00 AM – 11:00 PM
Sunday: 10:00 AM – 10:00 PM",
0649be30-0e43-4ced-a0d2-57c8961439aa,RJ’s Asian Fusion,"3162 Danville Blvd C, Alamo, CA 94507, USA",,37.851549999999996,-122.031976,2026-07-18 02:53:28.927744,,,,4.5,0,"Japanese, Thai & Korean flavors, from sushi to teriyaki, in a quirky eatery & bar with clubby decor.",False,google_places,,ChIJm4jWAwKLj4ARLT1yiWQND00,(925) 984-2486,chinese_restaurant,http://rjsasianfusion.com/,"Monday: 4:30 – 9:00 PM
Tuesday: 4:30 – 9:00 PM
Wednesday: 4:30 – 9:00 PM
Thursday: 4:30 – 9:00 PM
Friday: 4:30 – 9:00 PM
Saturday: 4:30 – 9:00 PM
Sunday: Closed",
06616830-bf10-4eea-9539-c3362d89c4d9,Cafe 1277,"1277 Treat Blvd #100, Walnut Creek, CA 94597, USA",,37.9269664,-122.05924720000002,2026-07-18 03:53:23.024234,,,,4.1,0,,False,google_places,,ChIJyfy2WgBhhYARrpQ_67AyuRE,(925) 300-3234,cafe,https://www.cafe1277.com/,"Monday: 7:00 AM – 3:00 PM
Tuesday: 7:00 AM – 3:00 PM
Wednesday: 7:00 AM – 3:00 PM
Thursday: 7:00 AM – 3:00 PM
Friday: 7:00 AM – 3:00 PM
Saturday: Closed
Sunday: Closed",
069de88a-61e2-467f-9327-6b95193edbed,Creekside Spa & Salon,"1377 Newell Ave #1385, Walnut Creek, CA 94596, USA",,37.8931604,-122.05638899999998,2026-07-17 19:28:30.827631,/static/logos/61fca7fcc68e49de93fb3279330772d0.jpg,/static/banners/ad0487b365ab4a90a60247ba2ff44c56.jpg,,4.3,0,,False,google_places,,ChIJfa5lRMNhhYARu04e1Q7YLR4,(925) 945-6812,spa,,"Monday: 10:00 AM – 8:00 PM
Tuesday: 10:00 AM – 8:00 PM
Wednesday: 10:00 AM – 8:00 PM
Thursday: 10:00 AM – 8:00 PM
Friday: 10:00 AM – 8:00 PM
Saturday: 10:00 AM – 8:00 PM
Sunday: 10:00 AM – 8:00 PM",
072167b0-537a-4336-82d5-f44944e30373,Oishi japanese restaurant,"2894 Ygnacio Valley Rd, Walnut Creek, CA 94598, USA",,37.9277501,-122.0165711,2026-07-18 02:53:28.927837,,,,3.7,0,,False,google_places,,ChIJz0zGLLJhhYARUmKFoYgq4cM,(925) 705-7692,japanese_restaurant,http://oishiwalnutcreek.com/,"Monday: 11:00 AM – 9:00 PM
Tuesday: 11:00 AM – 9:00 PM
Wednesday: 11:00 AM – 9:00 PM
Thursday: 11:00 AM – 9:00 PM
Friday: 11:00 AM – 9:30 PM
Saturday: 11:00 AM – 9:30 PM
Sunday: 11:00 AM – 9:00 PM",
07458916-5ad6-4f4f-b563-bd3d37843bf7,La Fontaine Walnut Creek,"1375 N Broadway, Walnut Creek, CA 94596, USA",,37.8990395,-122.05990759999999,2026-07-18 02:53:28.926993,,,,4.4,0,,False,google_places,,ChIJeTt0FXBhhYARKdmF1PEAS9U,(925) 705-7019,restaurant,https://www.lafontainerestaurant.com/walnut-creek-home,"Monday: Closed
Tuesday: 11:30 AM – 9:30 PM
Wednesday: 11:30 AM – 9:30 PM
Thursday: 11:30 AM – 9:30 PM
Friday: 11:30 AM – 10:00 PM
Saturday: 11:30 AM – 10:00 PM
Sunday: 11:30 AM – 9:00 PM",
0755dbdd-e6a1-4e02-8c00-73823d4b44c4,Studio 17 Mens Salon- Tanya Debolt,"1651 Botelho Dr #190, Walnut Creek, CA 94596, USA",,37.8937599,-122.06212649999999,2026-07-18 03:53:23.024445,,,,5.0,0,,False,google_places,,ChIJm1gdm2BhhYAR2th7XBX8PPA,(925) 434-3020,hair_care,http://tanyadebolt.glossgenius.com/,"Monday: 10:00 AM – 3:00 PM
Tuesday: Closed
Wednesday: Closed
Thursday: 9:00 AM – 4:00 PM
Friday: Closed
Saturday: 10:00 AM – 4:00 PM
Sunday: 10:00 AM – 4:00 PM",
07afb76e-a980-4db5-b8d8-220ebc8175c1,Fleming’s Prime Steakhouse & Wine Bar,"1685 Mt Diablo Blvd, Walnut Creek, CA 94596, USA",,37.8970274,-122.0630152,2026-02-05 03:31:32.920155,/static/business_images/6dc424e471db41368869b2778fd389f1.jpg,/static/business_images/33133be0184c4d7a85a22ad87ace3fc4.jpg,,4.5,0,High-end steakhouse chain with aged prime beef & classics such as lobster tails.,False,google_places,,ChIJe5x9W-phhYARDlGMhbA-er8,+1 925-287-0297,restaurant,,,
07f511e2-bd39-457d-85ee-635ec24e7223,Common Core Pilates,"201 N Civic Dr Unit 110, Walnut Creek, CA 94596, USA",,37.910046099999995,-122.05978189999999,2026-07-18 03:53:23.024828,,,,5.0,0,,False,google_places,,ChIJj4mMskBhhYARetcRpy5pIds,(925) 212-2584,gym,http://www.commoncorepilates.com/,"Monday: Closed
Tuesday: 5:30 – 7:30 PM
Wednesday: Closed
Thursday: 5:30 – 7:30 PM
Friday: Closed
Saturday: Closed
Sunday: 8:00 AM – 12:00 PM",
084f0f5c-7db4-48a3-b763-99d4083d11e3,Ozora Sushi Restaurant,"785 Oak Grove Rd, Concord, CA 94518, USA",,37.936938399999995,-122.02464649999997,2026-07-18 02:53:28.927848,,,,4.5,0,Sophisticated sushi house garners raves for its inventive rolls & fare served in a stylish interior.,False,google_places,,ChIJ1bJ75vBghYARHWysXm4oJB0,(925) 691-6009,japanese_restaurant,http://ozora-sushi.com/,"Monday: 11:30 AM – 3:00 PM, 5:00 – 10:00 PM
Tuesday: 11:30 AM – 3:00 PM, 5:00 – 10:00 PM
Wednesday: 11:30 AM – 3:00 PM, 5:00 – 10:00 PM
Thursday: 11:30 AM – 3:00 PM, 5:00 – 10:00 PM
Friday: 11:30 AM – 3:00 PM, 5:00 – 11:30 PM
Saturday: 11:30 AM – 3:00 PM, 5:00 – 11:30 PM
Sunday: Closed",
0915ca83-6a5b-4bae-8990-7d7049bcd1b7,Haya Ramen,"35D Crescent Dr, Pleasant Hill, CA 94523, USA",,37.9466137,-122.0617587,2026-07-18 02:53:28.927991,,,,3.8,0,,False,google_places,,ChIJH5g01jhhhYAReDWtrf5rKMk,(925) 849-6171,japanese_restaurant,https://hayaramenpleasanthill.com/,"Monday: 11:30 AM – 9:00 PM
Tuesday: 11:30 AM – 9:00 PM
Wednesday: 11:30 AM – 9:00 PM
Thursday: 11:30 AM – 9:00 PM
Friday: 11:30 AM – 9:30 PM
Saturday: 12:00 – 9:30 PM
Sunday: 12:00 – 9:00 PM",
091ea993-6be5-4f81-ba44-03ad6c594049,Woodhouse Spa - Walnut Creek,"1636 Cypress St, Walnut Creek, CA 94596, USA",,37.8988399,-122.06291829999999,2026-07-17 19:28:30.827532,/static/logos/555c45d652fe48eba27424a14e8dc517.jpg,/static/banners/c87fef67113948b8a32ddf88c6b11138.jpg,,4.7,0,,False,google_places,,ChIJ7S0y6-phhYARtLLQ-N2nJ-w,(925) 448-2222,spa,http://walnutcreek.woodhousespas.com/?utm_source=google&utm_medium=yext,"Monday: 9:30 AM – 6:00 PM
Tuesday: 9:30 AM – 3:15 PM
Wednesday: 9:30 AM – 6:00 PM
Thursday: 9:30 AM – 6:00 PM
Friday: 9:30 AM – 6:00 PM
Saturday: 9:30 AM – 6:00 PM
Sunday: 9:30 AM – 6:00 PM",
09241bd5-bc0f-405b-9a2e-b5bd088dbfb9,Unique Massage Spa,"1952 Mt Diablo Blvd a, Walnut Creek, CA 94596, USA",,37.897606599999996,-122.0677405,2026-07-18 03:53:23.025047,,,,3.0,0,,False,google_places,,ChIJSztgMqZhhYAR0qRXvPkGL38,(925) 988-9088,spa,,"Monday: 10:00 AM – 9:30 PM
Tuesday: 10:00 AM – 9:30 PM
Wednesday: 10:00 AM – 9:30 PM
Thursday: 10:00 AM – 9:30 PM
Friday: 10:00 AM – 9:30 PM
Saturday: 10:00 AM – 9:30 AM
Sunday: 10:00 AM – 9:30 PM",
0944b5e7-1053-470f-b95f-3dab11bee2bc,Aunt Jane's Bakery,"148 Sylvan Rd, Walnut Creek, CA 94596, USA",,37.882038099999995,-122.03292370000001,2026-07-18 03:53:23.025213,,,,,0,,False,google_places,,ChIJa1PS6RGLj4ARuVhEJT9NdbU,,bakery,,"Monday: 8:00 AM – 8:00 PM
Tuesday: 8:00 AM – 8:00 PM
Wednesday: 8:00 AM – 8:00 PM
Thursday: 8:00 AM – 8:00 PM
Friday: 8:00 AM – 8:00 PM
Saturday: Closed
Sunday: Closed",
0946f2d7-d127-4e67-a437-cbb521862e05,Salon Textures,"1651 Botelho Dr suite 190 studio 28, Walnut Creek, CA 94596, USA",,37.89389020000001,-122.0620953,2026-02-05 03:31:32.920412,/static/business_images/a4298de55a2649218eeef7c10d72b97a.jpg,,,5.0,0,,False,google_places,,ChIJd7cLYuphhYARoqQ7YYDqbVo,+1 925-325-1253,hair_care,,,
0952b7cb-ed8a-4733-bb03-df266cc7b292,Sichuan House,"2064 Treat Blvd, Walnut Creek, CA 94598, USA",,37.9301374,-122.03962609999999,2026-07-18 02:53:28.927626,,,,4.3,0,Informal Chinese restaurant offering cuisine from the Sichuan province in a strip-mall setting.,False,google_places,,ChIJnc6-7AFhhYARZx2IMXiu-C0,(925) 933-3278,chinese_restaurant,http://sichuanhouse.squarespace.com/,"Monday: 11:00 AM – 3:00 PM, 4:30 – 9:30 PM
Tuesday: 11:00 AM – 3:00 PM, 4:30 – 9:30 PM
Wednesday: 11:00 AM – 3:00 PM, 4:30 – 9:30 PM
Thursday: 11:00 AM – 3:00 PM, 4:30 – 9:30 PM
Friday: 11:00 AM – 3:00 PM, 4:30 – 9:30 PM
Saturday: 11:00 AM – 3:00 PM, 4:30 – 9:30 PM
Sunday: 11:00 AM – 3:00 PM, 4:30 – 9:30 PM",
09741dec-b35d-41df-a384-cde720e088e5,European Touch Wellness & Spa,"81 Gregory Ln 315,Level 3, Pleasant Hill, CA 94523, USA",,37.9481849,-122.0609122,2026-07-18 03:53:23.024909,,,,4.7,0,,False,google_places,,ChIJFUs-_jVhhYARIGLul2dzH7E,(925) 677-7221,spa,http://www.europeantouchwellnessandspa.com/,"Monday: 9:00 AM – 7:00 PM
Tuesday: 9:00 AM – 7:00 PM
Wednesday: 9:00 AM – 7:00 PM
Thursday: 9:00 AM – 7:00 PM
Friday: 9:00 AM – 7:00 PM
Saturday: 9:00 AM – 4:00 PM
Sunday: Closed",
0a114379-3f7e-4767-9158-8a9f164103f2,"The Workshop Salon Walnut Creek, CA","2073 Mt Diablo Blvd, Walnut Creek, CA 94596, USA",,37.896485,-122.06912379999999,2026-07-18 03:53:23.024391,,,,5.0,0,,False,google_places,,ChIJkYxmn2RhhYARVUSNpIv45sQ,(925) 217-1200,hair_care,,"Monday: Closed
Tuesday: 10:00 AM – 5:00 PM
Wednesday: 10:00 AM – 5:00 PM
Thursday: 10:00 AM – 5:00 PM
Friday: 10:00 AM – 5:00 PM
Saturday: 10:00 AM – 5:00 PM
Sunday: Closed",
0a3f1de4-f51d-4f7f-84cf-c3f423e8b9f7,Lilly Beauty Medical spa,"130 La Casa Via unit 204 Building 1 floor 2, Walnut Creek, CA 94598, USA",,37.9105681,-122.04248159999999,2026-07-18 03:53:23.024622,,,,4.7,0,,False,google_places,,ChIJJTBeoaZhhYARK0Ocff8Nh4Q,(925) 300-3795,beauty_salon,https://lillybeautyspa.com/,"Monday: 10:00 AM – 6:00 PM
Tuesday: 10:00 AM – 6:00 PM
Wednesday: 10:00 AM – 6:00 PM
Thursday: 10:00 AM – 6:00 PM
Friday: 10:00 AM – 6:00 PM
Saturday: 10:00 AM – 6:00 PM
Sunday: Closed",
0a4b73c8-ec99-43ca-8f2b-0243985a273c,Sargam Indian Cuisine,"140 N Civic Dr, Walnut Creek, CA 94596, USA",,37.907922,-122.05833700000001,2026-07-18 02:53:28.928056,,,,4.0,0,Casual Indian spot serves classic curry variations with meat-free choices plus a daily lunch buffet.,False,google_places,,ChIJo4u5s71hhYARzBwkFoVADQc,(925) 937-2700,indian_restaurant,https://www.sargamindiancuisine.com/,"Monday: 11:00 AM – 10:00 PM
Tuesday: 11:00 AM – 10:00 PM
Wednesday: 11:00 AM – 10:00 PM
Thursday: 11:00 AM – 10:00 PM
Friday: 11:00 AM – 10:00 PM
Saturday: 11:00 AM – 10:00 PM
Sunday: 11:00 AM – 10:00 PM",
0a789932-8aa8-4785-a7dc-f60cabbb696b,kibi’s Cafe Walnut Creek,"1981 N Broadway Ste 115, Walnut Creek, CA 94596, USA",,37.9059228,-122.06152290000001,2026-07-18 03:53:23.024263,,,,4.8,0,,False,google_places,,ChIJ9Ro7cPNhhYARdnutoPHa87Q,(925) 320-1361,cafe,http://www.kibiscafe.com/,"Monday: 10:00 AM – 7:00 PM
Tuesday: 10:00 AM – 7:00 PM
Wednesday: 10:00 AM – 7:00 PM
Thursday: 10:00 AM – 7:00 PM
Friday: 10:00 AM – 7:00 PM
Saturday: 11:00 AM – 5:00 PM
Sunday: Closed",
0ae25236-7346-4925-8828-9f19bf141d98,Absolute Perfection,"1222 Boulevard Way, Walnut Creek, CA 94595, USA",,37.8941387,-122.0750359,2026-02-05 03:31:32.920578,/static/business_images/7c995053d5f14785af78fce2e4a60551.jpg,,,3.0,0,,False,google_places,,ChIJAdA_AfNhhYARsJdch36dtEo,+1 925-935-1600,beauty_salon,,,
0b088962-8771-408c-8918-99334f925073,Mr Lucky's,"1527 Locust St, Walnut Creek, CA 94596, USA",,37.9002778,-122.0627778,2026-02-05 03:31:32.920363,/static/business_images/3e383fbc310c4f2caff4e04dca4b6700.jpg,/static/business_images/6a80ed7171b94934a5bc1a8277b400ec.jpg,,4.0,0,Longtime American restaurant & bar serving sandwiches & pub grub alongside draft beers.,False,google_places,,ChIJ04u5NJVhhYARWlI3sJtv8oI,(925) 935-7778,bar,,"Monday: 10:00 AM – 2:00 AM
Tuesday: 10:00 AM – 2:00 AM
Wednesday: 10:00 AM – 2:00 AM
Thursday: 10:00 AM – 2:00 AM
Friday: 10:00 AM – 2:00 AM
Saturday: 10:00 AM – 1:30 AM
Sunday: 10:00 AM – 2:00 AM",
0b75f789-bc19-4a98-915d-71a8e2f34f9b,Sweet Vanilla Bake Shop,"Millfield Pl, Moraga, CA 94556, USA",,37.8133696,-122.11732959999999,2026-07-18 03:53:23.025219,,,,5.0,0,,False,google_places,,ChIJiRctOBuJj4ARRGwMqSGQVd8,,bakery,http://www.sweetvanillabakeshop.com/,,
0b7b9fc4-ff69-4319-bde5-c03a313cf93b,Shabnambeauty,"1607 Oak Park Blvd, Pleasant Hill, CA 94523, USA",,37.9329695,-122.0628338,2026-07-18 03:53:23.024639,,,,5.0,0,,False,google_places,,ChIJ37wE-b1hhYARJhC4SrJkxZk,(510) 776-5049,beauty_salon,,"Monday: 9:30 AM – 5:00 PM
Tuesday: 9:30 AM – 5:00 PM
Wednesday: 9:30 AM – 5:00 PM
Thursday: 9:30 AM – 5:00 PM
Friday: Closed
Saturday: Closed
Sunday: 9:30 AM – 5:00 PM",
0bbb9415-6326-490a-ba5c-1f4a8779094a,NakedMD Med Spa Walnut Creek,"240 La Casa Via #135, Walnut Creek, CA 94598, USA",,37.9092243,-122.037886,2026-07-18 03:53:23.024961,,,,4.9,0,,False,google_places,,ChIJHQOkX2FhhYARkvM-7f5z-k8,(925) 378-3668,spa,https://www.nakedmd.com/pages/med-spa-walnut-creek-ca,"Monday: 9:00 AM – 7:00 PM
Tuesday: 9:00 AM – 7:00 PM
Wednesday: 9:00 AM – 7:00 PM
Thursday: 9:00 AM – 7:00 PM
Friday: 9:00 AM – 6:00 PM
Saturday: 9:00 AM – 6:00 PM
Sunday: Closed",
0be733aa-4430-4247-ac01-405e352c4051,Burma 2,"1616 N Main St, Walnut Creek, CA 94596, USA",,37.9008677,-122.06126850000001,2026-07-18 02:53:28.927183,,,,4.5,0,Classic Burmese dishes & cocktails presented in contemporary surrounds with an open-air patio.,False,google_places,,ChIJySD_2YphhYARvFAmhViCxmA,(925) 261-8580,restaurant,https://www.burma2.com/,"Monday: 11:30 AM – 9:00 PM
Tuesday: 11:30 AM – 9:00 PM
Wednesday: 11:30 AM – 9:00 PM
Thursday: 11:30 AM – 9:00 PM
Friday: 11:30 AM – 10:00 PM
Saturday: 11:30 AM – 10:00 PM
Sunday: 11:30 AM – 9:00 PM",
0c61a5d6-8c45-477e-b624-0be662eb9b84,Habit Burger & Grill,"1255 S California Blvd, Walnut Creek, CA 94596, USA",,37.8952094,-122.0625519,2026-02-05 03:31:32.920148,/static/business_images/5db0ec9c4d5746de8ac33c494a5539e1.jpg,/static/business_images/c3ec0dd79c1648a4b244168910599aa2.jpg,,4.2,0,"Charbroiled burgers star at this fast-food chain also offering deli-type sandwiches, salads & fries.",False,google_places,,ChIJQ9qXJOphhYARWBHSjf9DfMc,+1 925-279-2286,restaurant,,,
0c8cf455-3a2b-4807-b5d7-f78c2e52a9f8,Loosen Up Bodywork & Massage,"1407 Oakland Blvd #100, Walnut Creek, CA 94596, USA",,37.898378199999996,-122.07023120000001,2026-07-17 19:28:30.827577,/static/logos/928e40f3133c4549a7a427d5760a3e4f.jpg,/static/banners/f8c8d395568b4d938ef249e975af8535.jpg,,4.9,0,,False,google_places,,ChIJJwT_l_JhhYARsfnue2x0l5k,(925) 289-9750,spa,https://loosenupbodywork.com/?utm_source=googlemaps&utm_medium=googlemapsprofile&utm_campaign=googlemaps,"Monday: 9:00 AM – 8:00 PM
Tuesday: 9:00 AM – 8:00 PM
Wednesday: 9:00 AM – 8:00 PM
Thursday: 9:00 AM – 8:00 PM
Friday: 8:00 AM – 6:00 PM
Saturday: 8:00 AM – 6:00 PM
Sunday: Closed",
0c90228b-d348-4035-b2f1-99b43d45c437,Cocina Hijole Maria - 'Oh Whateva',"1819 Colfax St, Concord, CA 94520, USA",,37.9768946,-122.031449,2026-07-18 02:53:28.928148,,,,4.7,0,,False,google_places,,ChIJc6skVABnhYARqlvthMTlPkI,(925) 446-6819,mexican_restaurant,https://www.hijolemaria.com/,"Monday: Closed
Tuesday: 11:00 AM – 10:00 PM
Wednesday: 11:00 AM – 10:00 PM
Thursday: 11:00 AM – 10:00 PM
Friday: 11:00 AM – 10:00 PM
Saturday: 11:00 AM – 10:00 PM
Sunday: 11:00 AM – 10:00 PM",
0ccb1f63-967f-4054-8c81-1446282195d0,Dough Zone Dumpling House Walnut Creek,"1320 Locust St, Walnut Creek, CA 94596, USA",,37.897939199999996,-122.0612616,2026-07-17 19:28:30.827833,/static/logos/176c34a6df484b879235e697a0fb90d1.jpg,/static/banners/88046ae7b051403c92e5baab4c3e2cab.jpg,,4.5,0,,False,google_places,,ChIJab96BWNhhYARiqb3jfutCB0,(925) 262-0500,chinese_restaurant,https://www.doughzonedumplinghouse.com/,"Monday: 11:00 AM – 9:00 PM
Tuesday: 11:00 AM – 9:00 PM
Wednesday: 11:00 AM – 9:00 PM
Thursday: 11:00 AM – 9:00 PM
Friday: 11:00 AM – 10:00 PM
Saturday: 11:00 AM – 10:00 PM
Sunday: 11:00 AM – 9:00 PM",
0cfb22c8-54a7-4a7c-89f1-5e24ec00cacd,Dragon's Arch,"1353 Locust St, Walnut Creek, CA 94596, USA",,37.898219399999995,-122.06199169999998,2026-07-17 19:28:30.827847,/static/logos/9d8035a56d8a43708f0a46df9ea7e6af.jpg,/static/banners/78acaf7d587743e68843dbbaecc4e7f9.jpg,,4.3,0,"Upscale Chinese establishment features a variety of traditional dishes in an open, stylish setting.",False,google_places,,ChIJyeDRiOphhYARJwz3SsDSjQw,(925) 926-0278,chinese_restaurant,https://dragonsarch.com/,"Monday: 11:00 AM – 3:00 PM, 4:00 – 8:30 PM
Tuesday: Closed
Wednesday: 11:00 AM – 3:00 PM, 4:00 – 9:00 PM
Thursday: 11:00 AM – 3:00 PM, 4:00 – 9:00 PM
Friday: 11:00 AM – 3:00 PM, 4:00 – 9:00 PM
Saturday: 11:00 AM – 3:00 PM, 4:00 – 9:00 PM
Sunday: 11:00 AM – 3:00 PM, 4:00 – 8:30 PM",
0d0dfa38-8005-4052-9317-6fa7fa2ea1a0,360 Fitness Superstore,"1821 Mt Diablo Blvd, Walnut Creek, CA 94596, USA",,37.897131099999996,-122.06487109999999,2026-07-18 03:53:23.024811,,,,4.0,0,"From free weights to elliptical machines, this outlet carries a variety of fitness gear.",False,google_places,,ChIJr720puthhYAR4_aDUuG2W_0,(925) 933-0100,gym,http://www.360fitnesssuperstore.com/,"Monday: 10:00 AM – 6:00 PM
Tuesday: 10:00 AM – 6:00 PM
Wednesday: 10:00 AM – 6:00 PM
Thursday: 10:00 AM – 6:00 PM
Friday: 10:00 AM – 6:00 PM
Saturday: 10:00 AM – 6:00 PM
Sunday: 11:00 AM – 5:00 PM",
0dab11a3-de7d-442e-9295-1cb2178035f3,Manes Salon,"2341 Boulevard Cir, Walnut Creek, CA 94595, USA",,37.8958024,-122.07265939999999,2026-07-18 03:53:23.024368,,,,4.7,0,,False,google_places,,ChIJy-6Tb7xhhYARLhT-MSKFcNE,(925) 448-2032,hair_care,http://manessalon.com/,"Monday: Closed
Tuesday: 10:00 AM – 7:00 PM
Wednesday: 10:00 AM – 7:00 PM
Thursday: 10:00 AM – 7:00 PM
Friday: 10:00 AM – 7:00 PM
Saturday: 10:00 AM – 7:00 PM
Sunday: Closed",
0db574f2-ef89-4ed5-8994-c7389755d39d,Absolute Salon,"1440 N Main St B, Walnut Creek, CA 94596, USA",,37.8999774,-122.06067630000001,2026-07-18 03:53:23.024553,,,,4.8,0,,False,google_places,,ChIJlS9_uuphhYARtEOBfIdqV5E,(925) 935-5711,hair_care,http://www.absolutesalonhair.com/home.html,"Monday: Closed
Tuesday: 10:00 AM – 3:00 PM
Wednesday: 10:00 AM – 3:00 PM
Thursday: 10:00 AM – 3:00 PM
Friday: 10:00 AM – 3:00 PM
Saturday: 10:00 AM – 3:00 PM
Sunday: Closed",
0dd40e84-833b-4a80-972b-773ecc6dbd19,Suite 2 Salon,"91 Gregory Ln #2, Pleasant Hill, CA 94523, USA",,37.9482365,-122.0619888,2026-07-18 03:53:23.024542,,,,5.0,0,,False,google_places,,ChIJS79ar1BhhYARVQc4mj6tHMw,(925) 285-9378,hair_care,http://suite2salon.com/,"Monday: Closed
Tuesday: 10:00 AM – 7:00 PM
Wednesday: 10:00 AM – 7:00 PM
Thursday: 10:00 AM – 7:00 PM
Friday: Closed
Saturday: 10:00 AM – 5:00 PM
Sunday: Closed",
0feb2db5-2f66-440c-9a3d-fa7cad394be5,Genji Sushi,"1333 Newell Ave, Walnut Creek, CA 94596, USA",,37.892668,-122.05524609999999,2026-07-17 19:28:30.827916,,,,,0,"Straightforward eatery focused on sushi, including cooked rolls & options for vegetarians & vegans.",False,google_places,,ChIJ4328opdhhYARkOFTlOKJ0fg,(925) 274-9700,japanese_restaurant,,"Monday: 8:00 AM – 9:00 PM
Tuesday: 8:00 AM – 9:00 PM
Wednesday: 8:00 AM – 9:00 PM
Thursday: 8:00 AM – 9:00 PM
Friday: 8:00 AM – 9:00 PM
Saturday: 8:00 AM – 9:00 PM
Sunday: 8:00 AM – 9:00 PM",
115da394-b610-40b8-a585-a2755cce7d87,TruFusion Walnut Creek,"1675 Olympic Blvd, Walnut Creek, CA 94596, USA",,37.8957542,-122.06227600000001,2026-07-17 19:28:30.827402,/static/logos/4431edd618a04ff3a0096f940a48ae96.jpg,/static/banners/62a44abb12524c16907162455a170582.jpg,,4.9,0,,False,google_places,,ChIJHaddm6lhhYARPu4qKGChAkM,(925) 476-5539,gym,https://new.trufusion.com/studios/walnut-creek,"Monday: 6:00 AM – 12:30 PM, 4:00 – 8:00 PM
Tuesday: 6:00 AM – 12:30 PM, 4:00 – 7:30 PM
Wednesday: 6:00 AM – 12:30 PM, 4:00 – 7:30 PM
Thursday: 6:00 AM – 12:30 PM, 4:00 – 7:30 PM
Friday: 6:00 AM – 12:30 PM, 4:00 – 6:00 PM
Saturday: 7:30 AM – 2:00 PM
Sunday: 7:45 AM – 6:00 PM",
12017044-fb9c-4cac-bfad-413d7e54f3b5,MENSHO Walnut Creek,"1512 N Main St, Walnut Creek, CA 94596, USA",,37.9002323,-122.0609176,2026-07-17 19:28:30.827923,/static/logos/c21c600dd0974cdba9211ee48b5c91b7.jpg,/static/banners/638c5b951a9047e291acad69e7620712.jpg,,4.8,0,,False,google_places,,ChIJaRcVdwBhhYAR9S-6EIHZNTk,(925) 926-8888,japanese_restaurant,http://mensho.com/menu,"Monday: 12:00 – 9:00 PM
Tuesday: 12:00 – 9:00 PM
Wednesday: 12:00 – 9:00 PM
Thursday: 12:00 – 9:00 PM
Friday: 12:00 – 9:30 PM
Saturday: 12:00 – 9:30 PM
Sunday: 12:00 – 9:30 PM",
13b2f790-afef-4654-8608-21f02bb6fab3,Kyoto Ramen Hawaiian BBQ & Boba,"1029 Arnold Dr, Martinez, CA 94553, USA",,37.996838499999996,-122.10829059999998,2026-07-18 02:53:28.927962,,,,4.4,0,,False,google_places,,ChIJoVFEQL9lhYARtW96xEw-1a8,(925) 372-8888,japanese_restaurant,http://koyotoramen.kwickmenu.com/,"Monday: 10:00 AM – 9:00 PM
Tuesday: 10:00 AM – 9:00 PM
Wednesday: 10:00 AM – 9:00 PM
Thursday: 10:00 AM – 9:00 PM
Friday: 10:00 AM – 9:00 PM
Saturday: 10:00 AM – 9:00 PM
Sunday: 10:00 AM – 9:00 PM",
13cb168b-af2f-42e6-8129-03f62f207d54,Panda Express,"2280 Oak Grove Rd, Walnut Creek, CA 94598, USA",,37.9298753,-122.01523820000001,2026-07-18 02:53:28.927773,,,,4.0,0,"Fast-food chain for Chinese standards, including some health-conscious options.",False,google_places,,ChIJw7UqEV5ghYAR09xThSHsjJo,(925) 939-7833,chinese_restaurant,https://www.pandaexpress.com/locations/ca/walnut-creek/518?utm_source=google_gbp&utm_medium=organic&utm_campaign=websitelink,"Monday: 9:30 AM – 9:00 PM
Tuesday: 9:30 AM – 9:00 PM
Wednesday: 9:30 AM – 9:00 PM
Thursday: 9:30 AM – 9:00 PM
Friday: 9:30 AM – 9:00 PM
Saturday: 10:00 AM – 9:00 PM
Sunday: 10:00 AM – 9:00 PM",
1541dffd-805b-4ead-9452-b3eda762b867,Siam Orchid Traditional Thai Massage,"1535 Olympic Blvd 2nd floor unit a, Walnut Creek, CA 94596, USA",,37.8960528,-122.060775,2026-07-18 03:53:23.024915,,,,5.0,0,,False,google_places,,ChIJVVXhAcJhhYARemwBCiSBrN4,(925) 433-6969,spa,http://www.siamorchidsf.com/,"Monday: 10:00 AM – 9:00 PM
Tuesday: 10:00 AM – 9:00 PM
Wednesday: 10:00 AM – 9:00 PM
Thursday: 10:00 AM – 9:00 PM
Friday: 10:00 AM – 9:00 PM
Saturday: 10:00 AM – 9:00 PM
Sunday: 10:00 AM – 9:00 PM",
1636996c-e2ab-432b-96bc-7f638027d57e,Pacific Catch,"1305 S Main St, Walnut Creek, CA 94596, USA",,37.8943091,-122.05898219999997,2026-07-18 02:53:28.927052,,,,4.4,0,,False,google_places,,ChIJ7eDOWMJhhYARzKD1luJwj7s,(925) 378-7565,restaurant,https://pacificcatch.com/,"Monday: 11:00 AM – 9:00 PM
Tuesday: 11:00 AM – 9:00 PM
Wednesday: 11:00 AM – 9:00 PM
Thursday: 11:00 AM – 9:00 PM
Friday: 11:00 AM – 10:00 PM
Saturday: 11:00 AM – 10:00 PM
Sunday: 11:00 AM – 9:00 PM",
1782c3d6-0625-4618-b230-f88cd2e39336,Prologue Coffee & Tea,"1644 N Broadway, Walnut Creek, CA 94596, USA",,37.9013158,-122.06026279999999,2026-07-18 03:53:23.024152,,,,4.7,0,,False,google_places,,ChIJCfWnT-phhYARWWHVNX4fZ9U,,cafe,https://prologue-coffee.com/,"Monday: 8:00 AM – 4:30 PM
Tuesday: 8:00 AM – 4:30 PM
Wednesday: 8:00 AM – 4:30 PM
Thursday: 8:00 AM – 4:30 PM
Friday: 8:00 AM – 4:30 PM
Saturday: 9:00 AM – 4:30 PM
Sunday: Closed",
178e4c5c-3f3f-4fa8-98c7-71ceef999ef2,Marketplace Cafe at Nordstrom,"1200 Broadway Plaza, Walnut Creek, CA 94596, USA",,37.8974575,-122.058194,2026-07-18 03:53:23.024293,,,,4.0,0,,False,google_places,,ChIJ6xh2gsFhhYARfJnaqj95-jY,(925) 975-5614,cafe,https://www.nordstrom.com/store-details/nordstrom-broadway-plaza-in-walnut-creek?utm_source=google&utm_medium=organic&utm_campaign=food&utm_content=32421&utm_channel=low_nd_seo_local&sp_source=google&sp_campaign=food,"Monday: 11:00 AM – 7:00 PM
Tuesday: 11:00 AM – 7:00 PM
Wednesday: 11:00 AM – 7:00 PM
Thursday: 11:00 AM – 7:00 PM
Friday: 11:00 AM – 7:00 PM
Saturday: 11:00 AM – 7:00 PM
Sunday: 11:00 AM – 5:00 PM",
17de7d91-8227-4276-9d99-0eef54468975,Laser Center of Walnut Creek,"1299 Newell Hill Pl, Walnut Creek, CA 94596, USA",,37.89382750000001,-122.0536538,2026-02-05 03:31:32.920405,/static/business_images/788b37902eec4b3bb13a1d8a48926350.jpg,/static/business_images/df151410f87b49249c9546f8fd50c56a.jpg,,,0,,False,google_places,,ChIJafALyMRhhYARt-GBPASzv10,+1 925-939-4763,hair_care,,,
192801d1-a42c-4a71-b6e3-c875767b8e5a,Sipeos Restaurant & Bar,"126 S Broadway Bld #4, Space #1040, Walnut Creek, CA 94596, USA",,37.8952021,-122.0571034,2026-07-18 02:53:28.926942,,,,4.9,0,,False,google_places,,ChIJY3GauQNhhYARVY_BkeThHR4,(925) 546-2300,restaurant,https://sipeos.com/,"Monday: 11:00 AM – 9:00 PM
Tuesday: 11:00 AM – 9:00 PM
Wednesday: 11:00 AM – 9:00 PM
Thursday: 11:00 AM – 9:00 PM
Friday: 11:00 AM – 9:30 PM
Saturday: 11:00 AM – 9:30 PM
Sunday: 11:00 AM – 9:00 PM",
1937d284-badd-40e0-a608-12ebe2bd0593,Taqueria Mariscos,"1500 Monument Blvd a1, Concord, CA 94520, USA",,37.9527375,-122.04345160000001,2026-07-18 02:53:28.928236,,,,4.5,0,,False,google_places,,ChIJ50Cgd9RghYARFEqzs-yw-qo,(925) 375-1955,mexican_restaurant,http://www.taqueriamariscos.com/,"Monday: 10:00 AM – 9:00 PM
Tuesday: 10:00 AM – 9:00 PM
Wednesday: 10:00 AM – 9:00 PM
Thursday: 10:00 AM – 9:00 PM
Friday: 10:00 AM – 9:00 PM
Saturday: 10:00 AM – 9:00 PM
Sunday: 10:00 AM – 9:00 PM",
197aca94-f662-427b-87d5-a7987c3378c2,Cinemark Century Walnut Creek 14 and XD,"1201 Locust St, Walnut Creek, CA 94596, USA",,37.8964573,-122.0618657,2026-02-05 03:31:32.920104,/static/business_images/a559c98798f741eab558a86b6fac88e6.jpg,/static/business_images/68f72432518a447f98f48d41cc59abce.jpg,,4.4,0,"Chain of movie theaters, some with multiple screens, stadium seats & self-service ticketing kiosks.",False,google_places,,ChIJO8sbDOphhYARVa8Vge9SfdA,+1 925-937-7031,restaurant,,,
19c494c7-c4b7-4f0b-9bfc-21ec5c532bd6,Izakaya An Japanese Restaurant,"3501 Clayton Rd Ste a, Concord, CA 94519, USA",,37.9712104,-122.0123522,2026-07-18 02:53:28.927877,,,,4.5,0,,False,google_places,,ChIJWS1AEjFhhYAR9Gaq0RIp03w,(925) 338-2852,japanese_restaurant,http://izakaya-an.com/,"Monday: Closed
Tuesday: 4:30 – 9:00 PM
Wednesday: 4:30 – 9:00 PM
Thursday: 4:30 – 9:00 PM
Friday: 4:30 – 11:00 PM
Saturday: 1:30 – 11:00 PM
Sunday: 1:30 – 9:00 PM",
1a0d99a4-819b-46e7-b6ee-07efdcb35f20,Slice House by Tony Gemignani,"1500 Mt Diablo Blvd, Walnut Creek, CA 94596, USA",,37.897532999999996,-122.06037699999997,2026-07-17 19:28:30.827739,/static/logos/f919e767018e4ed0b1087dee71aabf2b.jpg,/static/banners/df2d96a90daa4b6f8dc483d703643abf.jpg,,4.4,0,"Casual pizzeria from a World Pizza Champion, offering Italian, Sicilian & Neapolitan slices & pies.",False,google_places,,ChIJ8aHl3MFhhYARQWglxkN5XHo,(925) 448-8077,pizza_restaurant,https://slicehouse.com/walnutcreek/,"Monday: 11:00 AM – 10:00 PM
Tuesday: 11:00 AM – 10:00 PM
Wednesday: 11:00 AM – 10:00 PM
Thursday: 11:00 AM – 10:00 PM
Friday: 11:00 AM – 11:00 PM
Saturday: 11:00 AM – 11:00 PM
Sunday: 11:00 AM – 10:00 PM",
1a558f03-828d-44d0-86f4-51721dcac5c0,Hunan Restaurant,"4804 Clayton Rd, Concord, CA 94521, USA",,37.9598053,-121.97986639999999,2026-07-18 02:53:28.927768,,,,4.5,0,Understated space with simple decor serving up a lengthy menu of Chinese favorites & classic dishes.,False,google_places,,ChIJm7IilTxehYARppbPyEPjwKM,(925) 827-4800,chinese_restaurant,,"Monday: 11:30 AM – 8:30 PM
Tuesday: Closed
Wednesday: 11:30 AM – 8:30 PM
Thursday: 11:30 AM – 8:30 PM
Friday: 11:30 AM – 8:30 PM
Saturday: 12:00 – 8:30 PM
Sunday: 12:00 – 8:30 PM",
1ab1afe1-adb6-4bb4-b83b-39b72440ccfa,Alamo Palace,"120 Alamo Plaza C, Alamo, CA 94507, USA",,37.852633,-122.03511499999999,2026-07-17 19:28:30.827853,/static/logos/8aeac8e383b94c509d423f307c0c75a4.jpg,/static/banners/4c031f57a4494cd58b4568ed8f1acfaf.jpg,,4.3,0,Chinese kitchen offering traditional cuisine & lunch specials in a homey interior.,False,google_places,,ChIJQ5-VKf6Kj4ARd5NDBb_XCTc,(925) 820-1715,chinese_restaurant,http://www.alamopalaceca.com/,"Monday: Closed
Tuesday: 11:00 AM – 9:00 PM
Wednesday: 11:00 AM – 9:00 PM
Thursday: 11:00 AM – 9:00 PM
Friday: 11:00 AM – 9:00 PM
Saturday: 11:00 AM – 9:00 PM
Sunday: 4:00 – 9:00 PM",
1b8d9fdb-e9e5-4a32-a7fd-af68058ef253,Auburn Lounge,"321 Hartz Ave #3336, Danville, CA 94526, USA",,37.8223238,-122.0008074,2026-07-18 02:53:28.927358,,,,4.5,0,Speakeasy-inspired wine bar with cocktails & New American small plates served in elevated environs.,False,google_places,,ChIJB4MyyKmMj4ARRu5DwliL1MU,(925) 984-2947,bar,http://www.auburnlounge.com/,"Monday: 4:00 PM – 12:00 AM
Tuesday: 4:00 PM – 12:00 AM
Wednesday: 4:00 PM – 12:00 AM
Thursday: 2:00 PM – 12:00 AM
Friday: 2:00 PM – 12:00 AM
Saturday: 2:00 PM – 12:00 AM
Sunday: 2:00 PM – 12:00 AM",
1bb658a0-e11f-43ad-bdf2-a5190b5778f7,Coffee Shop,"3160 Danville Blvd j, Alamo, CA 94507, USA",,37.8513868,-122.0328192,2026-02-05 03:31:32.920236,/static/business_images/f62db02987b249b1bd3c265c3aefdada.jpg,/static/business_images/130edec29c874fa298bf3ca3a8cf7dde.jpg,,4.5,0,,False,google_places,,ChIJxbdWBAKLj4ARTJSOetsRMLc,,cafe,,,
1bc559d4-3fc9-4c6b-8245-9f007a0f3f01,Salon Rever,"2925 N Main St, Walnut Creek, CA 94597, USA",,37.926907199999995,-122.06262139999998,2026-07-18 03:53:23.024380,,,,4.7,0,,False,google_places,,ChIJp3RH73JhhYARqbWTqp4qKzk,(925) 938-3328,hair_care,https://reversalon.com/,"Monday: Closed
Tuesday: Closed
Wednesday: 9:00 AM – 6:00 PM
Thursday: 9:00 AM – 6:00 PM
Friday: 9:00 AM – 6:00 PM
Saturday: 9:00 AM – 6:00 PM
Sunday: 9:00 AM – 6:00 PM",
1ce88692-1bf7-4da5-b0bd-065564c1d954,Pleasant Day Family Spa,"1625 Contra Costa Blvd, Pleasant Hill, CA 94523, USA",,37.954515,-122.06085359999999,2026-07-18 03:53:23.025030,,,,4.3,0,,False,google_places,,ChIJdVhu7TVhhYAROCu1fQds60k,(925) 798-8886,spa,http://pleasantdayfamilyspa.com/,"Monday: 9:30 AM – 9:30 PM
Tuesday: 9:30 AM – 9:30 PM
Wednesday: 9:30 AM – 9:30 PM
Thursday: 9:30 AM – 9:30 PM
Friday: 9:30 AM – 9:30 PM
Saturday: 9:30 AM – 9:30 PM
Sunday: 9:30 AM – 9:30 PM",
1cf93b2d-76ca-4346-8207-b0ed35666654,Sola Salons,"1651 Botelho Dr #190, Walnut Creek, CA 94596, USA",,37.8936881,-122.06240050000001,2026-07-17 19:28:30.827588,/static/logos/f6b2150fd21d4d7fae5b907546108e75.jpg,/static/banners/4bf71b059127465e89d797542f5cb47c.jpg,,4.9,0,,False,google_places,,ChIJCR7pyOlhhYARUpIwCwqrtqM,(408) 763-8800,spa,https://www.solasalonstudios.com/locations/walnut-creek?utm_source=gmb&utm_medium=organic,"Monday: 8:00 AM – 8:00 PM
Tuesday: 8:00 AM – 8:00 PM
Wednesday: 8:00 AM – 8:00 PM
Thursday: 8:00 AM – 8:00 PM
Friday: 8:00 AM – 8:00 PM
Saturday: 8:00 AM – 8:00 PM
Sunday: 8:00 AM – 8:00 PM",
1da0e658-1f96-4f40-b12d-b312e43623f2,Ichiko Sushi,"6654 Alhambra Ave, Martinez, CA 94553, USA",,37.9589752,-122.09455839999998,2026-07-18 02:53:28.927939,,,,4.5,0,,False,google_places,,ChIJszzWLhtlhYARBijpVjh85LY,(925) 430-2993,japanese_restaurant,https://ichikosushi.com/,"Monday: 10:00 AM – 8:30 PM
Tuesday: 10:00 AM – 8:30 PM
Wednesday: 10:00 AM – 8:30 PM
Thursday: 10:00 AM – 8:30 PM
Friday: 10:00 AM – 9:00 PM
Saturday: 10:00 AM – 9:00 PM
Sunday: 10:00 AM – 8:30 PM",
1e698bd0-37dd-44ab-84b0-d303b6d409e1,Toyo Sushi,"2865 Ygnacio Valley Rd, Walnut Creek, CA 94598, USA",,37.925605999999995,-122.01675300000001,2026-07-18 02:53:28.927802,,,,4.4,0,Japanese eatery offering an assortment of sushi rolls & other standards in a no-frills setting.,False,google_places,,ChIJe5exb2dghYARitYVwUJQeNM,(925) 947-4886,japanese_restaurant,http://toyosushiwalnutcreek.com/,"Monday: 11:30 AM – 2:30 PM, 5:00 – 9:30 PM
Tuesday: 11:30 AM – 2:30 PM, 5:00 – 9:30 PM
Wednesday: 11:30 AM – 2:30 PM, 5:00 – 9:30 PM
Thursday: 11:30 AM – 2:30 PM, 5:00 – 9:30 PM
Friday: 11:30 AM – 2:30 PM, 5:00 – 9:30 PM
Saturday: 12:00 – 9:30 PM
Sunday: 12:00 – 9:00 PM",
1ecdf001-8ed6-4c78-9dc4-7393fdec99d5,Blendderella,"1528 N Main St Unit 104, Walnut Creek, CA 94596, USA",,37.9005176,-122.0610676,2026-07-18 03:53:23.024513,,,,4.8,0,,False,google_places,,ChIJk7USPVdhhYARrO9BLYxbzp0,(925) 354-4291,hair_care,http://www.blendderella.com/,"Monday: Closed
Tuesday: Closed
Wednesday: 10:00 AM – 7:00 PM
Thursday: 10:00 AM – 7:00 PM
Friday: 10:00 AM – 7:00 PM
Saturday: 10:00 AM – 7:00 PM
Sunday: 10:30 AM – 2:30 PM",
1f03a1cc-4493-46fc-8f1c-a5e6bfa5a1e0,Andaman Thai Walnut Creek,"1560 Newell Ave, Walnut Creek, CA 94596, USA",,37.8930217,-122.0601052,2026-07-17 19:28:30.827953,/static/logos/3113846ff95642aca6996d2f8fb5ff6a.jpg,/static/banners/9d7378d73c3c4438a587823a49ebaf7d.jpg,,4.5,0,,False,google_places,,ChIJXWEE529hhYARUXeYzUTYAJg,(925) 322-8667,thai_restaurant,https://andamankitchen.com/,"Monday: 11:00 AM – 3:00 PM, 4:30 – 9:00 PM
Tuesday: 11:00 AM – 3:00 PM, 4:30 – 9:00 PM
Wednesday: 11:00 AM – 3:00 PM, 4:30 – 9:00 PM
Thursday: 11:00 AM – 3:00 PM, 4:30 – 9:00 PM
Friday: 11:00 AM – 3:00 PM, 4:30 – 9:30 PM
Saturday: 11:00 AM – 9:30 PM
Sunday: 12:00 – 9:00 PM",
1f801354-87ce-4020-85eb-0471dd835d17,Doppio Zero Walnut Creek,"1522 N Main St, Walnut Creek, CA 94596, USA",,37.9003668,-122.06098800000001,2026-07-17 19:28:30.827820,/static/logos/21a37f053100454095236b8b2dc8627d.jpg,/static/banners/5494df79e1f74bce90168cea935a208d.jpg,,4.5,0,,False,google_places,,ChIJC-vHLyBhhYAR2giAdRHZSiA,(925) 546-0180,pizza_restaurant,https://doppiozerogroup.com/doppiozerowalnutcreek?utm_source=google,"Monday: 11:30 AM – 2:30 PM, 4:30 – 10:00 PM
Tuesday: 11:30 AM – 2:30 PM, 4:30 – 10:00 PM
Wednesday: 11:30 AM – 2:30 PM, 4:30 – 10:00 PM
Thursday: 11:30 AM – 2:30 PM, 4:30 – 10:00 PM
Friday: 11:30 AM – 11:00 PM
Saturday: 11:30 AM – 11:00 PM
Sunday: 11:30 AM – 9:30 PM",
1f9580a6-3bc9-418a-b6d2-c5e0cf1d5c54,California Pizza Kitchen at Walnut Creek,"1325 S Main St, Walnut Creek, CA 94596, USA",,37.8939603,-122.0589104,2026-02-05 03:31:32.920112,/static/business_images/50e140926fa74fa3b021eeda59128953.jpg,/static/business_images/f80e10ae4a364b8e985949d35c01bef7.jpg,,4.2,0,"Chain eatery serving up inventive pizzas, plus pastas & salads in a modern setting.",False,google_places,,ChIJgSl7AMNhhYARp4UYNYARqMg,+1 925-938-0720,restaurant,,,
209029c6-989a-4f22-9a89-cb157d99167a,Amazing Hair Extensions by Regina,"1768 N Broadway, Walnut Creek, CA 94596, USA",,37.9036721,-122.0609065,2026-07-18 03:53:23.024420,,,,4.9,0,,False,google_places,,ChIJOd9Zn2Or2YgRleTNXZj71iM,(415) 370-3459,hair_care,https://www.amazinghairbyregina.com/,"Monday: 10:00 AM – 6:00 PM
Tuesday: 10:00 AM – 6:00 PM
Wednesday: 10:00 AM – 6:00 PM
Thursday: 10:00 AM – 6:00 PM
Friday: 10:00 AM – 6:00 PM
Saturday: 10:00 AM – 6:00 PM
Sunday: 10:00 AM – 6:00 PM",
21b7c2c5-1fa1-4a0c-a1ad-40f2c841e597,Tice Creek Fitness Center at Rossmoor,"1751 Tice Creek Dr, Walnut Creek, CA 94595, USA",,37.875698199999995,-122.07633940000001,2026-07-18 03:53:23.024716,,,,4.8,0,,False,google_places,,ChIJmZC8FAeKj4ART7SXAottjfE,(925) 988-7850,gym,http://www.ticefitnesscenter.com/,"Monday: 6:00 AM – 9:00 PM
Tuesday: 6:00 AM – 9:00 PM
Wednesday: 6:00 AM – 9:00 PM
Thursday: 6:00 AM – 9:00 PM
Friday: 6:00 AM – 9:00 PM
Saturday: 6:00 AM – 6:00 PM
Sunday: 6:00 AM – 6:00 PM",
2208c0a2-e9d8-40f1-a01e-78dc0fa8fa9f,The Ultimate Fieldhouse,"2675 Mitchell Dr, Walnut Creek, CA 94598, USA",,37.9286613,-122.0244064,2026-07-18 03:53:23.024750,,,,4.5,0,,False,google_places,,ChIJcTRLQ1hghYARrVeWUqvMQPU,(925) 322-8785,gym,https://ultimatefieldhouse.com/index.html?utm_campaign=gmb,"Monday: 12:00 – 9:00 PM
Tuesday: 12:00 – 9:00 PM
Wednesday: 12:00 – 9:00 PM
Thursday: 12:00 – 9:00 PM
Friday: 12:00 – 9:00 PM
Saturday: 9:00 AM – 9:00 PM
Sunday: 9:00 AM – 8:00 PM",
229cc24d-ce9e-4016-8e80-18013dc86f12,North Italia,"1179 Locust St, Walnut Creek, CA 94596, USA",,37.895757,-122.06170909999997,2026-07-17 19:28:30.827806,/static/logos/69e731faf5d741c7a9154abb2ccddc4c.jpg,/static/banners/739988c152364b719995e20b5872d133.jpg,,3.9,0,,False,google_places,,ChIJ99mL4FhhhYARZTBtL9ofMUo,(925) 441-4615,pizza_restaurant,https://www.northitalia.com/locations/north-italia-walnut-creek-ca/,"Monday: 11:30 AM – 10:00 PM
Tuesday: 11:30 AM – 10:00 PM
Wednesday: 11:30 AM – 10:00 PM
Thursday: 11:30 AM – 10:00 PM
Friday: 11:30 AM – 11:00 PM
Saturday: 10:00 AM – 11:00 PM
Sunday: 10:00 AM – 10:00 PM",
23eeaefe-5861-4e57-b0e4-ea83e8fc1ce9,675 YV Spa,"675 Ygnacio Valley Rd #105, Walnut Creek, CA 94596, USA",,37.9061783,-122.05984619999998,2026-07-18 03:53:23.024937,,,,4.6,0,,False,google_places,,ChIJ1YjNwq1hhYARPTrAJly84OI,(925) 476-5286,spa,,"Monday: 10:00 AM – 9:30 PM
Tuesday: 10:00 AM – 9:30 PM
Wednesday: 10:00 AM – 9:30 PM
Thursday: 10:00 AM – 9:30 PM
Friday: 10:00 AM – 9:30 PM
Saturday: 10:00 AM – 9:30 PM
Sunday: 10:00 AM – 9:30 PM",
24a2a080-bdd7-4795-aee8-de7d793aed4d,Panama Bay Coffee Co,"1499 N California Blvd, Walnut Creek, CA 94596, USA",,37.8990076,-122.0636511,2026-07-18 02:53:28.927206,,,,4.6,0,,False,google_places,,ChIJYYCLVrphhYARMaZjq0QU1c0,(925) 289-4000,cafe,,"Monday: 6:00 AM – 6:00 PM
Tuesday: 6:00 AM – 6:00 PM
Wednesday: 6:00 AM – 6:00 PM
Thursday: 6:00 AM – 6:00 PM
Friday: 6:00 AM – 6:00 PM
Saturday: 7:00 AM – 6:00 PM
Sunday: 7:00 AM – 6:00 PM",
250a0d4c-979c-4800-9d7f-d2251272adbe,Serenity Spa,"44 Golf Club Rd, Pleasant Hill, CA 94523, USA",,37.971894299999995,-122.0656872,2026-07-18 03:53:23.024874,,,,4.5,0,,False,google_places,,ChIJ1ZFAFZdnhYAR8jUrLnYvABU,(925) 988-9788,spa,https://www.serenityspaph.com/?utm_source=google&utm_medium=wix_google_business_profile&utm_campaign=11041065882835364538,"Monday: 9:30 AM – 9:30 PM
Tuesday: 9:30 AM – 9:30 PM
Wednesday: 9:30 AM – 9:30 PM
Thursday: 9:30 AM – 9:30 PM
Friday: 9:30 AM – 9:30 PM
Saturday: 9:30 AM – 9:30 PM
Sunday: 9:30 AM – 9:30 PM",
255e3879-ab72-468a-966f-1e2c8acee29f,Mariachi Mexican Grill,"2054 Treat Blvd B, Walnut Creek, CA 94598, USA",,37.929761299999996,-122.04041699999999,2026-07-18 02:53:28.928136,,,,4.1,0,,False,google_places,,ChIJWdYMmwFhhYARuabo_hRbEpc,(925) 247-1958,mexican_restaurant,https://mariachimexicangrillrestaurantca.com/,"Monday: 9:00 AM – 8:00 PM
Tuesday: 9:00 AM – 8:00 PM
Wednesday: 9:00 AM – 8:00 PM
Thursday: 9:00 AM – 8:00 PM
Friday: 9:00 AM – 8:00 PM
Saturday: 9:00 AM – 7:00 PM
Sunday: Closed",
258d97ce-2f12-44d9-8d10-95b84139dbdf,Marufuku Ramen - Walnut Creek,"1630 Cypress St, Walnut Creek, CA 94596, USA",,37.8989142,-122.06284169999999,2026-07-17 19:28:30.827930,/static/logos/f08b20b3ea9742fcbbea422525c2a5cf.jpg,/static/banners/9530985fc7584ab78802604323adcd63.jpg,,4.8,0,,False,google_places,,ChIJ2wWQXABhhYAR4qx4GYLSEVk,(925) 278-1113,japanese_restaurant,https://www.marufukuramen.com/,"Monday: 11:00 AM – 2:00 PM, 5:00 – 9:00 PM
Tuesday: 11:00 AM – 2:00 PM, 5:00 – 9:00 PM
Wednesday: 11:00 AM – 2:00 PM, 5:00 – 9:00 PM
Thursday: 11:00 AM – 2:00 PM, 5:00 – 9:00 PM
Friday: 11:00 AM – 2:00 PM, 5:00 – 9:00 PM
Saturday: 11:00 AM – 9:00 PM
Sunday: 11:00 AM – 9:00 PM",
261a9a71-dda2-43e4-85a5-f2af5bba13b4,Mona's Burgers & Shakes,"1574 Palos Verdes Mall, Walnut Creek, CA 94597, USA",,37.9247426,-122.08880540000001,2026-07-18 02:53:28.927110,,,,4.3,0,"Popular, modern-rustic spot with sidewalk seats featuring elevated burgers, craft beer & milkshakes.",False,google_places,,ChIJPdtLQ9ljhYAR29Jg5DJz6oI,(925) 278-1415,restaurant,http://www.monasburgers.com/,"Monday: 11:00 AM – 8:30 PM
Tuesday: 11:00 AM – 8:30 PM
Wednesday: 11:00 AM – 8:30 PM
Thursday: 11:00 AM – 8:30 PM
Friday: 11:00 AM – 9:30 PM
Saturday: 11:00 AM – 9:30 PM
Sunday: 11:00 AM – 8:30 PM",
2638b6ea-4f9e-4e45-8b55-d97330a21d05,Plus One Spa,"1860 Tice Valley Blvd, Walnut Creek, CA 94595, USA",,37.880079099999996,-122.0751521,2026-07-18 03:53:23.024966,,,,4.5,0,,False,google_places,,ChIJsaZRBv1hhYARZ09qbTmctfc,(808) 461-8045,spa,http://www.plusonespa.net/,"Monday: 10:00 AM – 8:30 PM
Tuesday: 10:00 AM – 8:30 PM
Wednesday: 10:00 AM – 8:30 PM
Thursday: 10:00 AM – 8:30 PM
Friday: 10:00 AM – 8:30 PM
Saturday: 10:00 AM – 8:30 PM
Sunday: 10:00 AM – 8:30 PM",
274c6824-c658-4326-b0ba-0659cecdd012,Orangetheory Fitness,"1531 Locust St, Walnut Creek, CA 94596, USA",,37.900272099999995,-122.0627747,2026-07-17 19:28:30.827458,/static/logos/0154d210ac7b4990a59f9f42c30508c1.jpg,/static/banners/7adfbd54f02a4195b02bf2780fd942eb.jpg,,4.9,0,,False,google_places,,ChIJ532HNJVhhYARm5HkduzXHsM,(925) 278-6313,gym,https://www.orangetheory.com/en-us/locations/walnut-creek-california-0356?utm_medium=seo&utm_source=gg&utm_term=corporate&utm_campaign=soci,"Monday: 4:30 AM – 8:00 PM
Tuesday: 4:30 AM – 8:00 PM
Wednesday: 4:30 AM – 8:00 PM
Thursday: 4:30 AM – 8:00 PM
Friday: 4:30 AM – 7:00 PM
Saturday: 7:00 AM – 12:00 PM
Sunday: 7:45 AM – 1:00 PM",
283fdf5c-5d0e-4838-ad52-c12c387424c8,Taqueria La Plaza,"1510 Palos Verdes Mall, Walnut Creek, CA 94597, USA",,37.925154899999995,-122.0869151,2026-07-18 02:53:28.928073,,,,4.6,0,,False,google_places,,ChIJO7a-CZpjhYARKEkNWIx_80E,(925) 476-5330,mexican_restaurant,https://taquerialaplazago.twupro.com/,"Monday: 9:30 AM – 8:30 PM
Tuesday: Closed
Wednesday: 9:30 AM – 8:30 PM
Thursday: 9:30 AM – 8:30 PM
Friday: 9:30 AM – 8:30 PM
Saturday: 9:30 AM – 8:30 PM
Sunday: 9:30 AM – 8:30 PM",
28adb4f1-7ad6-4bd3-a1c9-d8f86c0e79ff,The Studio - Salon & Blow Dry Bar,"1683 N California Blvd, Walnut Creek, CA 94596, USA",,37.9023393,-122.06505179999999,2026-07-18 03:53:23.024426,,,,4.3,0,,False,google_places,,ChIJkViZ95RhhYAREI2mcmT7xNY,(925) 939-1639,hair_care,https://bdbstudio.com/,"Monday: 8:00 AM – 4:00 PM
Tuesday: 8:00 AM – 7:00 PM
Wednesday: 8:00 AM – 7:00 PM
Thursday: 8:00 AM – 7:00 PM
Friday: 8:00 AM – 7:00 PM
Saturday: 8:00 AM – 7:00 PM
Sunday: 9:00 AM – 5:00 PM",
28afed6a-4b87-4a19-a152-77441b5fb502,Limón Salon,"1511 Locust St, Walnut Creek, CA 94596, USA",,37.8999216,-122.062716,2026-07-18 02:53:28.927430,,,,4.9,0,,False,google_places,,ChIJ7ZrfH4phhYAROPrgkorouXU,(925) 476-5227,hair_care,https://limonsalon.com/,"Monday: 10:00 AM – 6:00 PM
Tuesday: 10:00 AM – 6:00 PM
Wednesday: 8:00 AM – 8:00 PM
Thursday: 8:00 AM – 8:00 PM
Friday: 8:00 AM – 8:00 PM
Saturday: 9:00 AM – 5:00 PM
Sunday: 9:00 AM – 5:00 PM",
2936a936-7f7c-4ee5-b219-b28b8b49a02d,Taqueria Pleasant Hill,"1675 Contra Costa Blvd, Pleasant Hill, CA 94523, USA",,37.9538563,-122.06086110000001,2026-07-18 02:53:28.928179,,,,4.3,0,,False,google_places,,ChIJQyKwWulhhYARxSYg0tsPvyc,(925) 349-9341,mexican_restaurant,https://www.taqueriapleasanthill.com/,"Monday: 9:00 AM – 10:00 PM
Tuesday: 9:00 AM – 10:00 PM
Wednesday: 9:00 AM – 10:00 PM
Thursday: 9:00 AM – 10:00 PM
Friday: 9:00 AM – 10:00 PM
Saturday: 9:00 AM – 10:00 PM
Sunday: 9:00 AM – 9:00 PM",
2938d9ad-53f3-4367-9d0e-f775bc297690,Buttercup,"660 Ygnacio Valley Rd, Walnut Creek, CA 94596, USA",,37.9068469,-122.05992429999999,2026-07-18 02:53:28.927127,,,,4.3,0,"Local, family-owned chain serving American fare from omelets to steak in a homey setting.",False,google_places,,ChIJf9O7671hhYARNWZQ0gGpuII,(925) 932-2763,restaurant,http://www.buttercupdiner.com/,"Monday: 7:00 AM – 9:00 PM
Tuesday: 7:00 AM – 9:00 PM
Wednesday: 7:00 AM – 9:00 PM
Thursday: 7:00 AM – 9:00 PM
Friday: 7:00 AM – 9:00 PM
Saturday: 7:00 AM – 9:00 PM
Sunday: 7:00 AM – 9:00 PM",
2986c117-114b-4516-853c-8d7e907b0907,Maymay's Cravings Asian Snack Bar,"1349 Locust St Ste A, Walnut Creek, CA 94596, USA",,37.8981715,-122.0620043,2026-07-18 02:53:28.927721,,,,4.5,0,,False,google_places,,ChIJi8jrWTNhhYARbt5KvN1Muss,(925) 334-6906,chinese_restaurant,https://www.maymayscravings.com/,"Monday: 12:00 – 7:30 PM
Tuesday: 12:00 – 7:30 PM
Wednesday: 12:00 – 9:00 PM
Thursday: 12:00 – 9:00 PM
Friday: 12:00 – 9:00 PM
Saturday: 12:00 – 9:00 PM
Sunday: 12:00 – 7:30 PM",
2a0cc204-ed76-4e0a-af71-2d1752d8acbf,YogaSix Walnut Creek,"1500 N California Blvd Ste 1510A, Walnut Creek, CA 94596, USA",,37.8999502,-122.0635279,2026-07-17 19:28:30.827450,/static/logos/fde914f060f84addbdc2ebcdfaf3283a.jpg,/static/banners/fa9e88e0b39445578301b3379a3ea889.jpg,,4.6,0,,False,google_places,,ChIJXzlkgbNhhYARW1UQCed1dug,(925) 948-8872,gym,http://www.yogasix.com/walnut-creek,"Monday: 6:00 AM – 9:00 PM
Tuesday: 6:00 AM – 9:00 PM
Wednesday: 6:00 AM – 9:00 PM
Thursday: 6:00 AM – 9:00 PM
Friday: 6:00 AM – 9:00 PM
Saturday: 8:00 AM – 2:00 PM
Sunday: 8:00 AM – 2:00 PM",
2a33d72d-c770-48a1-b853-903d51e3e789,Fizz Walnut Creek,"1652 Bonanza St, Walnut Creek, CA 94596, USA",,37.8995503,-122.06309429999997,2026-07-18 02:53:28.927235,,,,4.6,0,,False,google_places,,ChIJr_DEz-phhYAR_NwoM-iBU-8,(925) 884-3499,bar,https://www.fizzwalnutcreek.com/,"Monday: Closed
Tuesday: 3:00 – 9:00 PM
Wednesday: 3:00 – 9:00 PM
Thursday: 3:00 – 9:00 PM
Friday: 12:00 – 10:00 PM
Saturday: 12:00 – 10:00 PM
Sunday: 12:00 – 6:00 PM",
2b26d56f-6ce3-4f26-a626-59cb055fd87b,Capybara Hair Lounge,"1820 Tice Valley Blvd, Walnut Creek, CA 94595, USA",,37.880472499999996,-122.0751533,2026-07-18 02:53:28.927413,,,,4.9,0,,False,google_places,,ChIJz7Po__t9hYAR7I8tm-FNi44,(510) 800-6901,hair_care,http://www.capybarahairlounge.com/,"Monday: 9:00 AM – 8:00 PM
Tuesday: 9:00 AM – 8:00 PM
Wednesday: 9:00 AM – 8:00 PM
Thursday: 9:00 AM – 8:00 PM
Friday: 9:00 AM – 8:00 PM
Saturday: 9:00 AM – 8:00 PM
Sunday: 9:00 AM – 8:00 PM",
2b5da5ac-36e3-422f-a22b-13fe01935808,Bondadoso Coffee and Tea Collective,"2195 N Broadway, Walnut Creek, CA 94596, USA",,37.910099699999996,-122.062557,2026-07-18 03:53:23.024171,,,,4.5,0,,False,google_places,,ChIJ-W48IphhhYARxQVhz88DrB4,(925) 448-8282,cafe,http://www.bondadoso.com/,"Monday: 6:00 AM – 7:00 PM
Tuesday: 6:00 AM – 7:00 PM
Wednesday: 6:00 AM – 7:00 PM
Thursday: 6:00 AM – 7:00 PM
Friday: 6:00 AM – 7:00 PM
Saturday: 7:00 AM – 7:00 PM
Sunday: 7:00 AM – 7:00 PM",
2c30b893-355b-4bd7-bee1-f3d1631c73f6,Woof Gang Bakery & Grooming Walnut Creek,"1865 Ygnacio Valley Rd, Walnut Creek, CA 94598, USA",,37.918373,-122.03643179999999,2026-07-18 03:53:23.025179,,,,4.9,0,,False,google_places,,ChIJyXLvkO9hhYARQc1je-tEHMw,(925) 430-6277,bakery,https://woofgangbakery.com/walnutcreekca,"Monday: 9:00 AM – 5:00 PM
Tuesday: 9:00 AM – 5:00 PM
Wednesday: 9:00 AM – 5:00 PM
Thursday: 9:00 AM – 5:00 PM
Friday: 9:00 AM – 5:00 PM
Saturday: 9:00 AM – 5:00 PM
Sunday: 9:00 AM – 4:00 PM",
2ca6a205-61fd-4bfc-a48e-ce8b1404b248,Le Jardin Salon,"1603 Oak Park Blvd, Pleasant Hill, CA 94523, USA",,37.932719999999996,-122.06267589999999,2026-07-18 03:53:23.024468,,,,4.8,0,,False,google_places,,ChIJefCKomxhhYARtmrH4rjQsCc,(925) 935-4247,hair_care,https://www.lejardinsalon.com/,"Monday: Closed
Tuesday: 9:00 AM – 7:00 PM
Wednesday: 9:00 AM – 7:00 PM
Thursday: 9:00 AM – 7:00 PM
Friday: 9:00 AM – 5:00 PM
Saturday: 9:00 AM – 5:00 PM
Sunday: Closed",
2ce4313d-5c72-494d-b40f-0c4700e8e0c9,The Dragon,"3491 Clayton Rd, Concord, CA 94519, USA",,37.9714456,-122.01323909999999,2026-07-18 02:53:28.927386,,,,4.7,0,,False,google_places,,ChIJ7eN-__5hhYARRkAOTNJLUAw,(925) 483-2873,bar,https://www.doordash.com/store/the-dragon-concord-32406647/49818946/?cursor=eyJzZWFyY2hfaXRlbV9jYXJvdXNlbF9jdXJzb3IiOnsicXVlcnkiOiJ0aGUgZHJhZ29uIGRpdmUgYmFyIiwiaXRlbV9pZHMiOltdLCJzZWFyY2hfdGVybSI6InRoZSBkcmFnb24gZHJpdmUgYmFyIiwidmVydGljYWxfaWQiOi05OTksInZlcnRpY2FsX25hbWUiOiJhbGwiLCJxdWVyeV9pbnRlbnQiOiJTVE9SRV9SWCJ9LCJzdG9yZV9wcmltYXJ5X3ZlcnRpY2FsX2lkcyI6WzEsNCwxMDAzMzNdfQ==&pickup=false,"Monday: 10:00 AM – 11:00 PM
Tuesday: 10:00 AM – 10:00 PM
Wednesday: 10:00 AM – 11:00 PM
Thursday: 10:00 AM – 11:00 PM
Friday: 10:00 AM – 1:30 AM
Saturday: 10:00 AM – 1:30 AM
Sunday: 10:00 AM – 12:00 AM",
2dc81492-120e-4bd3-9fb3-c4b59aeec7e2,STEM SALON Walnut Creek,"1698 Bonanza St, Walnut Creek, CA 94596, USA",,37.8994928,-122.0633245,2026-07-18 02:53:28.927401,,,,4.9,0,,False,google_places,,ChIJ41ilY-phhYARAXH8fe7D7ag,(925) 933-7836,hair_care,http://www.stemsalon.com/,"Monday: 9:00 AM – 6:00 PM
Tuesday: 9:00 AM – 7:00 PM
Wednesday: 9:00 AM – 7:00 PM
Thursday: 9:00 AM – 7:00 PM
Friday: 9:00 AM – 7:00 PM
Saturday: 9:00 AM – 5:00 PM
Sunday: Closed",
2e43b89a-8c34-4d49-9148-1ea4131bfd08,Barranco Cocina Peruana,"3596 Mount Diablo Blvd, Lafayette, CA 94549, USA",,37.8917155,-122.12291760000001,2026-07-18 02:53:28.928253,,,,4.3,0,"Expansive, industrial-cool outpost with an outdoor patio serving seafood, ceviche & Peruvian eats.",False,google_places,,ChIJ7Q7aqFBihYARbarQyNzpmIE,(925) 298-5668,mexican_restaurant,http://www.barrancokitchen.com/,"Monday: Closed
Tuesday: 4:00 – 9:00 PM
Wednesday: 4:00 – 9:00 PM
Thursday: 4:00 – 9:00 PM
Friday: 10:00 AM – 10:00 PM
Saturday: 10:00 AM – 10:00 PM
Sunday: 10:00 AM – 9:00 PM",
2eaceb4e-909d-407f-a8b6-a8720d3a0503,Sunrise Bistro And Catering,"1559 Botelho Dr, Walnut Creek, CA 94596, USA",,37.89445319999999,-122.0608627,2026-02-05 03:31:32.920169,/static/business_images/e373c4eecea640ba842d685dbeeea065.jpg,/static/business_images/78c6e441e6d440d1a638897b448565b5.jpg,,4.6,0,"Inviting all-day eatery serving up sustainable American eats, from breakfast burritos to burgers.",False,google_places,,ChIJ9cvgP8JhhYARuXxemRtk7lo,(925) 940-5567,restaurant,http://sunrisebistrocatering.com/,"Monday: 7:00 AM – 3:00 PM
Tuesday: 7:00 AM – 3:00 PM
Wednesday: 7:00 AM – 3:00 PM
Thursday: 7:00 AM – 3:00 PM
Friday: 7:00 AM – 3:00 PM
Saturday: 7:00 AM – 3:00 PM
Sunday: 7:00 AM – 3:00 PM",
2eadd5a5-f908-43bf-99ec-e1d476cd961a,The Hangout - Walnut Creek,"1908 Tice Valley Blvd A, Walnut Creek, CA 94595, USA",,37.8784174,-122.074057,2026-02-05 03:31:32.920371,/static/business_images/95272dc4377749ae9d99fc4d0f9e580c.jpg,/static/business_images/220a40de53894cc7a2ad1a0f15687104.jpg,,4.5,0,,False,google_places,,ChIJXzgdzT5hhYARlCP0J3wzqJo,(925) 546-3122,bar,https://www.thehangoutbreakfast.com/,"Monday: 8:00 AM – 2:30 PM
Tuesday: 8:00 AM – 2:30 PM
Wednesday: 8:00 AM – 2:30 PM
Thursday: 8:00 AM – 2:30 PM
Friday: 8:00 AM – 2:30 PM
Saturday: 8:00 AM – 3:00 PM
Sunday: 8:00 AM – 3:00 PM",
2efe3166-1533-49a7-a5cd-4dc43ffae7b6,Montesacro - Walnut Creek,"1686 Locust St, Walnut Creek, CA 94596, USA",,37.901899,-122.06301789999999,2026-07-18 02:53:28.926975,,,,4.5,0,,False,google_places,,ChIJ__JMcadhhYARC3pC6q_0Kd4,(925) 476-5844,restaurant,https://www.montesacro.com/,"Monday: Closed
Tuesday: 11:30 AM – 9:00 PM
Wednesday: 11:30 AM – 9:00 PM
Thursday: 11:30 AM – 9:00 PM
Friday: 11:30 AM – 10:00 PM
Saturday: 11:30 AM – 10:00 PM
Sunday: 11:30 AM – 9:00 PM",
2f71496f-9bc3-4640-9208-adf8442970f3,Glamor Salon Spa,"2989 N Main St, Walnut Creek, CA 94597, USA",,37.9283694,-122.06203049999999,2026-07-18 03:53:23.024616,,,,4.6,0,,False,google_places,,ChIJkXxUo3JhhYARZ-6_8F1cFXQ,(925) 287-9785,beauty_salon,https://cixy.top/glamor-salon-spa,"Monday: 9:30 AM – 7:00 PM
Tuesday: 9:30 AM – 7:00 PM
Wednesday: 9:30 AM – 7:00 PM
Thursday: 9:30 AM – 7:00 PM
Friday: 9:30 AM – 7:00 PM
Saturday: 9:30 AM – 7:00 PM
Sunday: 10:00 AM – 6:00 PM",
3003a9db-5ae7-412c-8fb2-76721a1615f8,Sushi Momoyama,"1800 Monument Blvd, Concord, CA 94520, USA",,37.955002799999995,-122.04033889999998,2026-07-18 02:53:28.927934,,,,4.5,0,Busy sushi bar offering a wide menu of rolls & nigiri selections & free miso soup with order.,False,google_places,,ChIJS8Y0ZShhhYARFl2pMWFiE0g,(925) 686-1888,japanese_restaurant,https://momoyamasushi.menu11.com/,"Monday: 11:30 AM – 2:30 PM, 5:00 – 9:00 PM
Tuesday: 11:30 AM – 2:30 PM, 5:00 – 9:00 PM
Wednesday: 11:30 AM – 2:30 PM, 5:00 – 9:00 PM
Thursday: 11:30 AM – 2:30 PM, 5:00 – 9:00 PM
Friday: 11:30 AM – 2:30 PM, 5:00 – 9:00 PM
Saturday: 12:00 – 3:00 PM, 5:00 – 9:00 PM
Sunday: 12:00 – 3:00 PM, 5:00 – 9:00 PM",
309b7e0d-ab53-4b5a-a8a8-8a4bd11d76ec,beem® Light Sauna Walnut Creek,"171 Pringle Ave, Walnut Creek, CA 94596, USA",,37.9076568,-122.067025,2026-07-18 03:53:23.024903,,,,5.0,0,,False,google_places,,ChIJXSqNwyxhhYAR7XIF-c9a7lQ,(925) 322-2142,spa,https://beemlightsauna.com/location/walnut-creek,"Monday: 7:00 AM – 7:00 PM
Tuesday: 7:00 AM – 7:00 PM
Wednesday: 7:00 AM – 7:00 PM
Thursday: 7:00 AM – 7:00 PM
Friday: 7:00 AM – 7:00 PM
Saturday: 7:00 AM – 7:00 PM
Sunday: 7:00 AM – 7:00 PM",
30cb5a65-9591-419a-98da-f61845c92375,MOD Pizza,"2353 Oak Grove Rd, Walnut Creek, CA 94598, USA",,37.928092,-122.01585050000001,2026-07-18 02:53:28.927591,,,,4.4,0,"Counter-serve, industrial-chic chain restaurant known for build-your-own pizzas.",False,google_places,,ChIJ47xAEF5ghYARhjoQfxc1Fl4,(925) 378-6435,pizza_restaurant,https://locations.modpizza.com/usa/ca/walnut-creek/2353-oak-grove-rd?utm_source=google&utm_medium=yext,"Monday: 10:30 AM – 10:00 PM
Tuesday: 10:30 AM – 10:00 PM
Wednesday: 10:30 AM – 10:00 PM
Thursday: 10:30 AM – 11:00 PM
Friday: 10:30 AM – 11:00 PM
Saturday: 10:30 AM – 11:00 PM
Sunday: 10:30 AM – 10:00 PM",
315b2eee-1b18-4459-bab9-eca166dfe1ae,Safeway,"2800 Ygnacio Valley Rd, Walnut Creek, CA 94598, USA",,37.927248399999996,-122.01854829999999,2026-07-18 03:53:23.025225,,,,4.4,0,"Longtime supermarket chain carrying brand-name & house-label groceries, plus a deli, bakery & more.",False,google_places,,ChIJ40s1z11ghYAR61wCDBhfcww,(925) 948-2283,bakery,https://local.safeway.com/safeway/ca/walnut-creek/2800-ygnacio-valley-rd.html,"Monday: 5:00 AM – 2:00 AM
Tuesday: 5:00 AM – 2:00 AM
Wednesday: 5:00 AM – 2:00 AM
Thursday: 5:00 AM – 2:00 AM
Friday: 5:00 AM – 2:00 AM
Saturday: 5:00 AM – 2:00 AM
Sunday: 5:00 AM – 2:00 AM",
31b8a054-06ba-439a-8446-c42304eeeb15,Square Pie Guys,"1991 N California Blvd, Walnut Creek, CA 94596, USA",,37.9074278,-122.0666016,2026-07-18 02:53:28.927082,,,,4.4,0,,False,google_places,,ChIJ40MwmVNhhYAR88hBTA1NW_g,(925) 378-5862,restaurant,http://squarepieguys.com/,"Monday: 11:30 AM – 9:00 PM
Tuesday: 11:30 AM – 9:00 PM
Wednesday: 11:30 AM – 9:00 PM
Thursday: 11:30 AM – 9:00 PM
Friday: 11:30 AM – 9:00 PM
Saturday: 11:30 AM – 9:00 PM
Sunday: 11:30 AM – 9:00 PM",
31c695b8-0680-4ff9-9f7f-50fc2d60c0d5,Oak Road Cafe,"2999 Oak Rd Ste 130, Walnut Creek, CA 94597, USA",,37.9278957,-122.05798279999998,2026-07-18 03:53:23.024281,,,,4.8,0,,False,google_places,,ChIJS1YQEOxhhYARm4d6-WLcFmk,(925) 476-5870,cafe,http://www.oakroadcafe.com/,"Monday: 7:30 AM – 3:00 PM
Tuesday: 7:30 AM – 3:00 PM
Wednesday: 7:30 AM – 3:00 PM
Thursday: 7:30 AM – 3:00 PM
Friday: 7:30 AM – 3:00 PM
Saturday: Closed
Sunday: Closed",
32c5be53-fb26-4bc8-954d-082cec208bee,JETSET Pilates - Walnut Creek,"1357 S Main St, Walnut Creek, CA 94596, USA",,37.8936195,-122.058804,2026-07-18 03:53:23.024787,,,,,0,,False,google_places,,ChIJPYVo07VhhYARtDC1AVS9gZc,,gym,https://jetsetpilates.com/ca/walnut-creek/,,
32e3f456-7010-4590-bd8a-759d9b4d4fc1,NOBUYA SUSHI & IZAKAYA,"1428 Contra Costa Blvd, Pleasant Hill, CA 94523, USA",,37.957498099999995,-122.060395,2026-07-18 02:53:28.927791,,,,4.7,0,,False,google_places,,ChIJwfZWFahhhYAR2Y7Um97aXLg,(925) 822-3261,japanese_restaurant,https://nobuyasushi.menu11.com/,"Monday: 11:30 AM – 3:00 PM, 5:00 – 10:15 PM
Tuesday: 11:30 AM – 3:00 PM, 5:00 – 10:15 PM
Wednesday: 11:30 AM – 3:00 PM, 5:00 – 10:15 PM
Thursday: 11:30 AM – 3:00 PM, 5:00 – 10:15 PM
Friday: 11:30 AM – 3:00 PM, 5:00 – 11:30 PM
Saturday: 11:30 AM – 3:00 PM, 5:00 – 11:30 PM
Sunday: Closed",
34871b33-4ab0-4b54-9ba3-36ddd73f8eb7,Beyond Health & Fitness Studio,"675 Ygnacio Valley Rd #B-107, Walnut Creek, CA 94596, USA",,37.906178,-122.059846,2026-07-18 03:53:23.024711,,,,5.0,0,,False,google_places,,ChIJswBK5L1hhYARHoOLpN2HPM0,,gym,https://beyondhealthandfitness.com/,"Monday: 5:00 AM – 9:00 PM
Tuesday: 5:00 AM – 9:00 PM
Wednesday: 5:00 AM – 9:00 PM
Thursday: 5:00 AM – 9:00 PM
Friday: 5:00 AM – 9:00 PM
Saturday: 6:00 AM – 12:00 PM
Sunday: Closed",
34b7358e-fef4-4cc3-aa32-ed8f12a6f41a,THE HAIR EXTENSIONS EXPERT,"225 Alamo Plaza suite a, Alamo, CA 94507, USA",,37.8507144,-122.0337934,2026-02-05 03:31:32.920461,/static/business_images/05187e4b28854b04be5a4f6a0814c872.jpg,/static/business_images/62d4efeca71d4d71a3b78fb310f78e83.jpg,,4.7,0,,False,google_places,,ChIJEdGJjp6AhYARKZrfco02bCg,+1 925-200-8197,hair_care,,,
352ca495-4541-4df1-a20e-03b7145f68eb,Nama Sushi & Teriyaki,"1502 Sunnyvale Ave, Walnut Creek, CA 94597, USA",,37.9288847,-122.061837,2026-07-18 02:53:28.927796,,,,4.3,0,Bustling Japanese dining spot featuring an L-shaped sushi bar & creative rolls in a casual setting.,False,google_places,,ChIJN_JkpnJhhYARxs-IHYDx4y8,(925) 932-9540,japanese_restaurant,http://namasushiwc.com/,"Monday: 11:30 AM – 2:30 PM, 4:30 – 9:00 PM
Tuesday: 4:30 – 9:00 PM
Wednesday: 11:30 AM – 2:30 PM, 4:30 – 9:00 PM
Thursday: 11:30 AM – 2:30 PM, 4:30 – 9:00 PM
Friday: 11:30 AM – 2:30 PM, 4:30 – 9:00 PM
Saturday: 11:30 AM – 2:30 PM, 4:30 – 9:00 PM
Sunday: 11:30 AM – 2:30 PM, 4:30 – 9:00 PM",
355342dd-83af-4cb1-83f1-53ff6898e76a,Limón,"1524 Locust St, Walnut Creek, CA 94596, USA",,37.9001029,-122.0623484,2026-07-18 02:53:28.927046,,,,4.4,0,"Rotisserie chicken highlights the modern Peruvian menu at this casual, lively eatery.",False,google_places,,ChIJKQaitephhYARM8PQSddo1Ys,(925) 378-3816,restaurant,http://www.limonrestaurants.com/?y_source=1_MTk4MDQ4MzAtNzE1LWxvY2F0aW9uLndlYnNpdGU%3D,"Monday: 11:30 AM – 9:30 PM
Tuesday: 11:30 AM – 9:30 PM
Wednesday: 11:30 AM – 9:30 PM
Thursday: 11:30 AM – 9:30 PM
Friday: 11:30 AM – 10:30 PM
Saturday: 11:30 AM – 10:30 PM
Sunday: 11:30 AM – 9:30 PM",
35e5737e-832e-4262-8f37-f9e16f46454e,Vanda Thai,"1250 Newell Ave J, Walnut Creek, CA 94596, USA",,37.8940347,-122.0541806,2026-07-17 19:28:30.827960,/static/logos/1a49bf3f9f2d4202ae67cb1c4bbd30d5.jpg,/static/banners/825904d41be944489fc98ae62c25733f.jpg,,4.4,0,"Modest stop for Thai cooking including curries, noodles & vegetarian dishes, plus takeout.",False,google_places,,ChIJbVtNucRhhYARTFv0GQmFAO8,(925) 935-9335,thai_restaurant,http://vandathai.co/,"Monday: 11:00 AM – 2:30 PM, 4:30 – 8:30 PM
Tuesday: 11:00 AM – 2:30 PM, 4:30 – 8:30 PM
Wednesday: 11:00 AM – 2:30 PM, 4:30 – 8:30 PM
Thursday: 11:00 AM – 2:30 PM, 4:30 – 8:30 PM
Friday: 11:00 AM – 2:30 PM, 4:30 – 8:30 PM
Saturday: 11:00 AM – 2:30 PM, 4:30 – 8:30 PM
Sunday: 4:30 – 8:30 PM",
36073b4a-b51c-4404-8474-145b6d22bc4d,Olympic Spa,"1147 Alpine Rd, Walnut Creek, CA 94596, USA",,37.8966384,-122.06710299999999,2026-07-17 19:28:30.827554,/static/logos/99ed4d0a30d0403fa0590285187b7a80.jpg,/static/banners/31277ceae6ab4a0fb98218bfd4d0e0ab.jpg,,4.8,0,,False,google_places,,ChIJO91e_8FhhYAR15VhgoEyXbI,(925) 256-7648,spa,,"Monday: 10:00 AM – 10:00 PM
Tuesday: 10:00 AM – 10:00 PM
Wednesday: 10:00 AM – 10:00 PM
Thursday: 10:00 AM – 10:00 PM
Friday: 10:00 AM – 10:00 PM
Saturday: 10:00 AM – 10:00 PM
Sunday: 10:00 AM – 10:00 PM",
36503ff2-b56b-42eb-a896-d7d36bda25f8,The Loft Hookah Cafe,"1149 Alpine Rd ste B, Walnut Creek, CA 94596, USA",,37.8965028,-122.06691199999999,2026-07-18 03:53:23.024246,,,,,0,,False,google_places,,ChIJadGq00JhhYARGoYWUsZb470,(925) 995-8655,cafe,http://www.thelofthookahcafe.com/,"Monday: Closed
Tuesday: Closed
Wednesday: Closed
Thursday: 12:00 PM – 12:00 AM
Friday: 8:00 PM – 1:00 AM
Saturday: 8:00 PM – 1:00 AM
Sunday: 12:00 – 9:00 PM",
3698a875-aca9-4140-bb29-3402fd0c7baf,Encore Medspa,"1160 Alpine Rd, Walnut Creek, CA 94596, USA",,37.8964291,-122.0663721,2026-07-18 03:53:23.024978,,,,4.6,0,,False,google_places,,ChIJQTO-58FhhYAR9QTO9iVuRiQ,(925) 932-1843,spa,http://www.encoremdspa.com/,"Monday: Closed
Tuesday: 10:00 AM – 6:00 PM
Wednesday: 10:00 AM – 6:00 PM
Thursday: 10:00 AM – 6:00 PM
Friday: 10:00 AM – 6:00 PM
Saturday: 10:00 AM – 2:00 PM
Sunday: Closed",
36dfb5c3-27f2-4f6b-8cc5-a3547d6ab57c,Hair Style on Point by Pam,"1540 Newell Ave, Walnut Creek, CA 94596, USA",,37.893422799999996,-122.05957769999998,2026-07-18 03:53:23.024547,,,,5.0,0,,False,google_places,,ChIJz25g60VhhYARML20MZiDFBA,(925) 325-7203,hair_care,,"Monday: 9:00 AM – 6:00 PM
Tuesday: 9:00 AM – 6:00 PM
Wednesday: Closed
Thursday: Closed
Friday: 9:00 AM – 6:00 PM
Saturday: 9:00 AM – 5:00 PM
Sunday: 9:00 AM – 6:00 PM",
37e40421-93aa-423f-b438-1cd23341b0a9,Rooted Coffee Co,"1321 Locust St, Walnut Creek, CA 94596, USA",,37.8977402,-122.06179429999997,2026-07-18 02:53:28.927189,,,,4.6,0,,False,google_places,,ChIJ0VhbblJhhYARA7unxBF5F0s,(925) 278-2944,cafe,http://www.rootedcoffeeco.com/,"Monday: 7:00 AM – 4:00 PM
Tuesday: 7:00 AM – 4:00 PM
Wednesday: 7:00 AM – 4:00 PM
Thursday: 7:00 AM – 4:00 PM
Friday: 7:00 AM – 4:00 PM
Saturday: 7:00 AM – 4:00 PM
Sunday: 7:00 AM – 4:00 PM",
37ed8076-e44f-40ba-bff6-cdfd6feeb0e7,Sakura Japanese Cuisine,"2277 San Ramon Valley Blvd #100, San Ramon, CA 94583, USA",,37.7784877,-121.97750719999998,2026-07-18 02:53:28.927974,,,,4.5,0,"Japanese mains share the menu with classic sushi rolls in this cozy, Asian cafe.",False,google_places,,ChIJ5-uyi-ryj4ARtOw_tLHGiNE,(925) 277-1628,japanese_restaurant,https://www.sakurasanramon.com/,"Monday: 3:30 – 9:00 PM
Tuesday: 3:30 – 9:00 PM
Wednesday: 3:30 – 9:00 PM
Thursday: 3:30 – 9:00 PM
Friday: 3:30 – 9:30 PM
Saturday: 3:30 – 9:30 PM
Sunday: Closed",
38af9d17-1f2c-48e5-bd5a-28beaabe409c,Le Gateau Elegant,"1479 Newell Ave, Walnut Creek, CA 94596, USA",,37.892822699999996,-122.0576213,2026-07-18 03:53:23.025107,,,,4.5,0,"Bakery known for creating artistic wedding & other special occasion cakes, plus cupcakes & pastries.",False,google_places,,ChIJXexwaoRvhYARo88fbBMityw,(925) 937-2253,bakery,http://www.legateauelegant.com/,"Monday: 12:00 – 6:00 PM
Tuesday: 9:00 AM – 6:00 PM
Wednesday: 9:00 AM – 6:00 PM
Thursday: 9:00 AM – 6:00 PM
Friday: 9:00 AM – 6:00 PM
Saturday: 9:00 AM – 6:00 PM
Sunday: Closed",
38bc787e-3305-434c-80bf-623f199d1863,UON FIT,"1501 N California Blvd Ste B, Walnut Creek, CA 94596, USA",,37.8993666,-122.0639257,2026-07-18 03:53:23.024727,,,,4.3,0,,False,google_places,,ChIJg1TJKethhYARFcHYLkMwMK4,(925) 200-0817,gym,https://uonfit.com/contact-us,"Monday: 6:00 AM – 8:30 PM
Tuesday: 6:00 AM – 8:30 PM
Wednesday: 6:00 AM – 8:30 PM
Thursday: 6:00 AM – 8:30 PM
Friday: 6:00 AM – 8:30 PM
Saturday: 7:30 AM – 2:30 PM
Sunday: 8:00 AM – 1:00 PM",
38d288d4-ff1b-40b6-8cbb-af66ba5fbf9b,The Original Hick'ry Pit,"1495 S Main St, Walnut Creek, CA 94596, USA",,37.890413599999995,-122.05811729999999,2026-07-18 02:53:28.927156,,,,4.2,0,Storied diner offering American breakfast standards & barbecue platters in an unpretentious setting.,False,google_places,,ChIJG2ZwHt1hhYARndpzeVBdfDo,(925) 935-7450,restaurant,https://hickrypit.com/,"Monday: 7:00 AM – 9:00 PM
Tuesday: 7:00 AM – 9:00 PM
Wednesday: 7:00 AM – 9:00 PM
Thursday: 7:00 AM – 9:00 PM
Friday: 7:00 AM – 9:00 PM
Saturday: 7:00 AM – 9:00 PM
Sunday: 7:00 AM – 9:00 PM",
396f40c6-af0a-4982-b27f-debbb023b2c8,StudioFlex,"1610 Oak Park Blvd, Pleasant Hill, CA 94523, USA",,37.9336038,-122.06283439999999,2026-07-18 03:53:23.024822,,,,5.0,0,,False,google_places,,ChIJwUUlYmthhYARJmzswUWeKRI,,gym,https://www.flextrainingclub.com/strength-assessment,"Monday: 6:00 AM – 8:00 PM
Tuesday: 6:00 AM – 8:00 PM
Wednesday: 6:00 AM – 8:00 PM
Thursday: 6:00 AM – 8:00 PM
Friday: 6:00 AM – 6:30 PM
Saturday: 9:00 AM – 2:00 PM
Sunday: 9:00 AM – 2:00 PM",
3986c31c-8e15-4d23-9b20-49b61e3d72d9,MUSE Salon,"131 Pringle Ave, Walnut Creek, CA 94596, USA",,37.9075403,-122.06728790000001,2026-07-18 03:53:23.024339,,,,4.8,0,,False,google_places,,ChIJYWL5KyBhhYARPQj-Q4LVpbk,(925) 297-5786,hair_care,https://musesalonwc.com/,"Monday: 10:00 AM – 7:00 PM
Tuesday: 9:00 AM – 7:00 PM
Wednesday: 9:00 AM – 8:00 PM
Thursday: 9:00 AM – 8:00 PM
Friday: 9:00 AM – 7:00 PM
Saturday: 10:00 AM – 4:00 PM
Sunday: Closed",
39c0f0be-12c7-42a5-9b77-989b2a928299,My French Cuisine,"2614 Jones Rd, Walnut Creek, CA 94597, USA",,37.920224,-122.06074500000001,2026-07-18 03:53:23.025202,,,,5.0,0,,False,google_places,,ChIJWepMbKhhhYARdsE-yPHsrpw,(925) 800-7675,bakery,http://www.myfrenchcuisine.com/,"Monday: 9:00 AM – 9:00 PM
Tuesday: 9:00 AM – 9:00 PM
Wednesday: 9:00 AM – 9:00 PM
Thursday: 9:00 AM – 9:00 PM
Friday: 9:00 AM – 10:00 PM
Saturday: 9:00 AM – 10:00 PM
Sunday: Closed",
39cce27a-f0ed-49d2-9aac-3b3c033d5680,Sol y Luna Cocina Mexicana,"1910 Oak Park Blvd, Pleasant Hill, CA 94523, USA",,37.9341649,-122.074264,2026-07-18 02:53:28.928090,,,,4.5,0,,False,google_places,,ChIJaUFLgOJhhYARUzUlOMmfs-4,(925) 937-4368,mexican_restaurant,https://www.solylunacocina.com/,"Monday: Closed
Tuesday: 7:30 AM – 8:00 PM
Wednesday: 7:30 AM – 8:00 PM
Thursday: 7:30 AM – 8:00 PM
Friday: 7:30 AM – 9:00 PM
Saturday: 7:30 AM – 9:00 PM
Sunday: 7:30 AM – 8:00 PM",
3a56b5b8-2bc3-4849-bd5f-0ed069ad01e2,Changes Salon & Day Spa,"1475 N Broadway STE 195, Walnut Creek, CA 94596, USA",,37.9005506,-122.0605252,2026-02-05 03:31:32.920426,/static/logos/f3810ce098294c49b0ffddc4ceacfa22.jpg,/static/banners/4a5e8369ec0942d4b667227157c29e8b.jpg,,4.5,0,,False,google_places,,ChIJgQpUBMBhhYARlU2A34z2OWk,(925) 947-1814,hair_care,http://www.changessalon.com/?y_source=1_MjIzMjkyMTEtNzE1LWxvY2F0aW9uLndlYnNpdGU%3D,"Monday: Closed
Tuesday: 9:30 AM – 8:30 PM
Wednesday: 9:30 AM – 8:30 PM
Thursday: 9:30 AM – 8:30 PM
Friday: 8:00 AM – 6:30 PM
Saturday: 8:00 AM – 6:30 PM
Sunday: 9:00 AM – 5:30 PM",
3a654e4a-dab1-450d-b401-0af804f2f1b0,X EYE SPY LASH SALON,"3150 Danville Blvd B, Alamo, CA 94507, USA",,37.8520645,-122.0331792,2026-02-05 03:31:32.920475,/static/business_images/441bddb5f83b49ac9a4d3820d571a581.jpg,/static/business_images/f8a2e626e1d14cd19de12901fee0a7fe.jpg,,5.0,0,,False,google_places,,ChIJ7-6hA_6Kj4ARUgHy-4mCOlc,+1 925-286-5977,hair_care,,,
3a9c874f-6ab5-4cf1-9eaf-88ebf3a31afc,Paris Baguette,"1345 Newell Ave A, Walnut Creek, CA 94596, USA",,37.8933436,-122.05609279999999,2026-07-17 19:28:30.827686,/static/logos/cf9e21cede0a4f10ae413cd87f65d457.jpg,/static/banners/4cbb14a5224943e8b836c23bf8ad44c9.jpg,,4.1,0,,False,google_places,,ChIJ1-dpbABhhYARCFEslQh91oo,(925) 260-8888,bakery,https://parisbaguette.com/locations/ca/walnut-creek/1345-newell-ave,"Monday: 6:00 AM – 9:00 PM
Tuesday: 6:00 AM – 9:00 PM
Wednesday: 6:00 AM – 9:00 PM
Thursday: 6:00 AM – 9:00 PM
Friday: 6:00 AM – 10:00 PM
Saturday: 6:00 AM – 10:00 PM
Sunday: 6:00 AM – 9:00 PM",
3a9da88c-2c88-4cc4-83d9-2f2410922fc7,Gravity Cut & Color,"1620 Locust St, Walnut Creek, CA 94596, USA",,37.901043,-122.06232700000001,2026-07-18 03:53:23.024565,,,,4.7,0,,False,google_places,,ChIJLyHQiU1hhYARTFZf3BNvTQE,(925) 952-4442,hair_care,https://gravitycutandcolor.com/,"Monday: 10:00 AM – 7:00 PM
Tuesday: 10:00 AM – 7:00 PM
Wednesday: 10:00 AM – 7:00 PM
Thursday: 10:00 AM – 7:00 PM
Friday: 10:00 AM – 7:00 PM
Saturday: 10:00 AM – 7:00 PM
Sunday: Closed",
3b01b4bd-fa5c-49a4-8e1b-86ac190e23f9,Spark Athletics,"1920 Mt Diablo Blvd, Walnut Creek, CA 94596, USA",,37.8973742,-122.06692389999999,2026-07-18 03:53:23.024781,,,,,0,,False,google_places,,ChIJPW-dnLNhhYART_Zh2xc3BK4,(925) 255-7836,gym,https://www.sparkathletics.org/,"Monday: 8:30 AM – 8:30 PM
Tuesday: 8:30 AM – 8:30 PM
Wednesday: 8:30 AM – 8:30 PM
Thursday: 8:30 AM – 8:30 PM
Friday: 8:30 AM – 9:00 PM
Saturday: 8:30 AM – 9:00 PM
Sunday: 8:30 AM – 9:00 PM",
3b062944-439a-4fc4-b586-956133c0ffd8,El Jarro Mexican Cafe,"3563 Mount Diablo Blvd, Lafayette, CA 94549, USA",,37.8915722,-122.12106999999999,2026-07-18 02:53:28.928219,,,,4.5,0,,False,google_places,,ChIJh7zqe1pihYARSMdH8a_fsck,(925) 283-6639,mexican_restaurant,,"Monday: 11:00 AM – 8:00 PM
Tuesday: 11:00 AM – 8:00 PM
Wednesday: 11:00 AM – 8:00 PM
Thursday: 11:00 AM – 8:00 PM
Friday: 11:00 AM – 8:00 PM
Saturday: 11:00 AM – 8:00 PM
Sunday: Closed",
3bb44362-e731-4f70-8534-a57b9997f3b2,Montecatini Ristorante & Bar,"1528 Civic Dr, Walnut Creek, CA 94596, USA",,37.9016056,-122.0626083,2026-07-18 02:53:28.927116,,,,4.6,0,This circa-1989 Italian eatery offers classic Tuscan cooking plus a full bar & is closed on Mondays.,False,google_places,,ChIJn0-AFJVhhYAReLlpDJfq7D8,(925) 943-6608,restaurant,http://montecatinirestaurant.com/,"Monday: Closed
Tuesday: Closed
Wednesday: 5:00 – 9:00 PM
Thursday: 5:00 – 9:00 PM
Friday: 5:00 – 10:00 PM
Saturday: 5:00 – 10:00 PM
Sunday: 4:30 – 8:30 PM",
3c373374-8028-4344-b40f-b18688a36c78,Pancho Villa Restaurant,"1500 Monument Blvd Unit F13, Concord, CA 94520, USA",,37.9524289,-122.042325,2026-07-18 02:53:28.928230,,,,4.3,0,,False,google_places,,ChIJKXByayZhhYARSvvXS_nzIPU,(925) 798-3155,mexican_restaurant,https://m.facebook.com/panchovillaconcord/,"Monday: 10:00 AM – 9:00 PM
Tuesday: 10:00 AM – 9:00 PM
Wednesday: 10:00 AM – 9:00 PM
Thursday: 10:00 AM – 9:00 PM
Friday: 10:00 AM – 10:00 PM
Saturday: 10:00 AM – 10:00 PM
Sunday: 9:00 AM – 10:00 PM",
3d0ec116-c6c3-44a5-b9f9-1c78b31f1ceb,Hayashi Japanese Cuisine,"1518 Park St, Alameda, CA 94501, USA",,37.7656473,-122.2412375,2026-07-18 02:53:28.927968,,,,4.6,0,,False,google_places,,ChIJmS6VAQCHj4AR8OoBJ4AI-ek,(510) 263-8206,japanese_restaurant,https://www.hayashijapaneseca.com/,"Monday: 11:30 AM – 11:00 PM
Tuesday: 11:30 AM – 11:00 PM
Wednesday: 4:30 – 11:00 PM
Thursday: 11:30 AM – 11:00 PM
Friday: 11:30 AM – 11:00 PM
Saturday: 11:30 AM – 11:00 PM
Sunday: 12:00 – 11:00 PM",
3d274566-be2b-4d81-a147-c4357057cb1c,Torsap Thai,"Walnut Creek, CA 94596, USA",,37.910078299999995,-122.0651819,2026-07-18 02:53:28.928039,,,,,0,,False,google_places,,ChIJ4WhHFgBhhYARy8NWqUuPWyo,,thai_restaurant,,,
3d3c38f0-8815-43d4-9ae3-662fe776727c,Alloy Personal Training Rossmoor,"1940 Tice Valley Blvd # D, Walnut Creek, CA 94595, USA",,37.878765099999995,-122.0728214,2026-07-17 19:28:30.827502,/static/logos/87ddb8e748eb407aad4185ff5e9a6c98.jpg,/static/banners/5cdd1b96d4ed465d948687395c21a955.jpg,,5.0,0,,False,google_places,,ChIJrVsM_25hhYARHkBuH1dgEiY,(562) 669-2426,gym,https://rossmoor.alloypersonaltraining.com/,"Monday: 6:00 AM – 8:00 PM
Tuesday: 7:00 AM – 8:00 PM
Wednesday: 7:00 AM – 8:00 PM
Thursday: 7:00 AM – 8:00 PM
Friday: 6:00 AM – 8:00 PM
Saturday: 7:00 AM – 1:00 PM
Sunday: Closed",
3daa1b80-55a3-4b92-a426-3e9e27b1cbcf,Model Bakery,"1315 N Main St, Walnut Creek, CA 94596, USA",,37.897685599999996,-122.0604403,2026-07-17 19:28:30.827659,/static/logos/bd80f3ca19b9466896bf54d6a7decf97.jpg,/static/banners/f70cd47430da4652aea05a5277b932a3.jpg,,4.2,0,,False,google_places,,ChIJ3c5A0xZhhYAR8FS4iGQ63YY,(866) 622-5379,bakery,https://www.themodelbakery.com/,"Monday: 6:00 AM – 4:00 PM
Tuesday: 6:00 AM – 4:00 PM
Wednesday: 6:00 AM – 4:00 PM
Thursday: 6:00 AM – 4:00 PM
Friday: 6:00 AM – 4:00 PM
Saturday: 6:00 AM – 4:00 PM
Sunday: 6:00 AM – 4:00 PM",
3eb3d566-a949-4a45-8c51-f0b4e7ec4380,Best Massage-Spa,"561 Contra Costa Blvd, Pleasant Hill, CA 94523, USA",,37.9795367,-122.06596719999999,2026-07-18 03:53:23.024943,,,,4.4,0,,False,google_places,,ChIJCdWMZ2FnhYARc29dnDJZxKc,(925) 266-9999,spa,https://www.bestmassageca.com/,"Monday: 9:30 AM – 9:00 PM
Tuesday: 9:30 AM – 9:00 PM
Wednesday: 9:30 AM – 9:00 PM
Thursday: 9:30 AM – 9:00 PM
Friday: 9:30 AM – 10:00 PM
Saturday: 9:30 AM – 10:00 PM
Sunday: 9:30 AM – 9:00 PM",
3ecac890-9dee-452a-b463-e9d67ba8a31b,Stadium Pub,"1420 Lincoln Ave, Walnut Creek, CA 94596, USA",,37.9007567,-122.0609716,2026-02-05 03:31:32.920298,/static/business_images/54bee3ef3d674010b82e605c06b4380c.jpg,/static/business_images/ba2ad9f8c80f4c8ebb7b78fccf1c224e.jpg,,4.2,0,"Busy hangout for viewing televised sports, with a huge beer selection & extensive pub-food menu.",False,google_places,,ChIJHUSn_79hhYARleDtdeUGPgg,(925) 256-7302,bar,http://thestadiumpub.com/,"Monday: 11:00 AM – 9:00 PM
Tuesday: 11:00 AM – 9:00 PM
Wednesday: 11:00 AM – 9:00 PM
Thursday: 11:00 AM – 10:00 PM
Friday: 11:00 AM – 12:00 AM
Saturday: 11:00 AM – 12:00 AM
Sunday: 11:00 AM – 9:00 PM",
3f75bc61-a78d-4856-b213-361cdcb4cd04,The Cooperage American Grille,"1342 Broadway Plaza, Walnut Creek, CA 94596, USA",,37.8941124,-122.0582206,2026-02-05 03:31:32.920326,/static/business_images/56173ba8575f47f6a79255a515944ae2.jpg,/static/business_images/128808dcf05d4852845d35131b9f7918.jpg,,4.1,0,"Polished yet casual American joint known for its rotisserie chicken, burgers & steaks.",False,google_places,,ChIJnRJWj1pihYAR0Pw4h4x72uc,(925) 298-5915,bar,https://www.thecooperagewc.com/,"Monday: 11:30 AM – 9:00 PM
Tuesday: 11:30 AM – 9:00 PM
Wednesday: 11:30 AM – 9:00 PM
Thursday: 11:30 AM – 9:00 PM
Friday: 11:30 AM – 10:00 PM
Saturday: 10:00 AM – 10:00 PM
Sunday: 10:00 AM – 9:00 PM",
3f88c182-637a-47fe-a0fe-36ba127e6e4a,Chip Cookies,"2335 Oak Grove Rd, Walnut Creek, CA 94598, USA",,37.9284592,-122.0161397,2026-07-18 03:53:23.025096,,,,4.8,0,,False,google_places,,ChIJ_VklwDBhhYARF8OYtBIszqw,(925) 289-9351,bakery,https://www.chipcookies.co/,"Monday: 10:00 AM – 10:00 PM
Tuesday: 10:00 AM – 10:00 PM
Wednesday: 10:00 AM – 10:00 PM
Thursday: 10:00 AM – 10:00 PM
Friday: 10:00 AM – 12:00 AM
Saturday: 10:00 AM – 12:00 AM
Sunday: 10:00 AM – 10:00 PM",
3fe467f5-c9b5-4a4c-9af8-b24019885ba2,Thai Thani restaurant,"2892 Ygnacio Valley Rd, Walnut Creek, CA 94598, USA",,37.9277836,-122.01652650000001,2026-07-18 02:53:28.927762,,,,4.0,0,,False,google_places,,ChIJ3Vj51ONhhYARoFVau45iZ5k,(925) 954-8385,chinese_restaurant,http://www.thaithanioishi.com/,"Monday: 11:00 AM – 9:00 PM
Tuesday: 11:00 AM – 9:00 PM
Wednesday: 11:00 AM – 9:00 PM
Thursday: 11:00 AM – 9:00 PM
Friday: 11:00 AM – 9:30 PM
Saturday: 11:00 AM – 9:30 PM
Sunday: 11:00 AM – 9:00 PM",
408302cd-ec07-4927-8e0b-7c4cd1664828,Dan's Irish Sports Bar,"1524 Civic Dr, Walnut Creek, CA 94596, USA",,37.9017011,-122.0624154,2026-02-05 03:31:32.920305,/static/business_images/96e9a69558584731bc5f528a525e70b3.jpg,/static/business_images/690256351fe0460688abc9e3bf3a5de4.jpg,,4.0,0,"There's more than just drinks at this sports bar with trivia nights, live bands & outdoor seating.",False,google_places,,ChIJFb5Qa5VhhYARqOTIUhVEUx0,(925) 932-1331,bar,http://dansbar.com/,"Monday: 11:00 AM – 2:00 AM
Tuesday: 11:00 AM – 2:00 AM
Wednesday: 11:00 AM – 2:00 AM
Thursday: 11:00 AM – 2:00 AM
Friday: 11:00 AM – 2:00 AM
Saturday: 11:00 AM – 2:00 AM
Sunday: 11:00 AM – 2:00 AM",
4149ee4c-7b6f-4b61-99f9-3b6996750135,Cantina Jack's,"40 Crescent Dr Ste C, Pleasant Hill, CA 94523, USA",,37.9461283,-122.06127430000001,2026-07-18 02:53:28.927392,,,,4.4,0,,False,google_places,,ChIJlz6dX_phhYAR2ZpBmZPwbPY,(925) 326-9813,bar,http://cantinajacks.com/,"Monday: 11:00 AM – 9:00 PM
Tuesday: 11:00 AM – 9:00 PM
Wednesday: 11:00 AM – 9:00 PM
Thursday: 11:00 AM – 9:00 PM
Friday: 11:00 AM – 10:00 PM
Saturday: 10:00 AM – 10:00 PM
Sunday: 10:00 AM – 9:00 PM",
416bb03d-9c91-475b-9092-ebb18ddea44c,Ramen Hiroshi,"1633 Bonanza St, Walnut Creek, CA 94596, USA",,37.8994056,-122.0629028,2026-07-17 19:28:30.827860,/static/logos/e4872ef15b1845cbba2b0b92d3dd3e24.jpg,/static/banners/e6d9c19d693640ba988815bdaff7b8bf.jpg,,4.3,0,Petite Japanese restaurant dishing up classic ramen bowls in a relaxed atmosphere.,False,google_places,,ChIJWXVIxOphhYARtcesF5yeYd0,(925) 942-0664,japanese_restaurant,https://ramenhiroshi.com/,"Monday: 11:30 AM – 2:30 PM, 5:00 – 8:30 PM
Tuesday: 11:30 AM – 2:30 PM, 5:00 – 8:30 PM
Wednesday: 11:30 AM – 2:30 PM, 5:00 – 8:30 PM
Thursday: 11:30 AM – 2:30 PM, 5:00 – 8:30 PM
Friday: 11:30 AM – 2:30 PM, 5:00 – 9:00 PM
Saturday: 11:30 AM – 9:00 PM
Sunday: 11:30 AM – 8:30 PM",
42099850-e624-44f7-95eb-927099f64ea2,Domino's Pizza,"2521 N Main St, Walnut Creek, CA 94597, USA",,37.9178721,-122.06603269999998,2026-07-18 02:53:28.927608,,,,3.8,0,"Delivery, carryout & dine-in chain offering a wide range of pizzas, plus a variety of other dishes & sides.",False,google_places,,ChIJk56pH55hhYAReUHKbPBzs-U,(925) 944-5400,pizza_restaurant,https://www.dominos.com/en/?utm_source=google&utm_medium=loclist&utm_campaign=localmaps,"Monday: 10:30 AM – 12:00 AM
Tuesday: 10:30 AM – 12:00 AM
Wednesday: 10:30 AM – 12:00 AM
Thursday: 10:30 AM – 12:00 AM
Friday: 10:30 AM – 1:00 AM
Saturday: 10:30 AM – 1:00 AM
Sunday: 10:30 AM – 12:00 AM",
420a33cb-ed2b-4741-b59a-479de8e2b629,Café Louis,"1928 Saint Mary's Rd, Moraga, CA 94575, USA",,37.84028819999999,-122.1092002,2026-02-05 03:31:32.920271,,,,4.2,0,,False,google_places,,ChIJq6cGA72Jj4ARcqOaPG1wP64,+1 925-631-4378,cafe,,,
43737b9b-4512-4df5-b24d-9ee6178cad91,Mary's Cafe,"1646 N California Blvd Unit 110, Walnut Creek, CA 94596, USA",,37.901596,-122.0641249,2026-07-18 03:53:23.024269,,,,4.7,0,,False,google_places,,ChIJeT4qA5VhhYARbocTtv9ymzA,(925) 944-9944,cafe,,"Monday: 8:30 AM – 3:00 PM
Tuesday: 8:30 AM – 3:00 PM
Wednesday: 8:30 AM – 3:00 PM
Thursday: 8:30 AM – 3:00 PM
Friday: 8:30 AM – 3:00 PM
Saturday: Closed
Sunday: Closed",
444dd68a-ff3e-409c-8524-2f2836906a61,Club Studio,"2270 Oak Grove Rd, Walnut Creek, CA 94598, USA",,37.9306802,-122.0136547,2026-07-18 03:53:23.024665,,,,4.0,0,,False,google_places,,ChIJhTvHfwBhhYAR1mlw9AVh21Y,(925) 464-4089,gym,https://www.clubstudiofitness.com/Pages/clubhome.aspx?clubid=1382&utm_source=google&utm_medium=googlemaps&utm_campaign=maps,"Monday: 5:00 AM – 10:00 PM
Tuesday: 5:00 AM – 10:00 PM
Wednesday: 5:00 AM – 10:00 PM
Thursday: 5:00 AM – 10:00 PM
Friday: 5:00 AM – 9:00 PM
Saturday: 7:00 AM – 6:00 PM
Sunday: 7:00 AM – 6:00 PM",
44cbc839-0e4c-4fa0-bd62-16344a8d2aa9,Relax The Back,"1152 Locust St, Walnut Creek, CA 94596, USA",,37.895541699999995,-122.06111659999999,2026-07-17 19:28:30.827623,/static/logos/592547cb03724fd19b36200ce6daab1e.jpg,/static/banners/ac4c9f91bfc744aebeb26702ccf78d57.jpg,,4.5,0,"Beds & home office furniture focused on comfort & ergonomics, from massage chairs to stand-up desks.",False,google_places,,ChIJFd8pKOthhYARrL9rVjY2rys,(925) 935-5300,spa,https://www.relaxtheback.com/pages/walnut-creek,"Monday: 10:00 AM – 6:00 PM
Tuesday: 10:00 AM – 6:00 PM
Wednesday: 10:00 AM – 6:00 PM
Thursday: 10:00 AM – 6:00 PM
Friday: 10:00 AM – 6:00 PM
Saturday: 10:00 AM – 6:00 PM
Sunday: Closed",
453c7bd5-2a54-48a4-a3af-1b42c0d4bc6e,Club Pilates,"1576 Botelho Dr, Walnut Creek, CA 94596, USA",,37.8948645,-122.06157239999999,2026-07-17 19:28:30.827443,/static/logos/71205305067f4a1ead5f6108ccd0316a.jpg,/static/banners/b84110afce084a60b806ad166e73229b.jpg,,4.9,0,,False,google_places,,ChIJcdPscDFhhYAReduKtjzYV4k,(925) 395-2644,gym,http://www.clubpilates.com/location/walnutcreek/?utm_source=google.com&utm_medium=referral&utm_campaign=yext,"Monday: 8:00 AM – 8:30 PM
Tuesday: 6:00 AM – 8:00 PM
Wednesday: 8:30 AM – 8:00 PM
Thursday: 6:00 AM – 7:30 PM
Friday: 7:30 AM – 6:00 PM
Saturday: 8:00 AM – 12:30 PM
Sunday: 8:00 AM – 12:30 PM",
45a2be6d-4826-4654-a5c4-ca8db62d1afb,Broderick,"1548 Bonanza St, Walnut Creek, CA 94596, USA",,37.899777199999996,-122.06222939999999,2026-07-18 02:53:28.927017,,,,4.5,0,"Spacious neighborhood bar & grill with hearty American comfort food, beer & boozy shakes.",False,google_places,,ChIJ3ahzt-phhYARqfHDYIDsxIY,(925) 945-6960,restaurant,https://broderickwalnutcreek.com/,"Monday: 11:30 AM – 9:00 PM
Tuesday: 11:30 AM – 9:00 PM
Wednesday: 11:30 AM – 9:00 PM
Thursday: 11:30 AM – 9:00 PM
Friday: 11:00 AM – 10:00 PM
Saturday: 10:00 AM – 10:00 PM
Sunday: 10:00 AM – 8:00 PM",
45f47d5a-f647-4181-9770-bbd472358c73,World Famous HOTBOYS Chicken,"1394 N Main St, Walnut Creek, CA 94596, USA",,37.8992487,-122.0605069,2026-07-18 02:53:28.927162,,,,4.5,0,,False,google_places,,ChIJLZoRG2lhhYARRMkjBS28VI8,(925) 393-5579,restaurant,https://worldfamoushotboys.com/,"Monday: 9:00 AM – 10:00 PM
Tuesday: 9:00 AM – 10:00 PM
Wednesday: 9:00 AM – 10:00 PM
Thursday: 9:00 AM – 12:00 AM
Friday: 9:00 AM – 2:00 AM
Saturday: 9:00 AM – 2:00 AM
Sunday: 9:00 AM – 10:00 PM",
4675b869-0434-4c97-a4f3-b501ffdfe063,Pizza Guys,"1548 Newell Ave, Walnut Creek, CA 94596, USA",,37.8932126,-122.05988409999999,2026-07-17 19:28:30.827766,/static/logos/39c3b95954f54a3d88884787565a187e.jpg,/static/banners/9fbd927b2e094cf299d5003622e80bb7.jpg,,4.3,0,"Pizzeria chain offering build-your-own pies, along with spaghetti, wings & salad.",False,google_places,,ChIJXy2RlsJhhYARsGkOW5CZuyE,(925) 934-5555,pizza_restaurant,http://167.pizzaguys.com/,"Monday: 10:00 AM – 10:00 PM
Tuesday: 10:00 AM – 10:00 PM
Wednesday: 10:00 AM – 10:00 PM
Thursday: 10:00 AM – 10:00 PM
Friday: 10:00 AM – 10:00 PM
Saturday: 10:00 AM – 10:00 PM
Sunday: 10:00 AM – 10:00 PM",
4810fbff-8873-4504-a4d4-e955ca276ec2,WFM Coffee Bar,"1333 Newell Ave, Walnut Creek, CA 94596, USA",,37.892668,-122.0552461,2026-02-05 03:31:32.920243,/static/business_images/a7d30d116ea04bb9a63ec117cbfc07c8.jpg,/static/business_images/75b14483113c44d3b61baf60450b9963.jpg,,3.7,0,,False,google_places,,ChIJmTsnWcNhhYARZnz6XH6HfPQ,+1 925-274-9700,cafe,,,
48d49ae2-6989-4277-b2b6-8b5101af71b1,Peetza Pies & Pints,"7011 Sunne Ln #120, Walnut Creek, CA 94597, USA",,37.9276276,-122.05604120000001,2026-07-18 02:53:28.927533,,,,4.3,0,,False,google_places,,ChIJJX4N-alhhYARGR4C99CX7mE,(925) 378-7621,pizza_restaurant,https://peetzapies.com/,"Monday: 11:30 AM – 9:00 PM
Tuesday: 11:30 AM – 9:00 PM
Wednesday: 11:30 AM – 9:00 PM
Thursday: 11:30 AM – 9:00 PM
Friday: 11:30 AM – 10:00 PM
Saturday: 11:30 AM – 10:00 PM
Sunday: 12:00 – 9:00 PM",
48e227fc-070f-419c-9739-23d0fa9017ea,Elia,"1520 Locust St, Walnut Creek, CA 94596, USA",,37.9000104,-122.06230319999999,2026-07-18 02:53:28.927023,,,,4.3,0,,False,google_places,,ChIJq6oetOphhYAR40yUhTy3Gjk,(925) 322-8671,restaurant,https://www.eliarestaurants.com/,"Monday: 11:00 AM – 10:30 PM
Tuesday: 11:00 AM – 10:30 PM
Wednesday: 11:00 AM – 10:30 PM
Thursday: 11:00 AM – 10:30 PM
Friday: 10:00 AM – 12:00 AM
Saturday: 10:00 AM – 12:00 AM
Sunday: 10:00 AM – 10:00 PM",
49363ea1-0fd0-4b94-b9b2-af6d58f05b9c,head to toe reflexology,"1544 Locust St, Walnut Creek, CA 94596, USA",,37.900442,-122.0624691,2026-07-18 03:53:23.025053,,,,4.0,0,,False,google_places,,ChIJ82cVOzZhhYAR5RBoTv3O8Yo,(925) 935-8888,spa,,"Monday: 10:00 AM – 9:30 PM
Tuesday: 10:00 AM – 9:30 PM
Wednesday: 10:00 AM – 9:30 PM
Thursday: 10:00 AM – 9:30 PM
Friday: 10:00 AM – 9:30 PM
Saturday: 10:00 AM – 9:30 PM
Sunday: 10:00 AM – 9:30 PM",
49c047fe-6686-46a8-a3b9-d4442d7ef68f,Melo's Italian Table,"1360 Locust St, Walnut Creek, CA 94596, USA",,37.89848320000001,-122.06147529999998,2026-07-18 02:53:28.926999,,,,4.3,0,,False,google_places,,ChIJ8drOEfphhYAR0o7UnlV3Kr8,(925) 297-5767,restaurant,http://www.meloswc.com/,"Monday: 11:00 AM – 9:00 PM
Tuesday: 11:00 AM – 9:00 PM
Wednesday: 11:00 AM – 9:00 PM
Thursday: 11:00 AM – 9:00 PM
Friday: 11:00 AM – 10:00 PM
Saturday: 11:00 AM – 10:00 PM
Sunday: 11:00 AM – 9:00 PM",
49c9df6d-7a52-4fd4-819e-68d881158c28,LEVEL UP NAIL SALON,"1537 N Main St, Walnut Creek, CA 94596, USA",,37.9005685,-122.0616786,2026-07-18 02:53:28.927476,,,,4.5,0,,False,google_places,,ChIJaVNWCABhhYARJJYIlP7kSPk,(925) 360-3578,beauty_salon,http://www.levelupnails.us/,"Monday: 9:00 AM – 7:00 PM
Tuesday: 9:00 AM – 7:00 PM
Wednesday: 9:00 AM – 7:00 PM
Thursday: 9:00 AM – 7:00 PM
Friday: 9:00 AM – 7:00 PM
Saturday: 9:00 AM – 7:00 PM
Sunday: 9:00 AM – 7:00 PM",
4a64bb30-38be-4b3e-bfa4-e0c2123e8e76,Luna Sea Lounge,"121 Pringle Ave, Walnut Creek, CA 94596, USA",,37.9075105,-122.067459,2026-07-18 02:53:28.927218,,,,4.4,0,,False,google_places,,ChIJjwk9bPxhhYARmE99JSseX48,(707) 439-8007,bar,https://lunasealounge.com/,"Monday: Closed
Tuesday: 3:00 – 11:00 PM
Wednesday: 3:00 – 11:00 PM
Thursday: 1:00 PM – 12:00 AM
Friday: 1:00 PM – 1:00 AM
Saturday: 1:00 PM – 1:00 AM
Sunday: 1:00 – 11:00 PM",
4b26abe8-b194-4d82-ac4f-dbddfc66752e,MEIS SALON,"1555 Riviera Ave Ste A, Walnut Creek, CA 94596, USA",,37.911197,-122.06650849999998,2026-07-18 03:53:23.024530,,,,5.0,0,,False,google_places,,ChIJ-f7C5MZhhYARISCTbkbWG18,(925) 433-2881,hair_care,http://meissalon.com/,"Monday: Closed
Tuesday: 9:00 AM – 5:00 PM
Wednesday: 9:00 AM – 5:00 PM
Thursday: 9:00 AM – 5:00 PM
Friday: 9:00 AM – 5:00 PM
Saturday: 9:00 AM – 5:00 PM
Sunday: Closed",
4b518349-d8a8-43e7-b8fb-491b45985b9c,Prime Steakhouse & Martini Garden,"1719 Bonanza St, Walnut Creek, CA 94596, USA",,37.8988799,-122.06367589999999,2026-07-18 02:53:28.927011,,,,4.3,0,,False,google_places,,ChIJaR-pfCJhhYARqZS1WLP4OQo,(925) 940-4704,restaurant,http://primeribwc.com/,"Monday: Closed
Tuesday: 5:00 – 9:00 PM
Wednesday: 5:00 – 9:00 PM
Thursday: 5:00 – 9:00 PM
Friday: 4:30 – 10:00 PM
Saturday: 4:30 – 10:00 PM
Sunday: 4:30 – 9:00 PM",
4b863065-6767-46ce-8779-a6d84dc7ff3f,Vip Spa,"2261 N Main St, Walnut Creek, CA 94596, USA",,37.9109882,-122.0657169,2026-07-18 03:53:23.024995,,,,4.0,0,,False,google_places,,ChIJL7rbmJlhhYARxGnZot3-beM,(925) 210-1888,spa,,"Monday: 9:30 AM – 10:00 PM
Tuesday: 9:30 AM – 10:00 PM
Wednesday: 9:30 AM – 10:00 PM
Thursday: 9:30 AM – 10:00 PM
Friday: 9:30 AM – 10:00 PM
Saturday: 9:30 AM – 10:00 PM
Sunday: 9:30 AM – 10:00 PM",
4b95a5fb-69c4-4125-ae31-91bf1e152fe8,Jo's Honda Sushi,"150 Longbrook Way C, Pleasant Hill, CA 94523, USA",,37.958505599999995,-122.057525,2026-07-18 02:53:28.927922,,,,4.7,0,Unassuming Japanese joint is a local go-to for specialty rolls & dinner boxes.,False,google_places,,ChIJv5jC0DRhhYAR1VAkCnlXlCw,(925) 798-3459,japanese_restaurant,https://hondasushi.com/,"Monday: Closed
Tuesday: 11:30 AM – 1:00 PM, 5:00 – 8:00 PM
Wednesday: 11:30 AM – 1:00 PM, 5:00 – 8:00 PM
Thursday: 11:30 AM – 1:00 PM, 5:00 – 8:00 PM
Friday: 11:30 AM – 1:00 PM, 5:00 – 8:30 PM
Saturday: 5:00 – 8:30 PM
Sunday: 5:00 – 8:30 PM",
4ba23d86-5eca-4e08-ac4f-62bb23387711,CB Fit Walnut Creek,"1840 N Broadway ST, Walnut Creek, CA 94596, USA",,37.9044921,-122.0609293,2026-07-18 03:53:23.024699,,,,4.9,0,,False,google_places,,ChIJHX0_Hr5hhYARNJaR9rZg8BM,,gym,http://cbfit.com/,"Monday: 6:00 AM – 1:00 PM, 4:15 – 7:15 PM
Tuesday: 6:00 – 11:00 AM, 4:15 – 8:15 PM
Wednesday: 6:00 – 11:00 AM, 4:15 – 7:15 PM
Thursday: 6:00 – 11:00 AM, 4:15 – 7:15 PM
Friday: 6:00 – 11:00 AM, 4:15 – 6:00 PM
Saturday: 7:00 AM – 12:00 PM
Sunday: 8:00 AM – 1:00 PM",
4bb08c7d-bac5-4677-8351-09af089494c1,Highwire Coffee Roasters,"200 Station Wy, Walnut Creek, CA 94596, USA",,37.9064978,-122.0672776,2026-07-18 03:53:23.024145,,,,4.8,0,Cafe serving made-to-order coffee & espresso in a laid-back space.,False,google_places,,ChIJYalEwMBhhYARczpWf_tAdOs,(925) 430-2781,cafe,https://www.highwirecoffee.com/,"Monday: 6:30 AM – 3:00 PM
Tuesday: 6:30 AM – 3:00 PM
Wednesday: 6:30 AM – 3:00 PM
Thursday: 6:30 AM – 3:00 PM
Friday: 6:30 AM – 3:00 PM
Saturday: 7:30 AM – 3:00 PM
Sunday: 7:30 AM – 3:00 PM",
4bee8e1b-ab52-4536-9cf0-ba25f610097d,Mikuni | Concord,"2075 Diamond Blvd Ste 100, Concord, CA 94520, USA",,37.9712319,-122.05894599999999,2026-07-18 02:53:28.927865,,,,4.5,0,"Local Japanese chain serving sushi, small plates & hot entrees in a stylish space.",False,google_places,,ChIJzY7bEMdmhYARIlHtmtXzVgQ,(925) 265-7660,japanese_restaurant,https://mikunisushi.com/locations/concord/,"Monday: 11:30 AM – 9:00 PM
Tuesday: 11:30 AM – 9:00 PM
Wednesday: 11:30 AM – 9:00 PM
Thursday: 11:30 AM – 9:00 PM
Friday: 11:30 AM – 10:00 PM
Saturday: 11:30 AM – 10:00 PM
Sunday: 11:30 AM – 9:00 PM",
4cb4fc74-e404-4eee-817a-7edc8dea93e6,The French Spot,"785 Oak Grove Rd Suite G-3, Concord, CA 94518, USA",,37.9370677,-122.02507159999998,2026-07-18 03:53:23.025130,,,,4.5,0,,False,google_places,,ChIJSbs_I5hhhYARo-WRJcXr72E,,bakery,http://thefrenchspot.com/,"Monday: Closed
Tuesday: Closed
Wednesday: 7:30 AM – 2:30 PM
Thursday: 7:30 AM – 2:30 PM
Friday: 7:30 AM – 2:30 PM
Saturday: 8:00 AM – 2:30 PM
Sunday: 8:00 AM – 2:30 PM",
4d354580-2b37-4c71-b2ed-8a711e99a660,Captain's Chest Cocktail Lounge,"785 Oak Grove Rd O, Concord, CA 94518, USA",,37.9369406,-122.02486549999998,2026-07-18 02:53:28.927300,,,,4.4,0,"Unfussy tavern with a festive vibe, offering beers, cocktails, karaoke & beer pong.",False,google_places,,ChIJ1bJ75vBghYARQWxrgvEAgtA,(925) 446-6115,bar,,"Monday: 2:00 PM – 2:00 AM
Tuesday: 2:00 PM – 2:00 AM
Wednesday: 2:00 PM – 2:00 AM
Thursday: 2:00 PM – 2:00 AM
Friday: 2:00 PM – 2:00 AM
Saturday: 2:00 PM – 2:00 AM
Sunday: 2:00 PM – 2:00 AM",
4d7950dc-c33c-4df3-a5dd-402a029e304d,The Double Edged Studio Experience,"1651 Botelho Dr Suite 15, Walnut Creek, CA 94596, USA",,37.89375709999999,-122.0623029,2026-02-05 03:31:32.920530,/static/business_images/549ee0010290405491cc33e7e9b44618.jpg,/static/business_images/a6f27fbada5e45099f98266e908dc95a.jpg,,5.0,0,,False,google_places,,ChIJH9N8xulhhYAR6LtT-Z1gRuA,+1 707-332-8688,hair_care,,,
4dcb9888-0d77-4825-b3b6-5687eefb148e,Cigar Loft & Lounge,"1149 Alpine Rd, Walnut Creek, CA 94596, USA",,37.8964968,-122.066897,2026-02-05 03:31:32.920354,/static/business_images/f1b1b2caa26440b5a280cf3d458fd70c.jpg,/static/business_images/7a628bba8faa4de9bdb2e4e7d846c666.jpg,,4.8,0,"Full-service tobacconist offering a large selection of cigars & accessories, plus a smoking lounge.",False,google_places,,ChIJ3zyLgOxhhYARSTToWmtigCE,+1 925-280-5537,bar,,,
4ddc689b-c6d6-49b4-96b0-89d62fe5b5fa,Lavender Dream Nails,"1510 N California Blvd, Walnut Creek, CA 94596, USA",,37.9001227,-122.0635519,2026-07-18 02:53:28.927470,,,,4.3,0,,False,google_places,,ChIJkVyy1OphhYARMVfGEZLHZDM,(925) 433-5948,beauty_salon,https://lavenderdreamnails.com/book,"Monday: 9:30 AM – 7:00 PM
Tuesday: 9:30 AM – 7:00 PM
Wednesday: 9:30 AM – 7:00 PM
Thursday: 9:30 AM – 7:00 PM
Friday: 9:30 AM – 7:00 PM
Saturday: 9:30 AM – 7:00 PM
Sunday: 9:30 AM – 6:00 PM",
4de412f9-2f66-4a26-a076-23f00782528c,Essence Jiu Jitsu Walnut Creek,"1500 S Main St, Walnut Creek, CA 94596, USA",,37.8902852,-122.05726609999999,2026-07-17 19:28:30.827473,/static/logos/f493de8a98a14db8a58a8889aff7fffb.jpg,/static/banners/e2ce352016344a33b119bffd04d159ee.jpg,,4.9,0,,False,google_places,,ChIJPylbIVZhhYAREAg7wFoQVZY,(925) 404-9876,gym,https://essencebjjwalnutcreek.com/,"Monday: 6:00 AM – 8:00 PM
Tuesday: 6:00 AM – 8:00 PM
Wednesday: 6:00 AM – 8:00 PM
Thursday: 6:00 AM – 8:00 PM
Friday: 6:00 AM – 8:00 PM
Saturday: 6:00 AM – 8:00 PM
Sunday: 6:00 AM – 8:00 PM",
4e7473d0-50a1-44f8-b446-044b28eca0a1,Painted Mane,"1768 N Broadway, Walnut Creek, CA 94596, USA",,37.9036721,-122.0609065,2026-07-18 02:53:28.927522,,,,4.7,0,,False,google_places,,ChIJSVOVSiphhYARf5tQ75lF3ck,(925) 954-7539,beauty_salon,https://paintedmaneco.com/,"Monday: 10:00 AM – 5:00 PM
Tuesday: 9:00 AM – 5:00 PM
Wednesday: 9:00 AM – 6:00 PM
Thursday: 9:00 AM – 6:00 PM
Friday: 9:00 AM – 5:00 PM
Saturday: 9:00 AM – 5:00 PM
Sunday: 11:00 AM – 4:00 PM",
4e9f2a45-f06d-4fb0-8b29-293c10734fd1,Methi Walnut Creek,"1251 S California Blvd, Walnut Creek, CA 94596, USA",,37.895265699999996,-122.0625927,2026-07-17 19:28:30.827973,/static/logos/f1d6e50c897e4566a048aa4bf54a59d8.jpg,/static/banners/891ca96faba64781ab0a11855d23642a.jpg,,4.8,0,,False,google_places,,ChIJjVZXfjNhhYARK8kpgSlCW7U,(510) 588-3323,indian_restaurant,https://www.methiwalnutcreek.com/,"Monday: 11:00 AM – 3:00 PM, 4:30 – 9:00 PM
Tuesday: 11:00 AM – 3:00 PM, 4:30 – 9:00 PM
Wednesday: 11:00 AM – 3:00 PM, 4:30 – 9:00 PM
Thursday: 11:00 AM – 3:00 PM, 4:30 – 9:00 PM
Friday: 11:00 AM – 3:00 PM, 4:30 – 9:00 PM
Saturday: 11:00 AM – 3:00 PM, 4:30 – 9:00 PM
Sunday: 11:00 AM – 3:00 PM, 4:30 – 9:00 PM",
4ecb39ec-8f73-4988-9bc5-e95257fc036f,Koin Coffee,"325 N Wiget Ln Ste 100, Walnut Creek, CA 94598, USA",,37.9280988,-122.027362,2026-07-18 03:53:23.024136,,,,4.6,0,,False,google_places,,ChIJy7K-XwBhhYARo8W74vM5GII,(925) 476-5072,cafe,https://www.koinoniacoffee.us/,"Monday: 7:00 AM – 3:30 PM
Tuesday: 7:00 AM – 3:30 PM
Wednesday: 7:00 AM – 3:30 PM
Thursday: 7:00 AM – 3:30 PM
Friday: 7:00 AM – 3:30 PM
Saturday: 7:00 AM – 2:00 PM
Sunday: 7:00 AM – 2:00 PM",
501c256a-471d-4ff4-88a9-60de9231e6e7,Beauty of Earth Rejuvenation Clinic,"2925 N Main St, Walnut Creek, CA 94597, USA",,37.926906800000005,-122.062621,2026-07-18 03:53:23.025071,,,,5.0,0,,False,google_places,,ChIJta3rN8BhhYAR4o9f7p5OENE,(510) 365-0961,spa,http://www.beautyofearth.us/,"Monday: 9:00 AM – 5:00 PM
Tuesday: 9:00 AM – 5:00 PM
Wednesday: 9:00 AM – 5:00 PM
Thursday: 9:00 AM – 5:00 PM
Friday: 9:00 AM – 5:00 PM
Saturday: 9:00 AM – 5:00 PM
Sunday: 9:00 AM – 5:00 PM",
51beb341-9dd5-4b51-a75b-09b87024c7f0,Lumina Day Spa,"Under arch in back parking lot, 1829 Mt Diablo Blvd Unit E, Walnut Creek, CA 94596, USA",,37.8969953,-122.06532659999999,2026-07-18 03:53:23.025084,,,,5.0,0,,False,google_places,,ChIJlY9HjK1hhYARrgruBh_Fbmk,(925) 952-9988,spa,https://www.luminadayspa.com/,"Monday: 10:00 AM – 9:00 PM
Tuesday: 10:00 AM – 9:00 PM
Wednesday: 10:00 AM – 9:00 PM
Thursday: 10:00 AM – 9:00 PM
Friday: 10:00 AM – 9:00 PM
Saturday: 10:00 AM – 9:00 PM
Sunday: 10:00 AM – 9:00 PM",
531fae3c-3a2a-47cd-8003-726c05b2be48,Walnut Creek Aesthetics,"1355 N Main St, Walnut Creek, CA 94596, USA",,37.8982743,-122.0606035,2026-07-18 03:53:23.024972,,,,4.9,0,,False,google_places,,ChIJUTA7HS1hhYARuJBXl4Ekqd4,(925) 954-7512,spa,https://walnutcreekaesthetics.com/?utm_source=google&utm_medium=organic&utm_campaign=gbp,"Monday: 10:00 AM – 2:00 PM
Tuesday: 10:00 AM – 5:00 PM
Wednesday: 10:00 AM – 2:00 PM
Thursday: 10:00 AM – 5:00 PM
Friday: 10:00 AM – 5:00 PM
Saturday: 10:00 AM – 2:00 PM
Sunday: Closed",
53597881-3a77-48a0-bfe8-fe9459c9ad64,Bar Camino,"1470 N Broadway, Walnut Creek, CA 94596, USA",,37.9004492,-122.0599218,2026-07-17 19:28:30.827987,/static/logos/235f4e086e964db7bd68afa347464340.jpg,/static/banners/fb7e30e9628d484eb06114d66de8aeca.jpg,,4.3,0,,False,google_places,,ChIJ___vDcBhhYARk3PCxaJgVMY,(925) 722-6466,mexican_restaurant,https://barcamino.com/,"Monday: 11:30 AM – 8:30 PM
Tuesday: 11:30 AM – 8:30 PM
Wednesday: 11:30 AM – 8:30 PM
Thursday: 11:30 AM – 8:30 PM
Friday: 11:30 AM – 9:30 PM
Saturday: 11:30 AM – 9:30 PM
Sunday: 11:30 AM – 8:30 PM",
539ec70a-c5e8-4ea9-ac61-b451ea735c7c,Kiku Sushi & Vegetarian,"261 Lafayette Cir, Lafayette, CA 94549, USA",,37.8907893,-122.12267689999999,2026-07-18 02:53:28.927859,,,,4.6,0,,False,google_places,,ChIJKQugWRtjhYARMyGm35Ys0cs,(925) 385-0711,japanese_restaurant,https://kikusushivegetarian.com/kikusushivegetarian-lafayette?utm_source=google,"Monday: 11:30 AM – 2:30 PM, 5:00 – 9:00 PM
Tuesday: 11:30 AM – 2:30 PM, 5:00 – 9:00 PM
Wednesday: 11:30 AM – 2:30 PM, 5:00 – 9:00 PM
Thursday: 11:30 AM – 2:30 PM, 5:00 – 9:00 PM
Friday: 11:30 AM – 2:30 PM, 5:00 – 9:30 PM
Saturday: 12:00 – 3:00 PM, 5:00 – 9:30 PM
Sunday: 12:00 – 3:00 PM, 4:30 – 8:00 PM",
5480f3f4-fdaa-4953-a689-667571fff6f1,Cielito Cocina Mexicana,"445 Railroad Ave, Danville, CA 94526, USA",,37.8186896,-121.9969369,2026-07-18 02:53:28.928276,,,,4.4,0,"Locally minded Cal-Mexican & Oaxacan dishes, plus tequila & mezcal, in airy, upbeat surrounds.",False,google_places,,ChIJBbyLF8yNj4AR5UPiP3k3VZ8,(925) 725-4732,mexican_restaurant,https://cielitodanville.com/,"Monday: 11:30 AM – 9:00 PM
Tuesday: 11:30 AM – 9:00 PM
Wednesday: 11:30 AM – 9:00 PM
Thursday: 11:30 AM – 9:00 PM
Friday: 11:30 AM – 10:00 PM
Saturday: 11:00 AM – 10:00 PM
Sunday: 11:00 AM – 9:00 PM",
548bcb3d-e9cd-4f76-acde-6e984fb6a843,Timeless Beauty Bar - Liz Timeless,"2517 N Main St, Walnut Creek, CA 94597, USA",,37.9178426,-122.0661483,2026-07-18 03:53:23.024451,,,,5.0,0,,False,google_places,,ChIJrUUvIQZhhYARLHDLsG0drCk,(925) 478-6037,hair_care,https://www.thetimelessbeautybar.net/,"Monday: Closed
Tuesday: 9:00 AM – 5:00 PM
Wednesday: 10:00 AM – 6:00 PM
Thursday: 10:00 AM – 6:00 PM
Friday: 10:00 AM – 6:00 PM
Saturday: 10:00 AM – 5:00 PM
Sunday: 10:00 AM – 4:00 PM",
55d9fe98-fefc-4601-af99-61818eabd664,Sixteen Eighty Eight,"1688 Locust St, Walnut Creek, CA 94596, USA",,37.901956,-122.06313899999998,2026-07-18 03:53:23.024559,,,,4.1,0,,False,google_places,,ChIJ6fS2BZVhhYARuDoc9UFbwgg,(925) 935-1688,hair_care,http://sixteen88ahairstudio.com/,"Monday: 10:00 AM – 6:00 PM
Tuesday: 10:00 AM – 6:00 PM
Wednesday: 10:00 AM – 6:00 PM
Thursday: 10:00 AM – 6:00 PM
Friday: 10:00 AM – 6:00 PM
Saturday: 10:00 AM – 6:00 PM
Sunday: 10:00 AM – 6:00 PM",
5639a497-7bab-4436-a597-a6a02ded8016,Papa Johns Pizza,"1280 B Newell Ave, Walnut Creek, CA 94596, USA",,37.894247299999996,-122.05471109999999,2026-07-17 19:28:30.827773,/static/logos/3a21a742a9f041b2b50e190b3101d062.jpg,/static/banners/8e4a6277583d426f9e1d7a899cddb39c.jpg,,3.8,0,"Pizza take-out & delivery chain offering classic & specialty pizzas, plus wings, sides & desserts.",False,google_places,,ChIJE6MTmMRhhYARPgY1fUcl94M,(925) 933-7272,pizza_restaurant,https://locations.papajohns.com/united-states/ca/94596/walnut-creek/1280-b-newell-avenue?utm_source=gmb&utm_medium=organic&y_source=1_MTA2OTM1MjAtNzE1LWxvY2F0aW9uLndlYnNpdGU%3D,"Monday: 10:00 AM – 2:00 AM
Tuesday: 10:00 AM – 2:00 AM
Wednesday: 10:00 AM – 2:00 AM
Thursday: 10:00 AM – 2:00 AM
Friday: 10:00 AM – 3:00 AM
Saturday: 10:00 AM – 2:00 AM
Sunday: 10:00 AM – 2:00 AM",
56411755-856b-496a-953a-6390caeb9655,La Châtaigne,"35 Lafayette Cir, Lafayette, CA 94549, USA",,37.8913413,-122.119359,2026-07-18 03:53:23.025162,,,,4.7,0,,False,google_places,,ChIJJ-U7lVpihYARYf7gRT3SbqE,(925) 283-3324,bakery,,"Monday: Closed
Tuesday: 9:00 AM – 4:00 PM
Wednesday: 8:00 AM – 4:00 PM
Thursday: 8:00 AM – 4:00 PM
Friday: 8:00 AM – 4:00 PM
Saturday: 8:00 AM – 4:00 PM
Sunday: 8:00 AM – 4:00 PM",
56607821-2d3c-41a8-bcf7-802b4eebcffe,F.s. Charlie Hair,"1651 Botelho Dr 190 suite 15, Walnut Creek, CA 94596, USA",,37.893667199999996,-122.06246170000001,2026-07-18 03:53:23.024536,,,,5.0,0,,False,google_places,,ChIJfXCp-_lhhYARTTLq7NFwBbo,(929) 390-2057,hair_care,https://www.fscharliehair.com/,"Monday: Closed
Tuesday: 10:00 AM – 5:00 PM
Wednesday: 10:00 AM – 5:00 PM
Thursday: 10:00 AM – 5:00 PM
Friday: Closed
Saturday: 10:00 AM – 3:00 PM
Sunday: Closed",
5676d435-e99a-4498-af9f-629dd6c7ed40,Hanazen,"87 Orinda Way, Orinda, CA 94563, USA",,37.8855068,-122.19244359999999,2026-07-18 02:53:28.928005,,,,4.9,0,Family-run Japanese eatery handcrafting a variety of sushi selections in an intimate setting.,False,google_places,,ChIJN9NDEtx8hYARAZHCtBAgMwA,(925) 254-3611,japanese_restaurant,http://www.myhanazen.com/,"Monday: Closed
Tuesday: 5:30 – 9:00 PM
Wednesday: 5:30 – 9:00 PM
Thursday: 5:30 – 9:00 PM
Friday: 5:30 – 9:30 PM
Saturday: 5:30 – 9:00 PM
Sunday: Closed",
5703fb78-7a2f-414d-a56c-bf100df8ac7b,Body Renew Spa,"2921 N Main St, Walnut Creek, CA 94597, USA",,37.9268673,-122.0626482,2026-07-18 03:53:23.025065,,,,3.0,0,,False,google_places,,ChIJ6Wp-i4JhhYARoyR3IDrYd2A,(925) 557-7766,spa,,"Monday: 9:00 AM – 9:00 PM
Tuesday: 9:00 AM – 9:00 PM
Wednesday: 9:00 AM – 9:00 PM
Thursday: 9:00 AM – 9:00 PM
Friday: 9:00 AM – 9:00 PM
Saturday: 9:00 AM – 9:00 PM
Sunday: 9:00 AM – 9:00 PM",
57287147-b3a1-457d-b4ba-5ea34c115a79,Modern China,"1525 N Main St, Walnut Creek, CA 94596, USA",,37.90036999999999,-122.0614645,2026-02-05 03:31:32.920333,/static/logos/5a2e411f21f8487c95b2e7ce5826e976.jpg,/static/banners/10abb1ecf1264b348e1fabc8bb4ee5cd.jpg,,3.9,0,"Locals come for Asian-inspired dishes, happy hour & seating on the heated front patio.",False,google_places,,ChIJiWRsq-phhYARTdZx1nAfodY,(925) 988-8008,bar,http://www.modernchinacafe.com/,"Monday: 4:00 PM – 12:00 AM
Tuesday: 4:00 PM – 12:00 AM
Wednesday: 11:00 AM – 12:00 AM
Thursday: 11:00 AM – 12:00 AM
Friday: 11:00 AM – 1:00 AM
Saturday: 11:00 AM – 1:00 AM
Sunday: 11:00 AM – 12:00 AM",
58bf5f1e-6d3c-459d-9a6a-7b2e013923e4,Sasa,"1432 N Main St, Walnut Creek, CA 94596, USA",,37.899757,-122.0607693,2026-02-05 03:31:32.920176,/static/logos/de941038b4944b62a597f496ee9b7bf6.jpg,/static/banners/01ad2c56a17d4769aedef8b85772baa8.jpg,,4.3,0,"This lively eatery sets the mood with a menu of Japanese small plates, inventive sushi & cocktails.",False,google_places,,ChIJyfeqGcBhhYARqzw7vSo4O1A,(925) 546-5323,restaurant,http://sasawc.com/,"Monday: 5:00 – 9:00 PM
Tuesday: 5:00 – 9:00 PM
Wednesday: 5:00 – 9:00 PM
Thursday: 5:00 – 9:00 PM
Friday: 11:30 AM – 3:00 PM, 5:00 – 10:00 PM
Saturday: 11:30 AM – 3:00 PM, 4:00 – 10:00 PM
Sunday: 11:30 AM – 3:00 PM, 4:00 – 9:00 PM",
591bba25-2e5d-470a-b7ee-f53646d8c5ae,House of Sake,"313 N Civic Dr, Walnut Creek, CA 94596, USA",,37.9111222,-122.06046389999999,2026-07-18 02:53:28.927785,,,,4.5,0,"Standard Japanese mainstay serving teriyaki, udon & sushi with a variety of sake choices.",False,google_places,,ChIJyS-Iu6JhhYARcIlt1lx97vE,(925) 930-8811,japanese_restaurant,http://www.thehouseofsake.com/,"Monday: 11:30 AM – 2:30 PM, 3:30 – 8:00 PM
Tuesday: 11:30 AM – 2:30 PM, 3:30 – 8:00 PM
Wednesday: 11:30 AM – 2:30 PM, 3:30 – 8:00 PM
Thursday: 11:30 AM – 2:30 PM, 3:30 – 8:00 PM
Friday: 11:30 AM – 2:30 PM, 3:30 – 9:00 PM
Saturday: 4:30 – 9:00 PM
Sunday: 4:30 – 8:00 PM",
592546e4-4c4f-4f10-95bd-ffc56eae205e,Doppio Zero Concord Veranda,"2025 Diamond Blvd, Concord, CA 94520, USA",,37.9708701,-122.05815550000001,2026-07-18 02:53:28.927585,,,,4.4,0,,False,google_places,,ChIJ-0BX-cZmhYARtH-tgguJKOU,(925) 691-3805,pizza_restaurant,https://doppiozerogroup.com/doppiozeroconcordveranda?utm_source=google,"Monday: 11:30 AM – 2:30 PM, 4:30 – 9:30 PM
Tuesday: 11:30 AM – 2:30 PM, 4:30 – 9:30 PM
Wednesday: 11:30 AM – 2:30 PM, 4:30 – 9:30 PM
Thursday: 11:30 AM – 2:30 PM, 4:30 – 9:30 PM
Friday: 11:30 AM – 10:00 PM
Saturday: 11:30 AM – 10:00 PM
Sunday: 11:30 AM – 9:30 PM",
59409f6e-3630-4ce1-bec6-277bdfc47db0,European Delights,"2236 Oak Grove Rd a, Walnut Creek, CA 94598, USA",,37.9307442,-122.0153111,2026-07-18 03:53:23.025101,,,,4.6,0,,False,google_places,,ChIJG3zqATBhhYARGyMh-sO3WrE,(925) 322-8414,bakery,http://www.european-delights.com/,"Monday: 7:00 AM – 1:00 PM
Tuesday: 7:00 AM – 1:00 PM
Wednesday: 7:00 AM – 1:00 PM
Thursday: 7:00 AM – 1:00 PM
Friday: 7:00 AM – 1:00 PM
Saturday: 7:00 AM – 1:00 PM
Sunday: 7:00 AM – 1:00 PM",
59657747-99f3-4eb8-80fc-ac6bda7958a5,Sumo Grill,"1170 Arnold Dr Ste 106, Martinez, CA 94553, USA",,37.99339,-122.10173109999998,2026-07-18 02:53:28.927882,,,,4.8,0,,False,google_places,,ChIJcx1erF1lhYARbuDhbr1OTrc,(925) 387-8171,japanese_restaurant,http://sumogrillusa.com/,"Monday: Closed
Tuesday: 11:00 AM – 9:00 PM
Wednesday: 11:00 AM – 9:00 PM
Thursday: 11:00 AM – 9:00 PM
Friday: 11:00 AM – 9:00 PM
Saturday: 11:00 AM – 9:00 PM
Sunday: 11:00 AM – 9:00 PM",
59b6b958-3de8-4da9-91f0-efc37edfa638,New Day Massage Spa,"544 Ygnacio Valley Rd, Walnut Creek, CA 94596, USA",,37.9070234,-122.06306989999999,2026-07-18 03:53:23.025041,,,,4.4,0,,False,google_places,,ChIJkTpThDhhhYARLi1idzbDbyE,(925) 933-9288,spa,,"Monday: 10:00 AM – 10:00 PM
Tuesday: 10:00 AM – 10:00 PM
Wednesday: 10:00 AM – 10:00 PM
Thursday: 10:00 AM – 10:00 PM
Friday: 10:00 AM – 10:00 PM
Saturday: 10:00 AM – 10:00 PM
Sunday: 10:00 AM – 10:00 PM",
59f51ddb-f2a4-4673-bc58-724a20ad3f3f,Safeway Bakery,"600 S Broadway, Walnut Creek, CA 94596, USA",,37.897944599999995,-122.0566559,2026-07-18 03:53:23.025190,,,,5.0,0,,False,google_places,,ChIJFdF8QsFhhYARQKAucGlpFPI,(925) 935-9205,bakery,http://www.safeway.com/,"Monday: 5:00 AM – 2:00 AM
Tuesday: 5:00 AM – 2:00 AM
Wednesday: 5:00 AM – 2:00 AM
Thursday: 5:00 AM – 2:00 AM
Friday: 5:00 AM – 2:00 AM
Saturday: 5:00 AM – 2:00 AM
Sunday: 5:00 AM – 2:00 AM",
5a0beb65-73b4-4af6-ab31-75dfceb6a07b,Kitava,"1699 N California Blvd, Walnut Creek, CA 94596, USA",,37.9024668,-122.0650766,2026-07-18 02:53:28.926981,,,,4.7,0,,False,google_places,,ChIJDZTzSWphhYARiowTknAJrzA,(925) 430-2901,restaurant,https://www.kitava.com/,"Monday: 11:00 AM – 9:00 PM
Tuesday: 11:00 AM – 9:00 PM
Wednesday: 11:00 AM – 9:00 PM
Thursday: 11:00 AM – 9:00 PM
Friday: 10:00 AM – 9:00 PM
Saturday: 10:00 AM – 9:00 PM
Sunday: 10:00 AM – 9:00 PM",
5a7595d3-2725-42d1-8ca8-1c12abd2326d,Salons by JC - Walnut Creek,"1940 Tice Valley Blvd #E, Walnut Creek, CA 94595, USA",,37.878971,-122.0726165,2026-07-18 03:53:23.024415,,,,4.8,0,,False,google_places,,ChIJdbD74wlhhYARGlE8fkFD-0s,(925) 285-2095,hair_care,https://salonsbyjc.com/salon-services/?location=california-walnut-creek,"Monday: Closed
Tuesday: 9:00 AM – 6:00 PM
Wednesday: 9:00 AM – 6:00 PM
Thursday: 9:00 AM – 6:00 PM
Friday: 9:00 AM – 6:00 PM
Saturday: 9:00 AM – 6:00 PM
Sunday: Closed",
5a875576-c7b5-45de-b83b-299d076b252c,China Palace Restaurant,"2932 N Main St, Walnut Creek, CA 94596, USA",,37.9275479,-122.06111340000001,2026-07-18 02:53:28.927614,,,,4.2,0,"Locally owned, down-to-earth place offering egg foo yong, orange chicken & other Chinese food.",False,google_places,,ChIJGes0xHJhhYAREPjNkQp7KuQ,(925) 935-3233,chinese_restaurant,http://www.chinapalacewalnutcreek.com/,"Monday: Closed
Tuesday: 11:00 AM – 9:00 PM
Wednesday: 11:00 AM – 9:00 PM
Thursday: 11:00 AM – 9:00 PM
Friday: 11:00 AM – 9:00 PM
Saturday: 11:00 AM – 9:00 PM
Sunday: 1:00 – 9:00 PM",
5b123550-d68a-4fae-b993-8013360029c5,Hops & Scotch,"Corner of Treat and Oak, 7001 Sunne Ln #100, Walnut Creek, CA 94597, USA",,37.926772899999996,-122.05678820000001,2026-07-18 02:53:28.927241,,,,4.3,0,,False,google_places,,ChIJZXU3awxhhYAR5reklvhldSo,(925) 378-7980,bar,https://www.hnsbar.com/,"Monday: 3:00 – 11:00 PM
Tuesday: 3:00 – 11:00 PM
Wednesday: 12:30 – 11:00 PM
Thursday: 12:30 – 11:00 PM
Friday: 12:30 – 11:00 PM
Saturday: 12:30 – 11:00 PM
Sunday: 12:30 – 11:00 PM",
5b1af575-b264-4776-bfdd-dbec75d59498,Creek House Dim Sum Restaurant,"1291 Parkside Dr, Walnut Creek, CA 94596, USA",,37.9113788,-122.06188660000001,2026-07-18 02:53:28.927620,,,,4.1,0,Chinese eatery in a commercial complex offers a menu spanning standard & less familiar dishes.,False,google_places,,ChIJSWRajnNhhYARV3oQerX5TZI,(925) 256-6869,chinese_restaurant,https://www.creekhousedimsum.com/,"Monday: 10:00 AM – 3:00 PM, 4:30 – 8:30 PM
Tuesday: 10:00 AM – 3:00 PM, 4:30 – 8:30 PM
Wednesday: 10:00 AM – 3:00 PM, 4:30 – 8:30 PM
Thursday: 10:00 AM – 3:00 PM, 4:30 – 8:30 PM
Friday: 10:00 AM – 3:00 PM, 4:30 – 9:00 PM
Saturday: 10:00 AM – 3:00 PM, 4:30 – 9:00 PM
Sunday: 10:00 AM – 3:00 PM, 4:30 – 8:30 PM",
5b5c8d05-eb46-4458-986b-78e4bb2a148b,The Lounge Nail Spa,"1323 Locust St, Walnut Creek, CA 94596, USA",,37.8978451,-122.06173209999999,2026-07-18 02:53:28.927487,,,,4.6,0,,False,google_places,,ChIJVeSWowZhhYAR_1f60CqLnNI,(925) 945-0340,beauty_salon,https://theloungenailspawalnutcreek.com/,"Monday: 10:00 AM – 7:00 PM
Tuesday: 10:00 AM – 7:00 PM
Wednesday: 10:00 AM – 7:00 PM
Thursday: 10:00 AM – 7:00 PM
Friday: 10:00 AM – 7:00 PM
Saturday: 10:00 AM – 7:00 PM
Sunday: 10:00 AM – 6:00 PM",
5cc4e75e-a564-405f-8a0c-57f7012893a3,Taqueria Extra & Cantina,"1359 Locust St, Walnut Creek, CA 94596, USA",,37.8982689,-122.0620163,2026-07-17 19:28:30.828006,/static/logos/8db506fbe03341dbb7da3f58d5feff15.jpg,/static/banners/40aa304ab0e74caba8886b4b2386f742.jpg,,4.3,0,,False,google_places,,ChIJdTx9lGZhhYAR7VaP3lb-1Tk,(925) 464-7626,mexican_restaurant,https://taqueriaextra.com/,"Monday: 10:00 AM – 10:00 PM
Tuesday: 10:00 AM – 10:00 PM
Wednesday: 10:00 AM – 10:00 PM
Thursday: 10:00 AM – 10:00 PM
Friday: 10:00 AM – 10:00 PM
Saturday: 10:00 AM – 10:00 PM
Sunday: 10:00 AM – 10:00 PM",
5cd68cf2-a01a-4ff3-b907-b714bd0d79f0,Starbread,"706 Contra Costa Blvd, Pleasant Hill, CA 94523, USA",,37.9710447,-122.06451829999999,2026-07-18 03:53:23.025136,,,,4.6,0,,False,google_places,,ChIJjYKELblmhYARbwtzAGY9pxs,(925) 446-4416,bakery,https://www.facebook.com/StarBread-Bakery-160283663492/,"Monday: 7:00 AM – 7:00 PM
Tuesday: 7:00 AM – 7:00 PM
Wednesday: 7:00 AM – 7:00 PM
Thursday: 7:00 AM – 7:00 PM
Friday: 7:00 AM – 7:00 PM
Saturday: 7:00 AM – 7:00 PM
Sunday: 7:00 AM – 7:00 PM",
5cf64098-d1aa-467f-82bc-cbc49d18b861,WiseGirl,"1932 Oak Park Blvd, Pleasant Hill, CA 94523, USA",,37.934108699999996,-122.07533910000001,2026-07-18 02:53:28.927294,,,,4.4,0,Dynamic cocktail lounge & Italian eatery for classic dishes served in Prohibition Era–inspired digs.,False,google_places,,ChIJW3XEeGdhhYARIZ4-Smba0Gk,(925) 448-9888,bar,http://www.wisegirlph.com/,"Monday: Closed
Tuesday: 11:00 AM – 9:00 PM
Wednesday: 11:00 AM – 9:00 PM
Thursday: 11:00 AM – 9:00 PM
Friday: 11:00 AM – 10:00 PM
Saturday: 11:00 AM – 10:00 PM
Sunday: 10:00 AM – 8:00 PM",
5d1d36e9-8c77-49ba-b8ac-a3a84bc59882,Legacy Barbers,"1616 Bonanza St, Walnut Creek, CA 94596, USA",,37.8996565,-122.0626887,2026-07-18 02:53:28.927459,,,,5.0,0,,False,google_places,,ChIJi-r-FNNhhYARnnnEl9o9rg4,(925) 433-5265,hair_care,https://www.legacybarbers.com/,"Monday: 9:00 AM – 7:00 PM
Tuesday: 9:00 AM – 7:00 PM
Wednesday: 8:00 AM – 7:00 PM
Thursday: 8:00 AM – 7:00 PM
Friday: 8:00 AM – 7:00 PM
Saturday: 8:00 AM – 5:00 PM
Sunday: 9:00 AM – 5:00 PM",
5d79cb5d-9f96-468e-9c69-710c9baaba0a,Life Time,"1315 Broadway Plaza, Walnut Creek, CA 94596, USA",,37.894783,-122.05815550000001,2026-07-17 19:28:30.827391,/static/logos/ed6d6a6eb47e425ab16907e72368b2da.jpg,/static/banners/080c9e076edc42f8817209728c3047b8.jpg,,3.4,0,,False,google_places,,ChIJP1bKbCRhhYARUvHlhPjuVgc,(925) 951-4900,gym,https://www.lifetime.life/locations/ca/walnut-creek.html?utm_source=google&utm_medium=local&utm_campaign=google-local-club,"Monday: 4:00 AM – 11:00 PM
Tuesday: 4:00 AM – 11:00 PM
Wednesday: 4:00 AM – 11:00 PM
Thursday: 4:00 AM – 11:00 PM
Friday: 4:00 AM – 11:00 PM
Saturday: 5:00 AM – 10:00 PM
Sunday: 5:00 AM – 10:00 PM",
5def9ef9-436e-422f-ac61-95b8d3f19e97,Wellness Creek Cafe,"1425 S Main St, Walnut Creek, CA 94596, USA",,37.8915955,-122.05908629999998,2026-07-18 03:53:23.024216,,,,3.5,0,,False,google_places,,ChIJN_T9Mt1hhYAR3KvAIdFu4EU,(925) 295-4000,cafe,,"Monday: 9:00 AM – 2:00 PM
Tuesday: 8:00 AM – 2:00 PM
Wednesday: 8:00 AM – 2:00 PM
Thursday: 8:00 AM – 2:00 PM
Friday: 9:00 AM – 2:00 PM
Saturday: 9:00 AM – 3:00 PM
Sunday: 9:00 AM – 3:00 PM",
5e5d4550-36d9-4897-b709-cdb657cff95d,IKOI Sushi -- Walnut Creek,"1632 N Main St, Walnut Creek, CA 94596, USA",,37.901191399999995,-122.0613259,2026-07-17 19:28:30.827900,/static/logos/875f0161fbb045279d63d54108611f3c.jpg,/static/banners/9f977fb214b747f5b167964f495cacda.jpg,,4.7,0,"A friendly, unassuming spot for sushi, sashimi & Japanese small bites offered in bright environs.",False,google_places,,ChIJWzDjWZVhhYARt0etOKzCc60,(925) 476-5222,japanese_restaurant,http://www.ikoiwc.com/,"Monday: 3:00 – 9:00 PM
Tuesday: 3:00 – 9:00 PM
Wednesday: Closed
Thursday: Closed
Friday: 3:00 – 9:00 PM
Saturday: 3:00 – 9:00 PM
Sunday: Closed",
5e7be53c-8313-4236-a4a7-7c8bdf69fcd2,Vinnie's Bar & Grill,"2045 Mt Diablo St, Concord, CA 94520, USA",,37.9778842,-122.0352067,2026-07-18 02:53:28.927288,,,,4.3,0,"Casual eatery offering breakfast, pub grub & drinks, plus live music on weekend nights.",False,google_places,,ChIJ-0NY_iZnhYARcQePpU-ImU4,(925) 685-9515,bar,https://www.vinniesbar.com/?utm_source=cumulus&utm_medium=onlinepresence&utm_campaign=gbp,"Monday: 11:00 AM – 2:00 AM
Tuesday: 11:00 AM – 2:00 AM
Wednesday: 11:00 AM – 2:00 AM
Thursday: 11:00 AM – 2:00 AM
Friday: 11:00 AM – 2:00 AM
Saturday: 11:00 AM – 2:00 AM
Sunday: 11:00 AM – 2:00 AM",
5e811fcd-93ee-435b-8768-01ef2d814e7f,Plearn Thai Palace,"1510 N Main St, Walnut Creek, CA 94596, USA",,37.900150499999995,-122.0610118,2026-07-17 19:28:30.827967,/static/logos/a599404a3dc44119a72b22fb43ac22d6.jpg,/static/banners/1bf200b971ed41d4b6297761689680f2.jpg,,4.5,0,"Cozy locale for Thai fare including curries, noodles & vegetarian dishes with takeout available.",False,google_places,,ChIJU_E4qOphhYARHAu-ttl51KI,(925) 937-7999,thai_restaurant,https://plearn-thai-palace.square.site/,"Monday: 11:30 AM – 2:30 PM, 5:00 – 9:00 PM
Tuesday: 11:30 AM – 2:30 PM, 5:00 – 9:00 PM
Wednesday: 11:30 AM – 2:30 PM, 5:00 – 9:00 PM
Thursday: 11:30 AM – 2:30 PM, 5:00 – 9:00 PM
Friday: 11:30 AM – 2:30 PM, 5:00 – 9:00 PM
Saturday: 11:30 AM – 2:30 PM, 5:00 – 9:00 PM
Sunday: 5:00 – 9:00 PM",
5ed5476e-80f6-4370-8ddf-f4b7498e5af1,Karissa B. Walnut Creek Hairstylist,"1698 Bonanza St, Walnut Creek, CA 94596, USA",,37.8994928,-122.0633245,2026-07-18 03:53:23.024524,,,,5.0,0,,False,google_places,,ChIJjY606OU9hYARKoO22tuy8Zk,(925) 933-7836,hair_care,,"Monday: 9:00 AM – 6:00 PM
Tuesday: 9:00 AM – 6:00 PM
Wednesday: Closed
Thursday: 12:00 – 8:00 PM
Friday: 9:00 AM – 6:00 PM
Saturday: 9:00 AM – 5:00 PM
Sunday: Closed",
5f3aaa8d-e690-4e83-92f5-2af287c91845,Perpetual Motion,"1133 Bont Ln, Walnut Creek, CA 94596, USA",,37.896042,-122.06886370000001,2026-07-18 03:53:23.024834,,,,5.0,0,"Fitness center offering personal training & group classes, including options for seniors.",False,google_places,,ChIJSWPkXPxhhYAR8_XnEFIKGgs,(925) 289-9741,gym,http://www.perpetualmotionfit.com/,"Monday: 5:30 AM – 7:30 PM
Tuesday: 5:30 AM – 7:30 PM
Wednesday: 5:30 AM – 7:30 PM
Thursday: 5:30 AM – 7:30 PM
Friday: 5:30 AM – 7:30 PM
Saturday: 9:00 AM – 12:00 PM
Sunday: 9:00 AM – 12:00 PM",
5f8c4ec7-b06e-4474-8411-bceb4f7ff382,The Glam Bar,"2678 N Main St Ste 4, Walnut Creek, CA 94597, USA",,37.9212728,-122.06385429999997,2026-07-18 03:53:23.024628,,,,3.6,0,,False,google_places,,ChIJyzEnAHVhhYARWD7jwdYW8nM,(925) 322-0179,beauty_salon,https://www.theglambarwc.com/,"Monday: 5:00 – 7:00 AM
Tuesday: 5:00 AM – 7:00 PM
Wednesday: 5:00 AM – 7:00 PM
Thursday: 5:00 AM – 7:00 PM
Friday: 5:00 AM – 7:00 PM
Saturday: 5:00 AM – 7:00 PM
Sunday: 5:00 AM – 6:00 PM",
607fe93a-27d5-452e-b452-152491909cac,Ukai Japanese Bistro,"2416 San Ramon Valley Blvd Unit 120, San Ramon, CA 94583, USA",,37.7748177,-121.9751823,2026-07-18 02:53:28.927911,,,,4.5,0,,False,google_places,,ChIJqw4cu2Tzj4ARSsoPtwK0j1I,(925) 718-5479,japanese_restaurant,http://ukaibistro.com/,"Monday: 11:30 AM – 3:00 PM, 5:00 – 9:00 PM
Tuesday: 11:30 AM – 3:00 PM, 5:00 – 9:00 PM
Wednesday: 11:30 AM – 3:00 PM, 5:00 – 9:00 PM
Thursday: 11:30 AM – 3:00 PM, 5:00 – 9:00 PM
Friday: 11:30 AM – 3:00 PM, 5:00 – 10:00 PM
Saturday: 11:30 AM – 3:00 PM, 5:00 – 10:00 PM
Sunday: 11:30 AM – 3:00 PM, 5:00 – 9:00 PM",
61873727-b5e8-48a7-9799-9d03136e9014,The Rising Loafer Cafe & Bakery,"3643 Mount Diablo Blvd, Lafayette, CA 94549, USA",,37.8904175,-122.1263217,2026-07-18 03:53:23.025231,,,,4.2,0,Sustainable eatery known for sandwiches on homemade bread using local fare & Mediterranean dishes.,False,google_places,,ChIJBVDJk1dihYARP3CdVNWvwc8,(925) 284-8816,bakery,http://therisingloafercafeandbakery.square.site/,"Monday: Closed
Tuesday: Closed
Wednesday: 9:00 AM – 3:00 PM
Thursday: 9:00 AM – 3:00 PM
Friday: 9:00 AM – 3:00 PM
Saturday: 9:00 AM – 3:00 PM
Sunday: 9:00 AM – 3:00 PM",
61c15450-39b5-445f-9adc-333f9422e57d,Il Fornaio,"1430 Mt Diablo Blvd, Walnut Creek, CA 94596, USA",,37.8979327,-122.059134,2026-02-05 03:31:32.920097,/static/business_images/27caf3109f3b412ca76213b4fb9599e9.jpg,/static/business_images/6b25d9ecdca14305b7292edc18c8ab88.jpg,,4.2,0,"Upmarket chain for Italian dining, including freshly made pasta & bread from an in-house bakery.",False,google_places,,ChIJqe_jl8FhhYARITLOAM44lPs,(925) 296-0100,restaurant,https://www.ilfornaio.com/location/il-fornaio-walnut-creek/,"Monday: 11:30 AM – 9:30 PM
Tuesday: 11:30 AM – 9:30 PM
Wednesday: 11:30 AM – 9:30 PM
Thursday: 11:30 AM – 9:30 PM
Friday: 11:30 AM – 9:30 PM
Saturday: 11:30 AM – 9:30 PM
Sunday: 11:30 AM – 9:30 PM",
61c67725-aeff-4183-90af-88b96bab2474,Impact Hair Salon,"1330 N Broadway Ste G, Walnut Creek, CA 94596, USA",,37.898882,-122.05896399999999,2026-07-18 03:53:23.024495,,,,4.8,0,,False,google_places,,ChIJdbqJscFhhYARJ4b30CUTbUs,(925) 943-7521,hair_care,http://www.impacthairsalon.com/,"Monday: Closed
Tuesday: 9:00 AM – 5:00 PM
Wednesday: 9:00 AM – 4:30 PM
Thursday: 9:00 AM – 5:00 PM
Friday: 9:00 AM – 4:30 PM
Saturday: 9:00 AM – 2:00 PM
Sunday: Closed",
6235b51a-dfd1-4fec-8c18-edd6ffcc9394,Pacific Bay Coffee Co.,"1495 Newell Ave, Walnut Creek, CA 94596, USA",,37.8927778,-122.0580556,2026-02-05 03:31:32.920278,/static/business_images/bafb3719d3c847be92f6fb69a1af7a36.jpg,/static/business_images/d492f71b6bfd48ce8a3207aa1d59a99e.jpg,,4.4,0,Chill coffeehouse with a patio serving a wide menu of hot & cold drinks plus bagels & pastries.,False,google_places,,ChIJ4dYkJ8NhhYARygKXeU8NQTs,(925) 378-7123,cafe,http://pacificbaycoffee.com/,"Monday: 7:00 AM – 4:00 PM
Tuesday: 7:00 AM – 4:00 PM
Wednesday: 7:00 AM – 4:00 PM
Thursday: 7:00 AM – 4:00 PM
Friday: 7:00 AM – 4:00 PM
Saturday: 8:00 AM – 3:00 PM
Sunday: 8:00 AM – 3:00 PM",
6247bd88-2d7a-45da-92d1-e3677b566ec4,Lucent Aesthetic - Dr. Valerie Schneider,"1600 S Main St #145, Walnut Creek, CA 94596, USA",,37.8890074,-122.056033,2026-02-05 03:31:32.920543,/static/business_images/c43a1329067b421583c132a23e478899.jpg,/static/business_images/89ada5f954644f4ebdca76190f9e8aad.jpg,,4.9,0,,False,google_places,,ChIJPfOZGbFhhYARBTjzv60icwk,+1 925-933-3194,beauty_salon,,,
6257b3e6-d0ae-4121-b27e-d228271abfde,Dumpling Hours,"1389 N Main St, Walnut Creek, CA 94596, USA",,37.8989601,-122.06115059999999,2026-07-17 19:28:30.827826,/static/logos/445f160c9d3c45d8ab2011dea72b1284.jpg,/static/banners/6896a2cca94e4f9399bdffec8fa487be.jpg,,4.3,0,,False,google_places,,ChIJgf9PxgphhYARf6li2fPJ-_4,(925) 933-8888,chinese_restaurant,https://order.mealkeyway.com/merchant/50746e6661733466686e464432426a4a4d6e6c7937513d3d/main,"Monday: 11:30 AM – 9:00 PM
Tuesday: 11:30 AM – 9:00 PM
Wednesday: 11:30 AM – 9:00 PM
Thursday: 11:30 AM – 9:00 PM
Friday: 11:30 AM – 9:00 PM
Saturday: 11:30 AM – 9:00 PM
Sunday: 11:30 AM – 8:30 PM",
62612f81-0431-4f68-839d-b6083cc0a56d,Club 1220,"1220 Pine St, Walnut Creek, CA 94596, USA",,37.910808599999996,-122.0605822,2026-07-18 02:53:28.927253,,,,4.4,0,"Local nightclub featuring DJs & theme nights that include line dancing, karaoke & drag shows.",False,google_places,,ChIJj2GTrqJhhYARyjFiBsnxB9g,(925) 938-4550,bar,https://www.club1220.com/,"Monday: 4:00 PM – 12:00 AM
Tuesday: 4:00 PM – 12:00 AM
Wednesday: 4:00 PM – 2:00 AM
Thursday: 4:00 PM – 12:00 AM
Friday: 4:00 PM – 2:00 AM
Saturday: 4:00 PM – 2:00 AM
Sunday: 4:00 PM – 12:00 AM",
62662e8b-f05f-4fe0-90b4-1a7073bba673,LITA,"1602 Bonanza St, Walnut Creek, CA 94596, USA",,37.8997813,-122.062542,2026-07-18 02:53:28.926949,,,,4.4,0,,False,google_places,,ChIJTS_YXmNhhYARAU0qEv_E3Pc,(925) 933-5482,restaurant,http://www.litawalnutcreek.com/,"Monday: 11:30 AM – 9:00 PM
Tuesday: 11:30 AM – 9:00 PM
Wednesday: 11:30 AM – 9:00 PM
Thursday: 11:30 AM – 10:00 PM
Friday: 11:30 AM – 10:00 PM
Saturday: 11:00 AM – 10:00 PM
Sunday: 11:00 AM – 9:00 PM",
62765c7a-a81f-4dd8-8788-c9480407b269,Ibrow lash studio,"1605 Locust St, Walnut Creek, CA 94596, USA",,37.900520799999995,-122.06305169999997,2026-07-18 03:53:23.024645,,,,5.0,0,,False,google_places,,ChIJU7RQ_K5hhYARq4yr9uRS1YQ,(925) 446-5901,beauty_salon,https://ibrowlashstudio.com/,"Monday: Closed
Tuesday: 10:00 AM – 6:00 PM
Wednesday: 10:00 AM – 6:00 PM
Thursday: 10:00 AM – 6:00 PM
Friday: 10:00 AM – 7:00 PM
Saturday: 10:00 AM – 6:00 PM
Sunday: 10:00 AM – 5:00 PM",
629a282b-61b7-4e32-b434-9462370d5e91,El Talpense Mexican Restaurant,"3576 Mount Diablo Blvd, Lafayette, CA 94549, USA",,37.8919557,-122.1212648,2026-07-18 02:53:28.928172,,,,4.4,0,,False,google_places,,ChIJIXNSKFJjhYART7lJVHjRlio,(925) 298-5394,mexican_restaurant,https://www.eltalpenselafayette.com/,"Monday: 11:00 AM – 9:00 PM
Tuesday: 11:00 AM – 9:00 PM
Wednesday: 11:00 AM – 9:00 PM
Thursday: 11:00 AM – 9:00 PM
Friday: 11:00 AM – 10:00 PM
Saturday: 11:00 AM – 10:00 PM
Sunday: 11:00 AM – 9:00 PM",
62d83cb8-798c-41ce-978c-6dc3ab3174bb,Mocha Mocha,"John Muir Health, Walnut Creek Medical Center, Walnut Creek, CA 94598, USA",,37.912597399999996,-122.04115809999999,2026-07-18 03:53:23.024186,,,,5.0,0,,False,google_places,,ChIJgUQe_XphhYARRot_xb-kYkE,(925) 947-5282,cafe,,"Monday: 5:30 AM – 11:00 PM
Tuesday: 5:30 AM – 11:00 PM
Wednesday: 5:30 AM – 11:00 PM
Thursday: 5:30 AM – 11:00 PM
Friday: 5:30 AM – 11:00 PM
Saturday: 5:30 AM – 11:00 PM
Sunday: 5:30 AM – 11:00 PM",
6331195a-4217-4561-be26-5ef38cbe6eb1,Oakwood Athletic Club,"4000 Mount Diablo Blvd, Lafayette, CA 94549, USA",,37.890263999999995,-122.148986,2026-07-18 03:53:23.024756,,,,4.4,0,,False,google_places,,ChIJU-cWAuFihYAR-cHGbyGl5sQ,(925) 283-4000,gym,http://www.oakwoodathleticclub.com/,"Monday: 5:00 AM – 10:00 PM
Tuesday: 5:00 AM – 10:00 PM
Wednesday: 5:00 AM – 10:00 PM
Thursday: 5:00 AM – 10:00 PM
Friday: 5:00 AM – 9:00 PM
Saturday: 6:00 AM – 9:00 PM
Sunday: 7:00 AM – 9:00 PM",
634caab8-00d5-4859-bba2-7a1dde5f89f9,Wendy's Nails,"3221 Danville Blvd, Alamo, CA 94507, USA",,37.8480839,-122.0315818,2026-02-05 03:31:32.920447,/static/business_images/948ca255e0374c7cb8d6140e5331f281.jpg,/static/business_images/4a186e1e81794af787f3dfa16edf7994.jpg,,4.1,0,,False,google_places,,ChIJk38i7AOLj4AR6uxErCnisH8,+1 925-831-2966,hair_care,,,
63677e69-b745-42a8-bf85-6e1b857bc59d,WFM Coffee Bar,"2941 Ygnacio Valley Rd, Walnut Creek, CA 94598, USA",,37.925755099999996,-122.0158603,2026-07-18 03:53:23.024228,,,,4.0,0,,False,google_places,,ChIJp_DyD5BhhYARWSkgEnu_QAw,(925) 269-9010,cafe,https://www.wholefoodsmarket.com/stores/ygnaciovalleyroad?utm_source=google&utm_medium=organic&utm_campaign=listings,"Monday: 8:00 AM – 9:00 PM
Tuesday: 8:00 AM – 9:00 PM
Wednesday: 8:00 AM – 9:00 PM
Thursday: 8:00 AM – 9:00 PM
Friday: 8:00 AM – 9:00 PM
Saturday: 8:00 AM – 9:00 PM
Sunday: 8:00 AM – 9:00 PM",
63c1c9d7-7319-4f5b-9d8e-e965f995aa6c,Diablo Rock Gym,"1220 Diamond Way #140, Concord, CA 94520, USA",,37.9647424,-122.05299830000001,2026-07-18 03:53:23.024799,,,,4.6,0,"One of a mini-chain of climbing gyms, featuring a 32-foot wall & 2,000 sq. ft. of bouldering.",False,google_places,,ChIJTVMOKMxmhYARrDQdnYKwQUQ,(925) 602-1000,gym,http://touchstoneclimbing.com/diablorock,"Monday: 6:00 AM – 10:00 PM
Tuesday: 6:00 AM – 10:00 PM
Wednesday: 6:00 AM – 10:00 PM
Thursday: 6:00 AM – 10:00 PM
Friday: 6:00 AM – 10:00 PM
Saturday: 9:00 AM – 6:00 PM
Sunday: 9:00 AM – 6:00 PM",
645f61d6-6e77-45c9-8d04-7607d0d05aa9,Kibo Sushi,"125 Hartz Ave, Danville, CA 94526, USA",,37.824176099999995,-122.0029099,2026-07-18 02:53:28.927928,,,,4.5,0,,False,google_places,,ChIJlUOzlVeLj4ARrwGbc_FFH6I,(925) 362-3263,japanese_restaurant,http://kibosushidanville.com/,"Monday: 5:00 – 9:00 PM
Tuesday: 5:00 – 9:00 PM
Wednesday: 5:00 – 9:00 PM
Thursday: 5:00 – 9:00 PM
Friday: 5:00 – 9:30 PM
Saturday: 5:00 – 9:30 PM
Sunday: 5:00 – 9:00 PM",
64620454-fbc4-4ae0-9bbe-6ed45fe3e7ca,Tacos Don Chai,"35 Howe Rd, Martinez, CA 94553, USA",,38.01186320000001,-122.1106542,2026-07-18 02:53:28.928265,,,,4.9,0,,False,google_places,,ChIJtbYgZQllhYARklEVBhKb0r0,(925) 247-8159,mexican_restaurant,https://tacosdonchai.com/?utm_source=google,"Monday: 7:00 AM – 3:00 PM
Tuesday: 7:00 AM – 5:00 PM
Wednesday: 7:00 AM – 5:00 PM
Thursday: 7:00 AM – 5:00 PM
Friday: 7:00 AM – 5:00 PM
Saturday: 8:00 AM – 5:00 PM
Sunday: 8:00 AM – 3:00 PM",
64fcb893-4d18-4f1a-a302-3e4f481c4e16,Tasty Szechuan,"4475 Treat Blvd D, Concord, CA 94521, USA",,37.963632499999996,-121.9942253,2026-07-18 02:53:28.927666,,,,4.5,0,,False,google_places,,ChIJQw0ldINhhYARAXENYCNcRNQ,(925) 660-6888,chinese_restaurant,http://tastyszechuanconcord.com/,"Monday: 11:00 AM – 9:00 PM
Tuesday: 11:00 AM – 9:00 PM
Wednesday: 11:00 AM – 9:00 PM
Thursday: 11:00 AM – 9:00 PM
Friday: 11:00 AM – 9:00 PM
Saturday: 11:00 AM – 9:00 PM
Sunday: 11:00 AM – 9:00 PM",
671e17f8-aab2-4854-98cb-29cf59c9d625,Broadway Plaza,"1275 Broadway Plaza, Walnut Creek, CA 94596, USA",,37.8958235,-122.0574966,2026-02-05 03:31:32.920061,/static/business_images/4e8eb837f80a4aea8b46e0f7c66af5fa.jpg,/static/business_images/40a350147b164039b03ebae06cb36a05.jpg,,4.5,0,"High-end outdoor mall with department stores, chain & specialty shops, services & restaurants.",False,google_places,,ChIJiRfJ-MJhhYARdBbJGD6OpWg,+1 925-939-7601,restaurant,,,
671f183b-7afb-4453-97bd-2c16be57181f,Minoo's Aesthetic,"21 Alamo Square Dr, Alamo, CA 94507, USA",,37.8499171,-122.0319854,2026-02-05 03:31:32.920489,,,,5.0,0,,False,google_places,,ChIJwexoEf6Kj4AR7l7R4Wz-Lp8,+1 949-307-0074,hair_care,,,
67e464d1-bc96-4ff9-8491-35d359b14393,The Curl Studio WC,"1651 Botelho Dr, Walnut Creek, CA 94596, USA",,37.8936446,-122.0622161,2026-07-18 03:53:23.024475,,,,4.9,0,,False,google_places,,ChIJAQDwyOlhhYARDgLPcx7-S9E,(925) 628-5460,hair_care,https://www.thecurlstudiowc.net/contact,"Monday: Closed
Tuesday: Closed
Wednesday: 9:00 AM – 7:00 PM
Thursday: 9:00 AM – 7:00 PM
Friday: 11:00 AM – 7:00 PM
Saturday: 11:00 AM – 7:00 PM
Sunday: Closed",
68d5da5b-8f3b-45bf-87db-78452270126d,Hair By Sinem,"1605 Locust St, Walnut Creek, CA 94596, USA",,37.900520799999995,-122.06305169999997,2026-07-18 03:53:23.024457,,,,5.0,0,,False,google_places,,ChIJl4RVQhhhhYAR5inBRPUgIU8,(925) 765-7312,hair_care,,"Monday: Closed
Tuesday: Closed
Wednesday: 10:00 AM – 6:00 PM
Thursday: 10:00 AM – 6:00 PM
Friday: 10:00 AM – 6:00 PM
Saturday: 10:00 AM – 6:00 PM
Sunday: 10:00 AM – 6:00 PM",
6a868160-c24d-468c-bdc9-3a41d4f59bf5,Elizabeth Nicole Salon,"1431 N Broadway, Walnut Creek, CA 94596, USA",,37.9000282,-122.06031599999999,2026-07-18 03:53:23.024634,,,,4.7,0,,False,google_places,,ChIJVTNoxcFhhYAR_BKJ4PVbSdo,(925) 549-2200,beauty_salon,http://www.elizabethnicolesalon.com/,"Monday: 9:00 AM – 5:00 PM
Tuesday: 10:00 AM – 7:00 PM
Wednesday: 10:00 AM – 7:00 PM
Thursday: 9:00 AM – 5:00 PM
Friday: 9:00 AM – 5:00 PM
Saturday: 9:00 AM – 5:00 PM
Sunday: 9:00 AM – 5:00 PM",
6ad035ee-03ab-4988-8e4c-51bc2317e80c,Thai Elegance Wellness Massages,"1940 Tice Valley Blvd Ste E#9, Walnut Creek, CA 94595, USA",,37.8787659,-122.07281769999999,2026-07-18 02:53:28.928033,,,,5.0,0,,False,google_places,,ChIJGS-djq41xkERcT_jTqdkFr4,(925) 269-7288,thai_restaurant,https://thaielegancewellness.com/,"Monday: 9:00 AM – 8:00 PM
Tuesday: 9:00 AM – 8:00 PM
Wednesday: 9:00 AM – 8:00 PM
Thursday: Closed
Friday: 9:00 AM – 8:00 PM
Saturday: 9:00 AM – 8:00 PM
Sunday: 9:00 AM – 8:00 PM",
6b415731-c1fa-443d-a5ab-4099fed52f9d,Original Joe's Walnut Creek,"1300 S Main St, Walnut Creek, CA 94596, USA",,37.894483,-122.0583728,2026-07-18 02:53:28.926916,,,,4.2,0,,False,google_places,,ChIJI7HaOgBhhYAR7KTHPJVps6c,(925) 269-4050,restaurant,https://www.originaljoes.com/walnut-creek,"Monday: 11:00 AM – 10:00 PM
Tuesday: 11:00 AM – 10:00 PM
Wednesday: 11:00 AM – 10:00 PM
Thursday: 11:00 AM – 10:00 PM
Friday: 11:00 AM – 11:00 PM
Saturday: 11:00 AM – 11:00 PM
Sunday: 11:00 AM – 10:00 PM",
6cb4114f-4289-4923-9104-3d8bf892ae2a,Phoenix Salon at 1716,"1716 N Main St Ste 100, Walnut Creek, CA 94596, USA",,37.9024772,-122.0621261,2026-07-18 03:53:23.024374,,,,4.6,0,,False,google_places,,ChIJyUsCUZVhhYAR5icAhPeRe_U,(925) 943-4944,hair_care,,"Monday: Closed
Tuesday: 9:00 AM – 5:00 PM
Wednesday: 9:00 AM – 5:00 PM
Thursday: 9:00 AM – 5:00 PM
Friday: 9:00 AM – 5:00 PM
Saturday: 9:00 AM – 5:00 PM
Sunday: Closed",
6cf5881f-5977-411c-aae5-7117138644fb,Ellie's Pizzeria,"2400 Olympic Blvd, Walnut Creek, CA 94595, USA",,37.8851879,-122.0784651,2026-07-17 19:28:30.827800,/static/logos/4a4a29ef4b914a4ea5086492249923f9.jpg,/static/banners/e7d6e92572e0439ca7219893cb2c0975.jpg,,4.9,0,,False,google_places,,ChIJG3pq_LVhhYARLnnrsDUK4WY,(925) 274-9922,pizza_restaurant,https://elliespizzeriawc.com/,"Monday: Closed
Tuesday: 4:00 – 8:00 PM
Wednesday: 11:30 AM – 8:00 PM
Thursday: 11:30 AM – 8:00 PM
Friday: 11:30 AM – 8:00 PM
Saturday: 11:30 AM – 8:00 PM
Sunday: 11:30 AM – 8:00 PM",
6d9008a3-0ebf-464f-ba14-89bb2998bbb3,Cafe,"Walnut Creek, CA 94596, USA",,37.8967434,-122.0580639,2026-07-18 03:53:23.024165,,,,4.4,0,,False,google_places,,ChIJ20ObncFhhYAROvTUKwqaANg,(925) 930-7959,cafe,https://m.shop.nordstrom.com/c/nordstrom-restaurants,"Monday: 9:00 AM – 5:00 PM
Tuesday: 9:00 AM – 5:00 PM
Wednesday: 9:00 AM – 5:00 PM
Thursday: 9:00 AM – 5:00 PM
Friday: 9:00 AM – 5:00 PM
Saturday: 9:00 AM – 5:00 PM
Sunday: 11:00 AM – 4:00 PM",
6fd342d4-63ef-4292-a55f-7e14a321cdba,Enchanted Hair Salon,"1867 Ygnacio Valley Rd, Walnut Creek, CA 94598, USA",,37.9183492,-122.0363874,2026-07-18 03:53:23.024345,,,,4.7,0,,False,google_places,,ChIJZd2Vg3hhhYARFWeGcWCfFmw,(925) 528-5288,hair_care,https://reports.appheaven.us/online/go2.php?merchantid=JCN67ETGR50R1,"Monday: 9:00 AM – 6:00 PM
Tuesday: 9:00 AM – 6:00 PM
Wednesday: 9:00 AM – 6:00 PM
Thursday: 9:00 AM – 6:00 PM
Friday: 9:00 AM – 6:00 PM
Saturday: 9:00 AM – 6:00 PM
Sunday: Closed",
6ff66f9a-23b3-4b51-8656-ae86f70ab498,Telefèric Barcelona,"1500 Mt Diablo Blvd 2nd Floor, Walnut Creek, CA 94596, USA",,37.8975447,-122.0603471,2026-02-05 03:31:32.920340,/static/business_images/69e9d2d088cd4e87afcc8d559c50d180.jpg,/static/business_images/208912bdab564e058c1ae51c574c0ae0.jpg,,4.4,0,"Buzzy destination for Spanish pintxos, paella, sangria & drinks served in spacious, modern environs.",False,google_places,,ChIJb4wJwsFhhYARlhsMNj87yiA,(657) 608-2581,bar,https://www.telefericbarcelona.com/,"Monday: 11:30 AM – 9:15 PM
Tuesday: 11:30 AM – 9:15 PM
Wednesday: 11:30 AM – 9:15 PM
Thursday: 11:30 AM – 9:15 PM
Friday: 11:30 AM – 10:15 PM
Saturday: 11:00 AM – 10:15 PM
Sunday: 11:00 AM – 9:15 PM",
70e83e7f-d784-467a-b910-df8a8ecba306,Pokeatery,"1345 Newell Ave Ste B, Walnut Creek, CA 94596, USA",,37.8931304,-122.0560747,2026-07-17 19:28:30.827880,/static/logos/1da7c37b6a3f4bbaa25a2aeb64f86253.jpg,/static/banners/18b486fd74f0472392dedc3ad7642c1b.jpg,,4.4,0,"Laid-back cafe serving generous made-to-order Hawaiian poke, side salads & desserts.",False,google_places,,ChIJlYs-RcNhhYARS-3DhIVxVk4,(925) 287-1888,japanese_restaurant,https://pokeatery.com/,"Monday: 11:00 AM – 8:00 PM
Tuesday: 11:00 AM – 8:00 PM
Wednesday: 11:00 AM – 8:00 PM
Thursday: 11:00 AM – 8:00 PM
Friday: 11:00 AM – 8:00 PM
Saturday: 11:00 AM – 8:00 PM
Sunday: 11:00 AM – 8:00 PM",
71ae1207-8784-4c9f-bd7b-23c9e23e2f6f,Hasumi Sushi,"3116 Oak Rd Ste A, Walnut Creek, CA 94597, USA",,37.9321382,-122.0584193,2026-07-18 02:53:28.927814,,,,4.6,0,,False,google_places,,ChIJOWxNofBhhYARnwiH1WLMtLc,(925) 949-8041,japanese_restaurant,https://order.toasttab.com/online/hasumi-sushi-3116-oak-rd-suite-a,"Monday: 11:30 AM – 8:30 PM
Tuesday: 11:30 AM – 8:30 PM
Wednesday: 11:30 AM – 8:30 PM
Thursday: 11:30 AM – 8:30 PM
Friday: 11:30 AM – 8:30 PM
Saturday: 11:30 AM – 8:30 PM
Sunday: 11:30 AM – 8:30 PM",
71c03332-a036-4b14-b992-4c4217ba1a22,Ranchero Taqueria,"1099 Reganti Dr # B, Concord, CA 94518, USA",,37.9521891,-122.04404969999999,2026-07-18 02:53:28.928225,,,,4.2,0,,False,google_places,,ChIJe8513yVhhYARKN9YG4nxcxw,(925) 685-7101,mexican_restaurant,https://rancherotaqueria.com/?utm_source=google,"Monday: 6:00 AM – 8:00 PM
Tuesday: 6:00 AM – 8:00 PM
Wednesday: 6:00 AM – 8:00 PM
Thursday: 6:00 AM – 8:00 PM
Friday: 6:00 AM – 8:00 PM
Saturday: 6:00 AM – 8:00 PM
Sunday: 8:00 AM – 8:00 PM",
727db229-c6a1-4030-9acf-5ca6dd93141e,Capital One Café,"1139 S Main St, Walnut Creek, CA 94596, USA",,37.8968463,-122.0602425,2026-07-18 02:53:28.927195,,,,4.1,0,Bank-affiliated coffeehouse chain offering hot drinks & free WiFi in a modern setting.,False,google_places,,ChIJb5VJ7sFhhYARHzyuU5gdLXo,(925) 298-8375,cafe,https://www.capitalone.com/local/sanfrancisco-walnutcreek/?utm_source=PowerListings&utm_medium=Local&utm_campaign=Yext,"Monday: 8:00 AM – 7:00 PM
Tuesday: 8:00 AM – 7:00 PM
Wednesday: 8:00 AM – 7:00 PM
Thursday: 8:00 AM – 7:00 PM
Friday: 8:00 AM – 7:00 PM
Saturday: 8:00 AM – 7:00 PM
Sunday: 9:00 AM – 6:00 PM",
72b08e05-69a9-47fe-8271-d7208bcb194a,Shan Shan Low Restaurant,"1731 Willow Pass Rd, Concord, CA 94520, USA",,37.974162199999995,-122.0408346,2026-07-18 02:53:28.927751,,,,4.4,0,Low-key Chinese eatery serving ample portions of basic dishes from chow mein to wonton soup.,False,google_places,,ChIJ_6GIM9hmhYAR5enJsRzO-5U,(925) 685-6311,chinese_restaurant,https://shanshanlow.top/,"Monday: 11:00 AM – 9:00 PM
Tuesday: 11:00 AM – 9:00 PM
Wednesday: 11:00 AM – 9:00 PM
Thursday: 11:00 AM – 9:00 PM
Friday: 11:00 AM – 9:00 PM
Saturday: 11:00 AM – 9:00 PM
Sunday: 11:00 AM – 9:00 PM",
72da1e59-21aa-42c1-90a2-de57bc6c956d,SkinSpirit Walnut Creek,"1647 N California Blvd, Walnut Creek, CA 94596, USA",,37.9019458,-122.06494560000002,2026-07-17 19:28:30.827540,/static/logos/0fbaea4252bf47858be24f2e475a0a51.jpg,/static/banners/6136afc501bb48ecaa0057941c1425c0.jpg,,4.9,0,,False,google_places,,ChIJz_62WJRhhYARteJdCAAuTQ0,(925) 952-9200,spa,https://www.skinspirit.com/locations/walnut-creek/?utm_source=citation&utm_medium=organic&utm_campaign=walnutcreek,"Monday: 8:00 AM – 8:00 PM
Tuesday: 8:00 AM – 8:00 PM
Wednesday: 8:00 AM – 8:00 PM
Thursday: 8:00 AM – 8:00 PM
Friday: 8:00 AM – 8:00 PM
Saturday: 9:00 AM – 6:00 PM
Sunday: 9:00 AM – 6:00 PM",
73771163-e6e1-45f1-bfec-1e40cdedb686,Guadalajara Grill,"5446 Ygnacio Valley Rd, Concord, CA 94521, USA",,37.9502398,-121.9572037,2026-07-18 02:53:28.928213,,,,4.0,0,Airy kitchen with Southwest decor & a large patio serving classic Mexican fare & cocktails.,False,google_places,,ChIJFc86Uk1ehYARciuSeaNJHQY,(925) 672-4430,mexican_restaurant,http://www.hotplatehotplate.com/,"Monday: 11:30 AM – 8:30 PM
Tuesday: 11:30 AM – 8:30 PM
Wednesday: 11:30 AM – 8:30 PM
Thursday: 11:30 AM – 8:30 PM
Friday: 11:30 AM – 9:00 PM
Saturday: 11:30 AM – 9:00 PM
Sunday: 11:30 AM – 8:30 PM",
73b13eb7-2bf7-489a-8728-493de80a1261,Residual Sugar Wine Bar,"1684 Locust St, Walnut Creek, CA 94596, USA",,37.9017813,-122.06308,2026-02-05 03:31:32.920385,/static/business_images/e8f39de859074b83a79a9ffaae4beb68.jpg,/static/business_images/9127f3bf0d0e4e239f4ce4e3ee562c9b.jpg,,4.5,0,"Cheese, charcuterie, panini & many wines by the glass served in a narrow bar & retail store.",False,google_places,,ChIJ17tLBZVhhYARuJA7C_zV930,(925) 378-7115,bar,http://www.rswine.com/,"Monday: Closed
Tuesday: 5:00 – 10:00 PM
Wednesday: 5:00 – 10:00 PM
Thursday: 5:00 – 10:00 PM
Friday: 5:00 PM – 12:00 AM
Saturday: 4:00 PM – 12:00 AM
Sunday: 4:00 – 9:00 PM",
7433840f-62c8-4c40-aa13-350d7dec2f6b,The Dive,"2580 N Main St suite a, Walnut Creek, CA 94597, USA",,37.9191589,-122.06441,2026-07-18 02:53:28.927212,,,,4.8,0,,False,google_places,,ChIJ8ayYRABhhYARnGgLKKt_pGk,(925) 260-8770,bar,https://www.thedivewc.com/,"Monday: 4:00 PM – 12:00 AM
Tuesday: 4:00 PM – 12:00 AM
Wednesday: 4:00 PM – 12:00 AM
Thursday: 4:00 PM – 12:00 AM
Friday: 4:00 PM – 12:00 AM
Saturday: 4:00 PM – 12:00 AM
Sunday: 4:00 PM – 12:00 AM",
75152632-9f16-44b5-a22c-0961cdcbb653,Salon Hanover,"1401 N Broadway Ste 120, Walnut Creek, CA 94596, USA",,37.8995654,-122.0601121,2026-07-18 02:53:28.927499,,,,4.6,0,,False,google_places,,ChIJlVJuPcBhhYARwKzD8u_dNgU,(925) 322-8266,beauty_salon,http://salonhanover.com/,"Monday: 9:00 AM – 7:00 PM
Tuesday: 9:00 AM – 7:00 PM
Wednesday: 9:00 AM – 7:00 PM
Thursday: 9:00 AM – 7:00 PM
Friday: 9:00 AM – 7:00 PM
Saturday: 9:00 AM – 7:00 PM
Sunday: 9:00 AM – 7:00 PM",
75ad0b73-4596-4137-ba3d-50d9ff641e9a,Retro Junkie,"2112 N Main St, Walnut Creek, CA 94596, USA",,37.9088934,-122.06452669999999,2026-07-18 02:53:28.927229,,,,4.2,0,"Playful cocktails turned out in a funky, ’80s-themed space with live music, DJs, & pinball machines.",False,google_places,,ChIJpzRYe5dhhYARYU_56uo9Sx0,(925) 938-4140,bar,http://www.retrojunkiebar.com/,"Monday: Closed
Tuesday: 6:00 PM – 2:00 AM
Wednesday: 6:00 PM – 2:00 AM
Thursday: 6:00 PM – 2:00 AM
Friday: 6:00 PM – 2:00 AM
Saturday: 6:00 PM – 2:00 AM
Sunday: Closed",
75b0967d-ce0d-42bb-9e43-11e9f93ed656,The Flamingo Nail & Spa,"1532 Bonanza St, Walnut Creek, CA 94596, USA",,37.8998826,-122.0620385,2026-07-18 02:53:28.927504,,,,4.7,0,,False,google_places,,ChIJU4Y3UZxhhYARpHZTQm6W5QE,(925) 384-8461,beauty_salon,https://theflamingonailspa.com/,"Monday: 10:00 AM – 7:00 PM
Tuesday: Closed
Wednesday: 10:00 AM – 7:00 PM
Thursday: 10:00 AM – 7:00 PM
Friday: 10:00 AM – 7:00 PM
Saturday: 10:00 AM – 7:00 PM
Sunday: 10:00 AM – 7:00 PM",
761c271d-8b45-4de3-bf9d-26ab44db36e7,Le-Pelle Beyond the Skin,"1511 Locust St Unit 101, Walnut Creek, CA 94596, USA",,37.9000199,-122.06269719999999,2026-07-17 19:28:30.827617,/static/logos/96a39bcbfa854391afa44af63769ae8b.jpg,/static/banners/e06cf5ee2c484f8fae9b28624c784377.jpg,,4.8,0,,False,google_places,,ChIJt1mgy-phhYARnqHQAe_p7Es,(925) 476-5343,spa,https://le-pelle.com/,"Monday: 9:30 AM – 6:00 PM
Tuesday: 9:30 AM – 6:00 PM
Wednesday: 9:30 AM – 6:00 PM
Thursday: 9:30 AM – 6:00 PM
Friday: 9:30 AM – 6:00 PM
Saturday: Closed
Sunday: 9:30 AM – 6:00 PM",
762d0137-df71-4b8e-b2dc-224f6e486400,Salsa Verde Mexican Cuisine,"970 Detroit Ave, Concord, CA 94518, USA",,37.9515377,-122.02689009999999,2026-07-18 02:53:28.928207,,,,4.6,0,,False,google_places,,ChIJ7adf1cJghYARHjYV6uchuWc,(925) 825-8504,mexican_restaurant,http://www.salsaverdecuisine.com/,"Monday: 11:00 AM – 7:00 PM
Tuesday: 11:00 AM – 7:00 PM
Wednesday: 11:00 AM – 7:00 PM
Thursday: 11:00 AM – 7:00 PM
Friday: 11:00 AM – 7:00 PM
Saturday: Closed
Sunday: Closed",
764e21b3-09ec-4bf0-9ad1-e0bec88981c1,Brenda Tiner Registered Electrolysis And Permanent Make-up,"1406 Maria Ln, Walnut Creek, CA 94596, USA",,37.8930769,-122.0566334,2026-02-05 03:31:32.920502,,,,5.0,0,,False,google_places,,ChIJw7vZmVpihYARWDEwYgZfNVA,+1 925-254-7293,hair_care,,,
764e6cc6-6df8-4d63-beb6-ce34da6e7937,U Wellness Medical,"1399 Ygnacio Valley Rd #3, Walnut Creek, CA 94598, USA",,37.9105312,-122.04632149999999,2026-07-18 03:53:23.025090,,,,4.8,0,,False,google_places,,ChIJHQmB1NFhhYARvWFIh0zdips,(925) 357-9033,spa,http://www.uwellnessmedical.com/,"Monday: 9:00 AM – 5:00 PM
Tuesday: 9:00 AM – 5:00 PM
Wednesday: 9:00 AM – 5:00 PM
Thursday: 9:00 AM – 5:00 PM
Friday: 9:00 AM – 5:00 PM
Saturday: 9:00 AM – 5:00 PM
Sunday: Closed",
766c017c-6a2f-4ea8-8476-1797fd4fa925,True Food Kitchen,"Building 4, 120 S Broadway Space #1044, Walnut Creek, CA 94596, USA",,37.8952482,-122.0569626,2026-07-18 02:53:28.927097,,,,4.4,0,"Relaxed, eco-chic chain serving health-conscious fare, including vegan options, plus cocktails.",False,google_places,,ChIJ22W3TsJhhYARGF5WvDq2FhA,(925) 952-7314,restaurant,https://www.truefoodkitchen.com/locations/walnutcreek/,"Monday: 11:00 AM – 9:00 PM
Tuesday: 11:00 AM – 9:00 PM
Wednesday: 11:00 AM – 9:00 PM
Thursday: 11:00 AM – 9:00 PM
Friday: 11:00 AM – 10:00 PM
Saturday: 10:00 AM – 10:00 PM
Sunday: 10:00 AM – 9:00 PM",
77088fb5-1e8b-40a7-8da0-ddbc2b8e98b3,PREP,"1639 Bonanza St, Walnut Creek, CA 94596, USA",,37.899374,-122.06301789999999,2026-07-18 02:53:28.927453,,,,4.7,0,,False,google_places,,ChIJrT1b15BhhYARc3Rjhrz7r80,(925) 433-2906,hair_care,https://www.prepcuts.com/,"Monday: Closed
Tuesday: 10:00 AM – 7:00 PM
Wednesday: 10:00 AM – 7:00 PM
Thursday: 8:00 AM – 7:00 PM
Friday: 8:00 AM – 7:00 PM
Saturday: 9:00 AM – 7:00 PM
Sunday: 9:00 AM – 7:00 PM",
77d2bbd5-61db-467a-ad32-513b402cde6b,Hair by Kelly Amador,"1768 N Broadway, Walnut Creek, CA 94596, USA",,37.9036721,-122.0609065,2026-07-18 03:53:23.024397,,,,5.0,0,,False,google_places,,ChIJ38KghTthhYARGKZXGgcAiEM,(925) 212-8293,hair_care,https://linktr.ee/kellyamadorhair,"Monday: Closed
Tuesday: 8:00 AM – 7:00 PM
Wednesday: 9:00 AM – 7:00 PM
Thursday: 8:00 AM – 7:00 PM
Friday: Closed
Saturday: Closed
Sunday: Closed",
77f46222-86a3-410e-b110-49c4b4ef5aa8,"Babushka Market, Deli & Cafe","1475 Newell Ave, Walnut Creek, CA 94596, USA",,37.892909,-122.057554,2026-02-05 03:31:32.920214,/static/business_images/e662595c6e184257837fa25cc47e20e7.jpg,/static/business_images/520ff2bfcef0472394ad960d6640daa3.jpg,,4.6,0,"Family-run fixture offers hearty Russian cuisine in a comfy space, plus a deli with specialty goods.",False,google_places,,ChIJuy3tJMNhhYARxx1BRn0f2a4,(925) 210-0779,cafe,https://www.babushkamarket.com/,"Monday: 10:00 AM – 6:30 PM
Tuesday: 10:00 AM – 6:30 PM
Wednesday: 10:00 AM – 6:30 PM
Thursday: 10:00 AM – 6:30 PM
Friday: 10:00 AM – 6:30 PM
Saturday: 10:00 AM – 6:30 PM
Sunday: 11:00 AM – 6:30 PM",
787a7ab7-fb6a-455b-ad06-f70a0054edac,Taqueria Pueblo Magico,"2861 Ygnacio Valley Rd, Walnut Creek, CA 94598, USA",,37.9256686,-122.01677160000001,2026-07-18 02:53:28.928068,,,,4.3,0,,False,google_places,,ChIJj76P6VNhhYAReFL60yN9J8k,(925) 476-5591,mexican_restaurant,https://bamyourbusiness.com/QRCmenu/pueblomagico/tpm-qrc-menu.pdf,"Monday: 7:30 AM – 9:00 PM
Tuesday: 7:30 AM – 9:00 PM
Wednesday: 7:30 AM – 9:00 PM
Thursday: 7:30 AM – 9:00 PM
Friday: 7:30 AM – 9:00 PM
Saturday: 7:30 AM – 9:00 PM
Sunday: 7:30 AM – 9:00 PM",
78858564-a065-47c9-af20-bbeba708a84b,Wax Parlor and Skin Care,"1517 Cypress St, Walnut Creek, CA 94596, USA",,37.899078599999996,-122.06123699999999,2026-07-18 03:53:23.024605,,,,4.9,0,,False,google_places,,ChIJ5XQHnOphhYARrXid-Cpunec,(925) 262-6488,beauty_salon,,"Monday: Closed
Tuesday: 10:00 AM – 5:00 PM
Wednesday: 10:00 AM – 5:00 PM
Thursday: 10:00 AM – 5:00 PM
Friday: 10:00 AM – 5:00 PM
Saturday: 10:00 AM – 5:00 PM
Sunday: Closed",
78cb440e-81e8-409d-b2e2-2430db7d7f7e,Revive Med Spa - Walnut Creek,"1661 Mt Diablo Blvd, Walnut Creek, CA 94596, USA",,37.8970807,-122.06237139999999,2026-07-17 19:28:30.827569,/static/logos/7aa682f34b794215a069d3ab3a2ee2fb.jpg,/static/banners/e5ef052c279345d4b9a8985e2c0fe68e.jpg,,4.6,0,,False,google_places,,ChIJZ0oTfvhhhYARU0w-DkN7fnQ,(925) 266-3511,spa,https://revive.md/locations/ca/walnutcreek/?utm_campaign=WC&utm_medium=profile&utm_source=google,"Monday: 8:00 AM – 6:00 PM
Tuesday: 8:00 AM – 6:00 PM
Wednesday: 8:00 AM – 6:00 PM
Thursday: 8:00 AM – 6:00 PM
Friday: 8:00 AM – 6:00 PM
Saturday: 8:00 AM – 4:00 PM
Sunday: 8:00 AM – 4:00 PM",
790dc091-8948-4e00-8263-e3d97c18ab0a,Salon One 50,"3189 Danville Blvd Suite 150, Alamo, CA 94507, USA",,37.85009280000001,-122.0336003,2026-02-05 03:31:32.920441,/static/business_images/85e09b2e0d6b4818a0919ff031d2e79f.jpg,/static/business_images/7fca994dd81e4ca996843039e698218a.jpg,,4.8,0,,False,google_places,,ChIJ11z3jQGLj4ARKHAQW_hmRTM,(925) 208-1345,hair_care,http://www.salonone50.com/,"Monday: 9:00 AM – 6:00 PM
Tuesday: 9:00 AM – 6:00 PM
Wednesday: 9:00 AM – 6:00 PM
Thursday: 9:00 AM – 6:00 PM
Friday: 9:00 AM – 6:00 PM
Saturday: 9:00 AM – 6:00 PM
Sunday: Closed",
791dd15a-2a97-40f3-8b8f-9f38dcf2e421,Impression of Lanzhou,"1657 Willow Pass Rd Ste a, Concord, CA 94520, USA",,37.9727935,-122.0437596,2026-07-18 02:53:28.927672,,,,4.6,0,,False,google_places,,ChIJC0EdSZ5nhYARar7H9zxDJOE,(925) 609-9090,chinese_restaurant,https://www.impressionoflanzhou.com/,"Monday: 11:00 AM – 2:30 PM, 4:30 – 9:00 PM
Tuesday: 11:00 AM – 2:30 PM, 4:30 – 9:00 PM
Wednesday: 11:00 AM – 2:30 PM, 4:30 – 9:00 PM
Thursday: 11:00 AM – 2:30 PM, 4:30 – 9:00 PM
Friday: 11:00 AM – 9:00 PM
Saturday: 11:00 AM – 9:00 PM
Sunday: 11:00 AM – 8:30 PM",
795025df-de54-40b5-8e1f-98c86ae0e542,C-blue Wet Bar & Bistro,"Renaissance 2805, 2805 Jones Rd, Walnut Creek, CA 94597, USA",,37.925463,-122.0566668,2026-07-18 02:53:28.927329,,,,4.8,0,,False,google_places,,ChIJL8UNkAthhYARFk5SVUi6tc4,(925) 938-8700,bar,,"Monday: Open 24 hours
Tuesday: Open 24 hours
Wednesday: Open 24 hours
Thursday: Open 24 hours
Friday: Open 24 hours
Saturday: Open 24 hours
Sunday: Open 24 hours",
79ab657c-5102-4942-a437-cf8cbd39932d,China Chef Restaurant,"1200 Contra Costa Blvd # K, Pleasant Hill, CA 94523, USA",,37.9599342,-122.0610961,2026-07-18 02:53:28.927680,,,,4.0,0,,False,google_places,,ChIJw0cRgMpmhYARRmg3u7qBHuM,(925) 288-0999,chinese_restaurant,http://www.chinachefph.com/,"Monday: 11:00 AM – 8:30 PM
Tuesday: Closed
Wednesday: 11:00 AM – 2:30 PM, 4:00 – 10:30 PM
Thursday: 11:00 AM – 2:30 PM, 4:00 – 10:30 PM
Friday: 11:00 AM – 2:30 PM, 4:00 – 10:30 PM
Saturday: 11:00 AM – 10:30 PM
Sunday: 11:00 AM – 10:30 PM",
7aa7d31f-68ca-481c-9845-17daaf4970d2,La Sen Bistro WC,"1606 N Main St, Walnut Creek, CA 94596, USA",,37.9007675,-122.06127550000001,2026-07-18 02:53:28.927150,,,,4.5,0,Sophisticated restaurant celebrated for its Californian & Vietnamese twists on French cuisine.,False,google_places,,ChIJAyO2TCZnhYAR5xaxKHxObjM,(925) 448-8187,restaurant,http://www.lasenbistro.com/index.html,"Monday: Closed
Tuesday: 5:00 – 8:30 PM
Wednesday: 11:30 AM – 2:00 PM, 5:00 – 8:30 PM
Thursday: 11:30 AM – 2:00 PM, 5:00 – 8:30 PM
Friday: 11:30 AM – 2:00 PM, 5:00 – 9:00 PM
Saturday: 11:30 AM – 2:00 PM, 5:00 – 9:00 PM
Sunday: 11:30 AM – 2:00 PM, 5:00 – 8:30 PM",
7c263587-ea06-43e0-8ba2-a13fbb06794a,Crumbl,"1970 Tice Valley Blvd, Walnut Creek, CA 94595, USA",,37.877752799999996,-122.0728013,2026-07-17 19:28:30.827692,/static/logos/e7f3065ae4d742ef95cab51a173b0770.jpg,/static/banners/8a81b8eb282d47d49efec4048c2e8e40.jpg,,4.7,0,,False,google_places,,ChIJnQDtky2Lj4AR1ci-HfmnxI0,(925) 476-4443,bakery,https://crumblcookies.com/stores/ca/san-francisco-area/cawalnutcreek?utm_source=google+business&utm_medium=profile&utm_campaign=CRUMBL-US+%7C+GOOGLE+BUSINESS+%7C+STORE+PAGE+%7C+ONGOING+%7C+CONSIDERATION+%7C+PROFILE,"Monday: 9:00 AM – 10:00 PM
Tuesday: 9:00 AM – 10:00 PM
Wednesday: 9:00 AM – 10:00 PM
Thursday: 9:00 AM – 10:00 PM
Friday: 9:00 AM – 10:00 PM
Saturday: 9:00 AM – 10:00 PM
Sunday: Closed",
7c770f68-dee5-45a5-b636-252575d05d6e,Tous Les Jours,"508 Contra Costa Blvd s, Pleasant Hill, CA 94523, USA",,37.9814267,-122.06829619999999,2026-07-18 03:53:23.025113,,,,4.6,0,,False,google_places,,ChIJfQj81K5nhYARQ5Xc45H_qbw,(925) 826-5869,bakery,https://www.tljus.com/,"Monday: 7:00 AM – 9:00 PM
Tuesday: 7:00 AM – 9:00 PM
Wednesday: 7:00 AM – 9:00 PM
Thursday: 7:00 AM – 9:00 PM
Friday: 7:00 AM – 9:00 PM
Saturday: 7:00 AM – 9:00 PM
Sunday: 7:00 AM – 8:00 PM",
7cdb4cf5-70f8-4c7d-a567-11b180998cbb,QDOBA Mexican Eats,"1815 - B Ygnacio Valley Rd, Walnut Creek, CA 94596, USA",,37.917426299999995,-122.03751389999998,2026-07-18 02:53:28.928190,,,,4.0,0,"A menu of customizable Mexican food served in a modern restaurant, plus takeout & catering.",False,google_places,,ChIJZaM8O-NhhYARy6rIfMO8WPI,(925) 317-3622,mexican_restaurant,https://locations.qdoba.com/us/ca/walnut-creek/1815-b-ygnacio-valley-road?utm_medium=organic&utm_source=google&utm_campaign=google_maps&utm_content=website&utm_term=3053,"Monday: 10:30 AM – 10:00 PM
Tuesday: 10:30 AM – 10:00 PM
Wednesday: 10:30 AM – 10:00 PM
Thursday: 10:30 AM – 10:00 PM
Friday: 10:30 AM – 10:00 PM
Saturday: 10:30 AM – 10:00 PM
Sunday: 10:30 AM – 10:00 PM",
7ce27b60-76b1-47c7-a46a-2ed9dfd302e7,Farrington's,"1938 Contra Costa Blvd, Pleasant Hill, CA 94523, USA",,37.9482918,-122.05907440000001,2026-07-18 02:53:28.927346,,,,4.0,0,"Raucous lounge with TVs, pool tables & dart boards, plus karaoke & DJ'd dancing nights.",False,google_places,,ChIJh21xHDhhhYARER1yMYevndQ,(925) 687-2259,bar,,"Monday: 11:00 AM – 2:00 AM
Tuesday: 11:00 AM – 2:00 AM
Wednesday: 11:00 AM – 2:00 AM
Thursday: 11:00 AM – 2:00 AM
Friday: 11:00 AM – 2:00 AM
Saturday: 11:00 AM – 2:00 AM
Sunday: 11:00 AM – 2:00 AM",
7d804ba3-4504-45ff-958f-b5e356783202,Kobe Japan,"1918 Oak Park Blvd, Pleasant Hill, CA 94523, USA",,37.934059999999995,-122.07476299999999,2026-07-18 02:53:28.927819,,,,4.4,0,Japanese steakhouse & bar that dramatically prepares its dishes at open grills at diners' tables.,False,google_places,,ChIJz4m5mmdhhYARYWnM4CD4skQ,(925) 705-7065,japanese_restaurant,https://pleasanthill.kobejapanrestaurant.com/,"Monday: 11:30 AM – 2:30 PM, 5:00 – 8:45 PM
Tuesday: 11:30 AM – 2:30 PM, 5:00 – 8:45 PM
Wednesday: 11:30 AM – 2:30 PM, 5:00 – 8:45 PM
Thursday: 11:30 AM – 2:30 PM, 5:00 – 8:45 PM
Friday: 11:30 AM – 2:30 PM, 4:00 – 9:30 PM
Saturday: 11:30 AM – 2:30 PM, 4:00 – 8:45 PM
Sunday: 12:00 – 8:45 PM",
7db6ca04-ac98-4d07-a58b-eb61fda365e6,Va de Vi Bistro & Wine Bar,"1511 Mt Diablo Blvd, Walnut Creek, CA 94596, USA",,37.897186,-122.060476,2026-02-05 03:31:32.920119,/static/business_images/2d619985983b4822b51cf94c8711d2b8.jpg,/static/business_images/d7625a5a53d948c09550c0a9a285c1cb.jpg,,4.5,0,Eclectic eatery offers small plates & wines from around the world in a picturesque setting.,False,google_places,,ChIJldSx6cFhhYARIbG3sDOPmy0,(925) 979-0100,restaurant,https://vadevi.com/,"Monday: 11:30 AM – 9:00 PM
Tuesday: 11:30 AM – 9:00 PM
Wednesday: 11:30 AM – 9:00 PM
Thursday: 11:30 AM – 9:00 PM
Friday: 11:30 AM – 9:00 PM
Saturday: 11:30 AM – 9:00 PM
Sunday: 11:30 AM – 9:00 PM",
7e7dea2d-67bb-432a-ba01-fd98829c1e48,Pizzalina,"2064 Treat Blvd Ste B, Walnut Creek, CA 94598, USA",,37.9298161,-122.0399312,2026-07-18 02:53:28.927528,,,,4.2,0,,False,google_places,,ChIJ89njaABhhYARl_7_NHZBb5s,(925) 546-1064,pizza_restaurant,https://www.pizzalina.com/walnut-creek,"Monday: 11:30 AM – 8:30 PM
Tuesday: 11:30 AM – 8:30 PM
Wednesday: 11:30 AM – 8:30 PM
Thursday: 11:30 AM – 8:30 PM
Friday: 11:30 AM – 9:00 PM
Saturday: 11:30 AM – 9:00 PM
Sunday: 11:30 AM – 8:30 PM",
7eeee8ac-3a95-49a5-9a10-47342e085a69,Avante Aesthetics,"1520 N Main St, Walnut Creek, CA 94596, USA",,37.9003381,-122.0610688,2026-07-18 03:53:23.025024,,,,5.0,0,,False,google_places,,ChIJQ5ZKLexhhYARip1zSyB8ixQ,(925) 940-8008,spa,https://www.avanteaesthetics.com/?utm_source=GBP,"Monday: Closed
Tuesday: 10:00 AM – 7:00 PM
Wednesday: 10:00 AM – 7:00 PM
Thursday: 10:00 AM – 7:00 PM
Friday: 10:00 AM – 7:00 PM
Saturday: 10:00 AM – 7:00 PM
Sunday: Closed",
7f14cd9e-e622-4a24-bd5e-edda77827768,Round Up Saloon,"3553 Mount Diablo Blvd, Lafayette, CA 94549, USA",,37.891663199999996,-122.12042389999999,2026-07-18 02:53:28.927323,,,,4.4,0,"Local corner bar spanning over seven decades, with ample drinks & a jukebox, pool & shuffleboard.",False,google_places,,ChIJCyAsiVpihYARd1M4wVEaNS0,(925) 284-4817,bar,,"Monday: 10:00 AM – 2:00 AM
Tuesday: 10:00 AM – 2:00 AM
Wednesday: 10:00 AM – 2:00 AM
Thursday: 10:00 AM – 2:00 AM
Friday: 10:00 AM – 2:00 AM
Saturday: 10:00 AM – 2:00 AM
Sunday: 10:00 AM – 2:00 AM",
7f4b82b1-08c2-425e-ae28-e1373ec9d12a,Lifetime Activities - Walnut Creek,"1751 Heather Dr, Walnut Creek, CA 94598, USA",,37.917565599999996,-122.0411496,2026-07-18 03:53:23.024768,,,,4.1,0,,False,google_places,,ChIJvSrJlq1hhYARa1foAK71pzI,(925) 945-0105,gym,https://www.lifetimeactivities.com/walnut-creek/,"Monday: 8:00 AM – 10:00 PM
Tuesday: 8:00 AM – 10:00 PM
Wednesday: 8:00 AM – 10:00 PM
Thursday: 8:00 AM – 10:00 PM
Friday: 8:00 AM – 10:00 PM
Saturday: 8:00 AM – 8:00 PM
Sunday: 8:00 AM – 8:00 PM",
7f8459fe-13ae-4704-9a98-d856bf332ec7,Bare Natural Salon,"1601 N Main St Ste 201, Walnut Creek, CA 94596, USA",,37.901176199999995,-122.0619497,2026-07-18 03:53:23.024507,,,,5.0,0,,False,google_places,,ChIJY_op9aNhhYARsLSBkHVHMlk,(925) 206-2624,hair_care,https://barenaturalsalon.com/,"Monday: 9:00 AM – 8:00 PM
Tuesday: 9:00 AM – 8:00 PM
Wednesday: 9:00 AM – 8:00 PM
Thursday: 9:00 AM – 8:00 PM
Friday: 9:00 AM – 8:00 PM
Saturday: Closed
Sunday: 9:00 AM – 8:00 PM",
7f8ef896-b858-48f9-92a9-99dbdd3aa5a0,24 Hour Fitness,"2800 N Main St, Walnut Creek, CA 94597, USA",,37.9247222,-122.0616667,2026-07-18 03:53:23.024670,,,,4.2,0,,False,google_places,,ChIJKU4TUHNhhYARYAm7lkpiT6s,(925) 357-4733,gym,https://www.24hourfitness.com/gyms/walnut-creek-ca/walnut-creek-north-main-super-sport?Adb_id=GGL_LOC_ACQ_CDP,"Monday: Open 24 hours
Tuesday: Open 24 hours
Wednesday: Open 24 hours
Thursday: Open 24 hours
Friday: Open 24 hours
Saturday: Open 24 hours
Sunday: Open 24 hours",
804596e2-b0df-4108-a0ed-285943ddfad2,Chef Chao Restaurant,"343 Rheem Blvd, Moraga, CA 94556, USA",,37.8614804,-122.12736810000001,2026-07-18 02:53:28.927733,,,,4.5,0,"Neighborhood mainstay serving Sichuan & Mandarin fare in a warm, relaxed space with a large Buddha.",False,google_places,,ChIJJ3Ct_H9ihYARDsiJ_-LF4og,(925) 376-1740,chinese_restaurant,https://www.chefchaorestaurant.com/,"Monday: Closed
Tuesday: 11:00 AM – 2:00 PM, 4:00 – 9:00 PM
Wednesday: 11:00 AM – 2:00 PM, 4:00 – 9:00 PM
Thursday: 11:00 AM – 2:00 PM, 4:00 – 9:00 PM
Friday: 11:00 AM – 2:00 PM, 4:00 – 9:00 PM
Saturday: 11:00 AM – 2:00 PM, 4:00 – 9:00 PM
Sunday: 4:00 – 9:00 PM",
810d2b3a-9a7b-45fc-9b6b-1461371800e0,Duck Donuts,"2920 N Main St, Walnut Creek, CA 94597, USA",,37.9273691,-122.06102849999999,2026-07-18 03:53:23.025184,,,,4.7,0,,False,google_places,,ChIJTXoOM2dhhYARJvGLSdTg1bE,(925) 430-2676,bakery,https://www.duckdonuts.com/walnut-creek,"Monday: 6:00 AM – 6:00 PM
Tuesday: 6:00 AM – 6:00 PM
Wednesday: 6:00 AM – 6:00 PM
Thursday: 6:00 AM – 6:00 PM
Friday: 6:00 AM – 6:00 PM
Saturday: 6:00 AM – 6:00 PM
Sunday: 6:00 AM – 6:00 PM",
816ee7e0-58c7-46bc-aea5-70ead4a9d9dd,Philz Coffee,"1103 S California Blvd, Walnut Creek, CA 94596, USA",,37.8968601,-122.0643192,2026-02-05 03:31:32.920250,/static/business_images/0c9d83a9087a42c197c8deefcb63cb23.jpg,/static/business_images/4e0c696889e34324876379d5501c9223.jpg,,4.5,0,"Laid-back local chain specializes in custom-blended coffees, plus teas, specialty drinks & pastries.",False,google_places,,ChIJkRYbVOphhYARdIxnhFN5k5I,(925) 627-4095,cafe,https://philzcoffee.com/locations/walnut-creek?utm_source=gmb&utm_medium=yext,"Monday: 5:00 AM – 7:00 PM
Tuesday: 5:00 AM – 7:00 PM
Wednesday: 5:00 AM – 7:00 PM
Thursday: 5:00 AM – 7:00 PM
Friday: 5:00 AM – 7:00 PM
Saturday: 5:00 AM – 7:00 PM
Sunday: 5:00 AM – 7:00 PM",
82f678db-113a-4090-ba70-ddfde59cb9ab,Mountain Spa and Massage,"1389 N Main St ste e, Walnut Creek, CA 94596, USA",,37.899,-122.060936,2026-07-18 03:53:23.024932,,,,3.0,0,,False,google_places,,ChIJQRC-EnxhhYARvTHtbMnL5-s,(925) 532-7015,spa,,"Monday: 10:00 AM – 10:00 PM
Tuesday: 10:00 AM – 10:00 PM
Wednesday: 10:00 AM – 10:00 PM
Thursday: 10:00 AM – 10:00 PM
Friday: 10:00 AM – 10:00 PM
Saturday: 10:00 AM – 10:00 PM
Sunday: 10:00 AM – 10:00 PM",
8300d79f-8a2c-4d7e-b04e-08a35d08d340,MATSU YAKITORI,"1548 Locust St, Walnut Creek, CA 94596, USA",,37.9004732,-122.06245089999999,2026-07-17 19:28:30.827940,/static/logos/417fd9c0e1b44cf1b2aed6c7f0908725.jpg,/static/banners/9b850888b07d4f80813d407f90575c7a.jpg,,4.4,0,,False,google_places,,ChIJAeGNLQBhhYARMiMZ2EJkj8I,,japanese_restaurant,,"Monday: Closed
Tuesday: 5:00 – 8:30 PM
Wednesday: 5:00 – 8:30 PM
Thursday: 5:00 – 8:30 PM
Friday: 5:00 – 9:00 PM
Saturday: 5:00 – 9:00 PM
Sunday: 5:00 – 8:30 PM",
842ff7eb-d33a-4018-96d3-4d8054ea0f92,KOHINOOR Indian Cuisine,"1910 Oak Park Blvd, Pleasant Hill, CA 94523, USA",,37.9341649,-122.074264,2026-07-18 02:53:28.928045,,,,4.9,0,,False,google_places,,ChIJl7nNQwphhYARMg0TlMOpoxY,(925) 507-0451,indian_restaurant,,"Monday: Closed
Tuesday: 11:30 AM – 9:30 PM
Wednesday: 11:30 AM – 9:30 PM
Thursday: 11:30 AM – 9:30 PM
Friday: 11:30 AM – 9:30 PM
Saturday: 11:30 AM – 9:30 PM
Sunday: 11:30 AM – 9:30 PM",
85ac8e7d-87fd-46d7-9fd0-c78c5329c630,Beauty by Rose,"1601 N Main St Ste 104, Walnut Creek, CA 94596, USA",,37.9006998,-122.06180459999999,2026-07-18 03:53:23.024576,,,,5.0,0,"Eyebrow threading & waxing, plus makeup application, offered in a cozy, fashionable setting.",False,google_places,,ChIJv1JuPcBhhYARDTee-nFIxbw,(925) 705-0858,beauty_salon,https://artofbeautybyrose.com/,"Monday: 10:30 AM – 5:00 PM
Tuesday: 10:00 AM – 5:30 PM
Wednesday: 10:00 AM – 5:30 PM
Thursday: 10:00 AM – 5:30 PM
Friday: 9:00 AM – 5:30 PM
Saturday: 10:00 AM – 5:30 PM
Sunday: Closed",
85b889ac-0d4d-4668-94a5-9073e3f2c412,"The Grove Salon- Walnut Creek, CA- An Aveda Salon","2854 Ygnacio Valley Rd, Walnut Creek, CA 94598, USA",,37.927518899999995,-122.01719279999999,2026-07-18 03:53:23.024322,,,,4.6,0,,False,google_places,,ChIJ6SCmw11ghYAR6J4906kOlf8,(925) 448-2967,hair_care,,"Monday: Closed
Tuesday: 9:30 AM – 6:00 PM
Wednesday: 9:30 AM – 6:00 PM
Thursday: 9:30 AM – 6:00 PM
Friday: 9:30 AM – 6:00 PM
Saturday: 8:30 AM – 5:00 PM
Sunday: 9:00 AM – 1:00 PM",
86902d8c-9d39-4239-9075-b8fca0367e66,T'zunun Restaurant,"2618 Pleasant Hill Rd, Pleasant Hill, CA 94523, USA",,37.9549403,-122.088671,2026-07-18 02:53:28.928119,,,,4.3,0,,False,google_places,,ChIJMScCrFllhYARPgdjVG1U3x8,(925) 961-5552,mexican_restaurant,http://tzununrestaurant.com/,"Monday: 11:00 AM – 9:00 PM
Tuesday: 11:00 AM – 9:00 PM
Wednesday: 11:00 AM – 9:00 PM
Thursday: 11:00 AM – 9:00 PM
Friday: 11:00 AM – 9:00 PM
Saturday: 10:00 AM – 9:30 PM
Sunday: 10:00 AM – 8:00 PM",
878248aa-2c58-4c28-a00a-5527af7237f5,Noah's NY Bagels,"730 Bancroft Rd, Walnut Creek, CA 94598, USA",,37.9291822,-122.03995359999999,2026-07-18 03:53:23.025196,,,,4.0,0,Counter-serve chain specializing in bagels. Also sells breakfast sandwiches & pastries.,False,google_places,,ChIJZc7lVQBhhYARZhrLneARdWM,(925) 256-8284,bakery,https://locations.noahs.com/us/ca/walnut-creek/730-bancroft-rd?y_source=1_ODk4NTc2NS03MTUtbG9jYXRpb24ud2Vic2l0ZQ%3D%3D,"Monday: 5:00 AM – 2:00 PM
Tuesday: 5:00 AM – 2:00 PM
Wednesday: 5:00 AM – 2:00 PM
Thursday: 5:00 AM – 2:00 PM
Friday: 5:00 AM – 2:00 PM
Saturday: 5:30 AM – 2:00 PM
Sunday: 5:30 AM – 2:00 PM",
88ade462-8038-45af-a2c8-fcfff7089bd1,Matsu Sushi Japanese Restaurant,"1914 Contra Costa Blvd, Pleasant Hill, CA 94523, USA",,37.9483914,-122.05950969999999,2026-07-18 02:53:28.927854,,,,4.1,0,"Relaxed local Japanese chain serving sushi, udon, teriyaki & more, plus beer, wine & sake.",False,google_places,,ChIJ8bpOHDhhhYARq9HfELjR-hY,(925) 671-9972,japanese_restaurant,http://matsusushiph.com/,"Monday: 11:00 AM – 10:00 PM
Tuesday: 11:00 AM – 10:00 PM
Wednesday: 11:00 AM – 10:00 PM
Thursday: 11:00 AM – 10:00 PM
Friday: 11:00 AM – 10:00 PM
Saturday: 11:00 AM – 10:00 PM
Sunday: 11:00 AM – 10:00 PM",
8918e955-bf01-4f39-8893-6422dcd32efe,Ashley Marie Skin Care,"1651 Botelho Dr #190, Walnut Creek, CA 94596, USA",,37.8940854,-122.0603959,2026-02-05 03:31:32.920509,,,,,0,,False,google_places,,ChIJO4F78KdghYARXIKo34zwxaE,,hair_care,,,
8a0aa1b9-d19b-4476-b09d-50e8faf23f1d,Cupcakin' Bake Shop,"1388 N Main St, Walnut Creek, CA 94596, USA",,37.8991627,-122.0605648,2026-07-17 19:28:30.827712,/static/logos/e5f05a7595b84f80a19865f00b966f90.jpg,/static/banners/2259c8a1ef824ebe983ddbb87ba6b5e6.jpg,,4.5,0,,False,google_places,,ChIJKYfAywRhhYARlha20l6aGkE,(510) 529-4488,bakery,http://cupcakinbakeshop.com/,"Monday: 11:00 AM – 6:00 PM
Tuesday: 11:00 AM – 9:00 PM
Wednesday: 11:00 AM – 9:00 PM
Thursday: 11:00 AM – 9:00 PM
Friday: 11:00 AM – 9:00 PM
Saturday: 11:00 AM – 9:00 PM
Sunday: 11:00 AM – 6:00 PM",
8aab4650-3b4c-4ae3-a9f7-9aefa04bd886,Glow Age Aesthetics,"1838 Tice Valley Blvd, Walnut Creek, CA 94595, USA",,37.8803898,-122.075112,2026-02-05 03:31:32.920557,/static/business_images/581ebb232f014d34bb48180e32de4e08.jpg,/static/business_images/a5c2b7813a424e099feb59faed956f6b.jpg,,4.9,0,,False,google_places,,ChIJw1iPoPNhhYARtzciAarBcZs,+1 925-212-8266,beauty_salon,,,
8adfcb24-68ae-4427-bc0b-2ccb5966e41b,A Sweet Affair Bakery,"1815 Ygnacio Valley Rd Ste F, Walnut Creek, CA 94598, USA",,37.917291,-122.03803479999999,2026-07-18 03:53:23.024222,,,,4.4,0,"Classic bakeshop with a menu of lunch fare, cookies, special-order cakes, breads, rolls & muffins.",False,google_places,,ChIJK-TsSa1hhYARzPPjNkW-3_0,(925) 944-1910,cafe,https://asweetaffairbakery.com/,"Monday: 7:00 AM – 5:00 PM
Tuesday: 7:00 AM – 5:00 PM
Wednesday: 7:00 AM – 5:00 PM
Thursday: 7:00 AM – 5:00 PM
Friday: 7:00 AM – 5:00 PM
Saturday: 7:00 AM – 5:00 PM
Sunday: 8:00 AM – 2:30 PM",
8b481ffe-94a6-4f10-a929-32405782aba8,Unwind Hawaii,"1372 N Main St Ste 203, Walnut Creek, CA 94596, USA",,37.8989379,-122.06028899999998,2026-07-18 03:53:23.024869,,,,5.0,0,,False,google_places,,ChIJlViOI75hhYARBh4e_vVXHRg,(808) 866-0769,spa,https://www.unwindhawaii.com/,"Monday: 10:00 AM – 8:00 PM
Tuesday: 10:00 AM – 8:00 PM
Wednesday: 10:00 AM – 8:00 PM
Thursday: 10:00 AM – 8:00 PM
Friday: 10:00 AM – 8:00 PM
Saturday: 10:00 AM – 8:00 PM
Sunday: 10:00 AM – 8:00 PM",
8bbdb68c-4c86-46a6-8bf7-884b1453395e,Kansai Concord,"1669 Willow Pass Rd, Concord, CA 94520, USA",,37.972981100000005,-122.0433859,2026-07-18 02:53:28.927871,,,,4.2,0,Japanese spot for both classic & novel sushi combinations & cooked dishes in a modern atmosphere.,False,google_places,,ChIJXcKX-9lmhYAR-ZGN8vYxi4E,(925) 787-5785,japanese_restaurant,http://kansaiconcord.com/,"Monday: 11:30 AM – 10:00 PM
Tuesday: 11:30 AM – 10:00 PM
Wednesday: 11:30 AM – 10:00 PM
Thursday: 11:30 AM – 10:00 PM
Friday: 11:30 AM – 11:00 PM
Saturday: 11:30 AM – 11:00 PM
Sunday: 11:30 AM – 10:00 PM",
8bca3311-b5f9-4d78-ac85-1f527e4c7b16,Elements Massage,"2870 Ygnacio Valley Rd, Walnut Creek, CA 94598, USA",,37.9283687,-122.0172016,2026-07-18 03:53:23.024920,,,,4.7,0,,False,google_places,,ChIJp5fTjl1ghYARaXuGbZjcnaA,(925) 266-4200,spa,https://elementsmassage.com/walnut-creek?utm_source=Google&utm_medium=SoCi,"Monday: 9:00 AM – 9:00 PM
Tuesday: 9:00 AM – 9:00 PM
Wednesday: 9:00 AM – 9:00 PM
Thursday: 9:00 AM – 9:00 PM
Friday: 9:00 AM – 9:00 PM
Saturday: 9:00 AM – 9:00 PM
Sunday: 10:00 AM – 7:00 PM",
8bf50231-8f2f-42fc-baae-a15e722c58fc,Snap Fitness Walnut Creek,"1533A Palos Verdes Mall, Walnut Creek, CA 94597, USA",,37.924272699999996,-122.0878825,2026-07-18 03:53:23.024688,,,,4.6,0,,False,google_places,,ChIJCd-Q2NhjhYAR-jXJbzgosAc,(925) 878-1277,gym,https://www.snapfitness.com/us/gyms/walnut-creek-ca?utm_source=gmb&utm_medium=yext,"Monday: Open 24 hours
Tuesday: Open 24 hours
Wednesday: Open 24 hours
Thursday: Open 24 hours
Friday: Open 24 hours
Saturday: Open 24 hours
Sunday: Open 24 hours",
8c076926-86a7-4838-8d09-a7300fc22f93,Dream Body Medspa - Walnut Creek,"7000 Sunne Ln suite 112 studio 101, Walnut Creek, CA 94597, USA",,37.9267951,-122.05508230000001,2026-07-18 03:53:23.024984,,,,5.0,0,,False,google_places,,ChIJ5dRMw4xhhYARvMl4S1Cr_bU,(925) 633-7522,spa,https://dreambodymedspa.com/,"Monday: 9:00 AM – 9:00 PM
Tuesday: 9:00 AM – 9:00 PM
Wednesday: 9:00 AM – 9:00 PM
Thursday: 9:00 AM – 9:00 PM
Friday: 9:00 AM – 9:00 PM
Saturday: 10:00 AM – 8:00 PM
Sunday: 9:00 AM – 8:00 PM",
8c8a4bbe-a74b-486a-88d3-8192518764bd,Lavender Day Spa,"1291 Oakland Blvd, Walnut Creek, CA 94596, USA",,37.897492,-122.07033320000001,2026-07-17 19:28:30.827610,/static/logos/798396d269a2468b99a10c09d6949dab.jpg,/static/banners/91905b623e9f4f5f811f9a5d74b6f325.jpg,,3.6,0,,False,google_places,,ChIJz9BBrXxhhYARiD6P7GqVTGU,(925) 871-9753,spa,http://www.lavenderdayspa925.com/,"Monday: 9:30 AM – 9:00 PM
Tuesday: 9:30 AM – 9:00 PM
Wednesday: 9:30 AM – 9:00 PM
Thursday: 9:30 AM – 9:00 PM
Friday: 9:30 AM – 9:00 PM
Saturday: 9:30 AM – 9:00 PM
Sunday: 9:30 AM – 9:00 PM",
8cb525d7-cdf2-42d8-b93d-5363d1f801e7,Gott's Walnut Creek,"1275 S Main St, Walnut Creek, CA 94596, USA",,37.8949991,-122.05973750000001,2026-07-18 02:53:28.927064,,,,4.2,0,"Inventive burgers & more, plus beer & wine offered at a chill, self-serve joint with picnic tables.",False,google_places,,ChIJWw_2asJhhYARW6tIJYou2GA,(925) 954-6243,restaurant,https://www.gotts.com/?utm_source=google&utm_medium=gbp,"Monday: 11:00 AM – 9:00 PM
Tuesday: 11:00 AM – 9:00 PM
Wednesday: 11:00 AM – 9:00 PM
Thursday: 11:00 AM – 9:00 PM
Friday: 11:00 AM – 9:00 PM
Saturday: 11:00 AM – 9:00 PM
Sunday: 11:00 AM – 9:00 PM",
8d75434b-9d00-4412-971f-4400c6a9941f,KavehG,"3408 Camino Tassajara, Danville, CA 94506, USA",,37.7986743,-121.9199884,2026-07-18 03:53:23.024180,,,,4.9,0,,False,google_places,,ChIJ8crCWAbzj4AR66aI2uQsj1U,(925) 856-5762,cafe,https://www.kavehg.com/,"Monday: 7:00 AM – 10:00 PM
Tuesday: 7:00 AM – 10:00 PM
Wednesday: 7:00 AM – 10:00 PM
Thursday: 7:00 AM – 10:00 PM
Friday: 7:00 AM – 11:00 PM
Saturday: 7:00 AM – 11:00 PM
Sunday: 7:00 AM – 10:00 PM",
8e1d1d69-66e7-4af2-ae1f-8429b892c3c4,Rocco's Ristorante Pizzeria,"2909 Ygnacio Valley Rd, Walnut Creek, CA 94598, USA",,37.9255292,-122.01630410000001,2026-07-18 02:53:28.927539,,,,4.4,0,Pastas in homemade sauces & other Italian classics in a charming space filled with retro decor.,False,google_places,,ChIJ10RNbmdghYARf1A6G_UZxfE,(925) 947-6105,pizza_restaurant,https://www.roccospizzeria.com/,"Monday: 11:00 AM – 9:00 PM
Tuesday: 11:00 AM – 9:00 PM
Wednesday: 11:00 AM – 9:00 PM
Thursday: 11:00 AM – 9:00 PM
Friday: 11:00 AM – 10:00 PM
Saturday: 11:00 AM – 9:00 PM
Sunday: 11:00 AM – 9:00 PM",
8e5b2440-0846-49f4-b43c-4263cfcb3fd1,Glass Slipper Gourmet,"33 Quail Ct Ste 100, Walnut Creek, CA 94596, USA",,37.8879625,-122.05513849999998,2026-07-18 03:53:23.025148,,,,4.4,0,,False,google_places,,ChIJAQAAAMRghYAR7_iiYiopfes,(925) 812-0883,bakery,http://www.glassslippergourmet.com/,"Monday: Closed
Tuesday: 10:00 AM – 4:00 PM
Wednesday: 10:00 AM – 4:00 PM
Thursday: 10:00 AM – 4:00 PM
Friday: 10:00 AM – 4:00 PM
Saturday: 11:00 AM – 2:00 PM
Sunday: Closed",
8e6a6758-4a94-43c0-9e52-c4f05942f15d,Jack's Urban Eats,"2862 Ygnacio Valley Rd, Walnut Creek, CA 94598, USA",,37.9282156,-122.01689970000001,2026-07-18 02:53:28.927133,,,,4.4,0,Eclectic salads & sandwiches are the focus of this chill counter-serve chain with beer & wine.,False,google_places,,ChIJCUVTb2dghYARU3zjucevlrw,(925) 954-1570,restaurant,http://www.jacksurbaneats.com/,"Monday: 11:00 AM – 8:00 PM
Tuesday: 11:00 AM – 8:00 PM
Wednesday: 11:00 AM – 8:00 PM
Thursday: 11:00 AM – 9:00 PM
Friday: 11:00 AM – 9:00 PM
Saturday: 11:30 AM – 9:00 PM
Sunday: 11:30 AM – 8:00 PM",
8f5be9fe-4538-4646-a2b3-13f82bc125c2,Yokoso Japanese Restaurant,"2380 Monument Blvd, Pleasant Hill, CA 94523, USA",,37.944944199999995,-122.05688880000001,2026-07-18 02:53:28.927825,,,,4.5,0,"Asian haunt with contemporary flair serving sushi, tempura & grilled eats with a Californian twist.",False,google_places,,ChIJFUdfMTlhhYARIJHjak4OWRc,(925) 288-1628,japanese_restaurant,https://mobile-order.yammii.com/index.html?shop_name=yokoso-japanese,"Monday: 11:00 AM – 3:00 PM, 4:30 – 9:00 PM
Tuesday: 11:00 AM – 3:00 PM, 4:30 – 9:00 PM
Wednesday: 11:00 AM – 3:00 PM, 4:30 – 9:00 PM
Thursday: 11:00 AM – 3:00 PM, 4:30 – 9:00 PM
Friday: 11:00 AM – 3:00 PM, 4:30 – 9:00 PM
Saturday: 11:30 AM – 3:30 PM, 4:30 – 9:00 PM
Sunday: 11:30 AM – 3:30 PM, 4:30 – 9:00 PM",
8f676c9d-3c77-44f1-bc71-45c636d3a96d,Main Street Kitchen & Bar,"1358 N Main St, Walnut Creek, CA 94596, USA",,37.898656599999995,-122.0602245,2026-07-18 02:53:28.926962,,,,4.2,0,Bistro for Californian fare from local ingredients in a polished cafe space with some outdoor seats.,False,google_places,,ChIJIRGcMsBhhYARsnDTPa97Mlc,(925) 933-1001,restaurant,https://mainstkitchen.com/,"Monday: 11:00 AM – 9:00 PM
Tuesday: 11:00 AM – 9:00 PM
Wednesday: 11:00 AM – 9:00 PM
Thursday: 11:00 AM – 9:00 PM
Friday: 11:00 AM – 9:00 PM
Saturday: 9:00 AM – 9:00 PM
Sunday: 9:00 AM – 8:00 PM",
910cbe4c-62da-4176-ac10-e3fb728ff95f,Golden Palace Restaurant,"581 Moraga Rd, Moraga, CA 94556, USA",,37.8556775,-122.1245079,2026-07-18 02:53:28.927727,,,,4.4,0,,False,google_places,,ChIJX0akz9OJj4ARJClGnPnBzBE,(925) 631-0284,chinese_restaurant,https://smorefood.com/order-online/golden-palace-moraga-94556-d6s4xihz?utm_source=gmb&utm_medium=website,"Monday: Closed
Tuesday: 11:00 AM – 9:15 PM
Wednesday: 11:00 AM – 9:15 PM
Thursday: 11:00 AM – 9:15 PM
Friday: 11:00 AM – 9:15 PM
Saturday: 11:00 AM – 9:00 PM
Sunday: 12:00 – 9:15 PM",
912934a9-2870-431e-b072-e48a098524bf,Tranquility Spa,"1815 Ygnacio Valley Rd, Walnut Creek, CA 94598, USA",,37.917332200000004,-122.03761310000002,2026-07-18 03:53:23.024846,,,,4.7,0,,False,google_places,,ChIJp1NADldhhYARIQswOQc2QlM,(925) 722-5888,spa,http://www.tranquilityspawc.com/,"Monday: 9:30 AM – 9:30 PM
Tuesday: 9:30 AM – 9:30 PM
Wednesday: 9:30 AM – 9:30 PM
Thursday: 9:30 AM – 9:30 PM
Friday: 9:30 AM – 9:30 PM
Saturday: 9:30 AM – 9:30 PM
Sunday: 9:30 AM – 9:30 PM",
91548bf5-2ce2-45c4-a492-b4c1e5580362,House of Bagels,"1331 Locust St #1335, Walnut Creek, CA 94596, USA",,37.897945,-122.0617643,2026-07-17 19:28:30.827733,/static/logos/684488d88fac40e69717f77e22027d78.jpg,/static/banners/14d40f2167da44a7a03512518a3fbc54.jpg,,4.3,0,"This unassuming spot serves up bagels with a variety of spreads plus muffins, sandwiches & salads.",False,google_places,,ChIJQ4XHYuphhYARZ9xeLzydO7w,(925) 943-6499,bakery,http://www.houseofbagelswc.com/,"Monday: 6:45 AM – 2:00 PM
Tuesday: 6:45 AM – 2:00 PM
Wednesday: 6:45 AM – 2:00 PM
Thursday: 6:45 AM – 2:00 PM
Friday: 6:45 AM – 2:00 PM
Saturday: 6:45 AM – 2:00 PM
Sunday: 6:45 AM – 2:00 PM",
91de784c-d395-49e1-9a55-07a72f44b040,El Tapatio Restaurant & Cantina,"40 Golf Club Rd, Pleasant Hill, CA 94523, USA",,37.9717772,-122.06578259999999,2026-07-18 02:53:28.928113,,,,4.4,0,Laid-back Mexican bistro offering burritos & other classic dishes plus a brunch buffet & full bar.,False,google_places,,ChIJxe2E6r5mhYARnvG5Mkd1Yjg,(925) 676-2420,mexican_restaurant,https://www.eltaps.com/,"Monday: Closed
Tuesday: 11:00 AM – 8:00 PM
Wednesday: 11:00 AM – 8:00 PM
Thursday: 11:00 AM – 8:00 PM
Friday: 11:00 AM – 9:00 PM
Saturday: 11:00 AM – 9:00 PM
Sunday: 10:00 AM – 8:00 PM",
92083f7e-761b-416c-9caf-1e35ca4311eb,Beyond Beauty Med Spa,"675 Ygnacio Valley Rd #100A, Walnut Creek, CA 94596, USA",,37.905940699999995,-122.06001710000001,2026-07-18 03:53:23.024610,,,,5.0,0,,False,google_places,,ChIJk5C88T7zj4ARvLbPZTVavSQ,(925) 915-5153,beauty_salon,https://www.beyondbeautygoals.com/,"Monday: 9:00 AM – 6:00 PM
Tuesday: 9:00 AM – 6:00 PM
Wednesday: 9:00 AM – 6:00 PM
Thursday: 9:00 AM – 6:00 PM
Friday: 9:00 AM – 6:00 PM
Saturday: 9:00 AM – 3:00 PM
Sunday: Closed",
9212a0ed-2a61-4c9f-9515-da3af2b91177,I Love Teriyaki & Sushi,"1980 Galindo St, Concord, CA 94520, USA",,37.9766695,-122.03528310000002,2026-07-18 02:53:28.927979,,,,4.5,0,,False,google_places,,ChIJJ3ph8glnhYARo2APNjM-YWM,(925) 680-0888,japanese_restaurant,http://www.iloveteriyakiandsushi.com/,"Monday: 11:30 AM – 9:30 PM
Tuesday: Closed
Wednesday: 11:30 AM – 9:30 PM
Thursday: 11:30 AM – 9:30 PM
Friday: 11:30 AM – 9:30 PM
Saturday: 11:30 AM – 9:30 PM
Sunday: 11:30 AM – 9:30 PM",
929c5c82-0378-4e44-8025-a68afdb8efdd,Artie's Countrywood Lounge,"2068 Treat Blvd, Walnut Creek, CA 94598, USA",,37.930158299999995,-122.03956299999999,2026-07-18 02:53:28.927271,,,,4.4,0,,False,google_places,,ChIJ0V94jwFhhYARybpHSgS451I,(925) 934-5662,bar,http://www.artieslounge.com/,"Monday: 10:00 AM – 2:00 AM
Tuesday: 10:00 AM – 2:00 AM
Wednesday: 10:00 AM – 2:00 AM
Thursday: 10:00 AM – 2:00 AM
Friday: 10:00 AM – 2:00 AM
Saturday: 10:00 AM – 2:00 AM
Sunday: 12:00 PM – 2:00 AM",
943ec35b-2b6a-46d2-89e4-4e439cc88e74,LaserAway Walnut Creek,"1648 Bonanza St, Walnut Creek, CA 94596, USA",,37.8996662,-122.0629514,2026-07-17 19:28:30.827547,/static/logos/6a9be3471b424271956fb5485dc3d793.jpg,/static/banners/758cb63fde424b389b6c29fac2de380c.jpg,,4.5,0,,False,google_places,,ChIJiXqaUJVhhYARFn6ymL4divI,(925) 937-2929,spa,https://www.laseraway.com/locations/ca/walnut-creek/?utm_source=google&utm_medium=organic&utm_campaign=website-link,"Monday: 10:00 AM – 8:00 PM
Tuesday: 10:00 AM – 8:00 PM
Wednesday: 10:00 AM – 8:00 PM
Thursday: 10:00 AM – 8:00 PM
Friday: 10:00 AM – 6:00 PM
Saturday: 10:00 AM – 6:00 PM
Sunday: 10:00 AM – 6:00 PM",
945f0cf3-dd1f-4035-a45a-eba8ddc655fe,Yard House,"2005 Diamond Blvd, Concord, CA 94520, USA",,37.971813999999995,-122.0566692,2026-07-18 02:53:28.927277,,,,4.4,0,High-end sports-bar chain with a huge menu of New American fare & an extensive list of draft beers.,False,google_places,,ChIJyRTOJntnhYAR3fxaYn8zx6Q,(925) 602-0523,bar,https://www.yardhouse.com/locations/ca/concord/concord-the-veranda/8373?cmpid=br:yh_ag:ie_ch:loc_ca:YHGMB_sn:gmb_gt:concord-ca-8373_pl:locurl_rd:1068,"Monday: 11:00 AM – 11:00 PM
Tuesday: 11:00 AM – 11:00 PM
Wednesday: 11:00 AM – 11:00 PM
Thursday: 11:00 AM – 11:00 PM
Friday: 11:00 AM – 12:30 AM
Saturday: 11:00 AM – 12:30 AM
Sunday: 11:00 AM – 11:00 PM",
954e822b-020a-4363-a5d5-47c331c9ac05,Hakashi Sushi Bar & Grill,"1385 N Main St Ste C, Walnut Creek, CA 94596, USA",,37.898865,-122.0609731,2026-07-17 19:28:30.827866,/static/logos/a5a4a8797ed44c5caacffb1c055bebdb.jpg,/static/banners/962c42b6a9714c62bd52d7e6f24b4d59.jpg,,4.5,0,,False,google_places,,ChIJBfO8ypphhYARYYcKx7nFWAE,(925) 433-5068,japanese_restaurant,https://www.hakashisushibar.com/,"Monday: 11:30 AM – 2:30 PM, 5:00 – 10:00 PM
Tuesday: 11:30 AM – 2:30 PM, 5:00 – 10:00 PM
Wednesday: 11:30 AM – 2:30 PM, 5:00 – 10:00 PM
Thursday: 11:30 AM – 2:30 PM, 5:00 – 10:00 PM
Friday: 11:30 AM – 2:30 PM, 5:00 – 10:00 PM
Saturday: 11:30 AM – 2:30 PM, 5:00 – 10:00 PM
Sunday: 11:30 AM – 10:00 PM",
95b4b48f-139d-4d9d-a651-df2990474631,The Library Social Club | Wine Bar,"1506 N Main St, Walnut Creek, CA 94596, USA",,37.9001526,-122.0608732,2026-07-18 02:53:28.927088,,,,4.5,0,,False,google_places,,ChIJ-VQFbUNhhYARlsDeqmZWfaI,(925) 705-9278,restaurant,http://thelibrarysocialclub.com/,"Monday: Closed
Tuesday: 3:00 – 9:00 PM
Wednesday: 3:00 – 9:00 PM
Thursday: 3:00 – 9:00 PM
Friday: 3:00 – 10:00 PM
Saturday: 12:00 – 10:00 PM
Sunday: 12:00 – 5:00 PM",
96777886-2dce-413b-8675-4498fc3e186d,Chicken Pie Shop,"1251 Arroyo Way, Walnut Creek, CA 94596, USA",,37.904748399999995,-122.0600035,2026-07-18 02:53:28.927568,,,,4.4,0,,False,google_places,,ChIJN8qhFr5hhYARNwPgxEUwY_U,(925) 322-8799,pizza_restaurant,http://chickenpieshopwc.com/,"Monday: 4:00 – 9:00 PM
Tuesday: 11:00 AM – 9:00 PM
Wednesday: 11:00 AM – 9:00 PM
Thursday: 11:00 AM – 9:00 PM
Friday: 11:00 AM – 9:30 PM
Saturday: 11:00 AM – 9:30 PM
Sunday: 11:00 AM – 9:00 PM",
96e80dd9-687b-48a6-9ad9-02195bf0277f,Tanoshi Japanese Bistro,"2280 Oak Grove Rd unit A, Walnut Creek, CA 94598, USA",,37.9298731,-122.01529849999999,2026-07-18 02:53:28.927076,,,,4.6,0,,False,google_places,,ChIJ_eK2sIthhYARJeDk6feHEEI,(925) 268-7986,restaurant,https://www.tanoshibistro.com/,"Monday: 11:30 AM – 3:00 PM, 5:00 – 9:00 PM
Tuesday: 11:30 AM – 3:00 PM, 5:00 – 9:00 PM
Wednesday: 11:30 AM – 3:00 PM, 5:00 – 9:00 PM
Thursday: 11:30 AM – 3:00 PM, 5:00 – 9:00 PM
Friday: 11:30 AM – 3:00 PM, 5:00 – 10:00 PM
Saturday: 11:30 AM – 3:00 PM, 5:00 – 10:00 PM
Sunday: 11:30 AM – 3:00 PM, 5:00 – 9:00 PM",
96f9d9dd-e6a0-402a-afae-7aad731119e9,Stereo41,"1535 Bonanza St, Walnut Creek, CA 94596, USA",,37.899577,-122.0618017,2026-07-18 02:53:28.927058,,,,4.2,0,,False,google_places,,ChIJm1RMVgBhhYARnpNn0TvWxA8,(925) 278-2760,restaurant,https://stereo41.com/,"Monday: 11:30 AM – 10:00 PM
Tuesday: 11:30 AM – 10:00 PM
Wednesday: 11:30 AM – 10:00 PM
Thursday: 11:30 AM – 10:00 PM
Friday: 11:00 AM – 1:00 AM
Saturday: 11:00 AM – 1:00 AM
Sunday: 11:00 AM – 10:00 PM",
9740575c-b78d-44c6-ba8c-4bc3b7dd3a25,Round Table Pizza,"1776 N Broadway, Walnut Creek, CA 94596, USA",,37.9038076,-122.06095089999998,2026-07-17 19:28:30.827786,/static/logos/1c4fe65470214046b18c71292abf972d.jpg,/static/banners/47a10766ed364b54b7b5bc70c9100de8.jpg,,4.3,0,Long-running chain serving pizzas with customizable toppings & sauces in a simple space.,False,google_places,,ChIJibMqiJVhhYARdYpnQv4_lUU,(925) 945-7878,pizza_restaurant,https://www.roundtablepizza.com/?olonwp=JjBtp_vMLk25gkYh_bnoiQ,"Monday: 11:00 AM – 9:00 PM
Tuesday: 11:00 AM – 9:00 PM
Wednesday: 11:00 AM – 9:00 PM
Thursday: 11:00 AM – 9:00 PM
Friday: 11:00 AM – 10:00 PM
Saturday: 11:00 AM – 10:00 PM
Sunday: 11:00 AM – 9:00 PM",
974094fe-a0cf-4ee1-8edc-b6130d145a8c,Il Pavone,"2291 Olympic Blvd, Walnut Creek, CA 94595, USA",,37.8848341,-122.0772938,2026-07-18 02:53:28.927574,,,,4.4,0,"Homey, family-owned ristorante specializing in Tuscan recipes with a white-tablecloth setting.",False,google_places,,ChIJCdq3IvphhYARXQHOBl7DIt8,(925) 939-9060,pizza_restaurant,http://ilpavonerestaurant.com/,"Monday: 11:30 AM – 9:30 PM
Tuesday: 11:30 AM – 9:30 PM
Wednesday: 11:30 AM – 9:30 PM
Thursday: 11:30 AM – 9:30 PM
Friday: 11:30 AM – 9:30 PM
Saturday: 4:30 – 9:30 PM
Sunday: 4:30 – 9:00 PM",
9762c6cd-bb3f-4439-97e3-2324fa7938ae,Heavenly Bistro,"3116 Oak Rd, Walnut Creek, CA 94597, USA",,37.9319311,-122.0585346,2026-07-18 03:53:23.024204,,,,4.4,0,American comfort foods are served up in a quaint setting offering coffee drinks & cocktails.,False,google_places,,ChIJH9qU-RJhhYAR_3Nxdjk3JjA,(925) 448-8099,cafe,https://www.heavenlybistro.com/,"Monday: 8:00 AM – 3:00 PM
Tuesday: 8:00 AM – 3:00 PM
Wednesday: 8:00 AM – 3:00 PM
Thursday: 8:00 AM – 3:00 PM
Friday: 8:00 AM – 3:00 PM
Saturday: 8:00 AM – 3:00 PM
Sunday: 8:00 AM – 3:00 PM",
9762e72a-fd9e-4be2-b040-f7ef37be4f13,Oishi Sushi & Grill,"1542 Newell Ave, Walnut Creek, CA 94596, USA",,37.8933624,-122.05966649999998,2026-07-17 19:28:30.827893,/static/logos/bc48c75bdc08498bb3a12a23b44121ab.jpg,/static/banners/6f0aa878a05941b19ef4501998bd857b.jpg,,3.9,0,"Sushi, sashimi & Japanese dishes galore offered in a relaxed space with paper lanterns & dark wood.",False,google_places,,ChIJd5XdlMJhhYARcakRpYU_IQo,(925) 933-0115,japanese_restaurant,https://www.oishisushigrill.com/,"Monday: 11:00 AM – 9:00 PM
Tuesday: 11:00 AM – 9:00 PM
Wednesday: 11:00 AM – 9:00 PM
Thursday: 11:00 AM – 9:00 PM
Friday: 11:00 AM – 9:00 PM
Saturday: 11:30 AM – 9:00 PM
Sunday: 11:30 AM – 9:00 PM",
976b1675-3773-4d7d-9855-9c07fe3e152c,Extreme pizza Walnut Creek,"1514 Geary Rd, Walnut Creek, CA 94597, USA",,37.9266323,-122.06418079999999,2026-07-18 02:53:28.927550,,,,4.7,0,Pizzeria chain specializing in innovative pies customized with unusual toppings.,False,google_places,,ChIJDehWaQBhhYARbl_wew14hpM,(925) 930-6100,pizza_restaurant,http://www.extremepizza.com/,"Monday: 10:30 AM – 10:00 PM
Tuesday: 10:30 AM – 10:00 PM
Wednesday: 10:30 AM – 10:00 PM
Thursday: 10:30 AM – 10:00 PM
Friday: 10:30 AM – 10:00 PM
Saturday: 10:30 AM – 10:00 PM
Sunday: 10:30 AM – 9:00 PM",
97e2b8ae-92bf-4c17-8276-5c6cd1b9a10f,NAZ HAIR AFFAIR,"1341 N Main St STE F, Walnut Creek, CA 94596, USA",,37.8981549,-122.06079469999999,2026-07-18 03:53:23.024489,,,,4.8,0,,False,google_places,,ChIJKfwmvE5hhYAR_2VGRsQbO7A,(925) 683-2065,hair_care,https://www.nazhairaffair.com/,"Monday: Closed
Tuesday: 10:00 AM – 6:00 PM
Wednesday: 10:00 AM – 6:00 PM
Thursday: 10:00 AM – 6:00 PM
Friday: 10:00 AM – 6:00 PM
Saturday: 10:00 AM – 6:00 PM
Sunday: Closed",
98cd38be-68ea-4eac-8173-aef19ff15c23,Taqueria Los Gallos Express,"1974 Contra Costa Blvd, Pleasant Hill, CA 94523, USA",,37.9486081,-122.05820200000001,2026-07-18 02:53:28.928185,,,,4.1,0,Counter-serve outpost doles out traditional Mexican dishes in a simple space with cultural artwork.,False,google_places,,ChIJCbm9GzhhhYAR0gzH37aaZdI,(925) 798-0575,mexican_restaurant,https://taquerialosgallosexpress.dine.online/?utm_source=website,"Monday: Open 24 hours
Tuesday: Open 24 hours
Wednesday: Open 24 hours
Thursday: Open 24 hours
Friday: Open 24 hours
Saturday: Open 24 hours
Sunday: Open 24 hours",
99c6d0fc-99ac-495a-a18c-6856a99956de,Celebration Salon Wigs and Extensions,"3195 Danville Blvd STE 3, Alamo, CA 94507, USA",,37.8496383,-122.0328735,2026-02-05 03:31:32.920482,/static/business_images/7bb8507b485949f7bb56fc0f167cb0db.jpg,/static/business_images/f5219516ba6843cd8ec0e062275bdeb9.jpg,,4.8,0,,False,google_places,,ChIJB1sPKwKLj4ARjEAV9wEbK9w,+1 925-314-1760,hair_care,,,
9b6406a2-a649-4d86-8395-dfc1b41a22a7,CJ's Saloon,"548 Contra Costa Blvd G, Pleasant Hill, CA 94523, USA",,37.979575499999996,-122.0675558,2026-07-18 02:53:28.927363,,,,4.4,0,,False,google_places,,ChIJD5YiqZZmhYARKYM9-LuBAfE,(925) 825-3834,bar,,"Monday: 7:00 AM – 12:00 AM
Tuesday: 7:00 AM – 12:00 AM
Wednesday: 7:00 AM – 12:00 AM
Thursday: 7:00 AM – 12:00 AM
Friday: 7:00 AM – 2:00 AM
Saturday: 7:00 AM – 2:00 AM
Sunday: 7:00 AM – 12:00 AM",
9bba914c-67e4-4483-b355-c40105f8fefd,Do Sit Thai Cuisine,"1520 Palos Verdes Mall, Walnut Creek, CA 94597, USA",,37.9249277,-122.0871025,2026-07-18 02:53:28.928011,,,,4.4,0,Elegant destination with a serene ambiance turning out traditional Thai comfort food.,False,google_places,,ChIJCd-Q2NhjhYARuigNLzZP_Vs,(925) 933-3889,thai_restaurant,http://www.dositthai.com/,"Monday: 11:30 AM – 2:30 PM, 5:00 – 8:30 PM
Tuesday: 11:30 AM – 2:30 PM, 5:00 – 8:30 PM
Wednesday: 11:30 AM – 2:30 PM, 5:00 – 8:30 PM
Thursday: 11:30 AM – 2:30 PM, 5:00 – 8:30 PM
Friday: 11:30 AM – 2:30 PM, 5:00 – 9:00 PM
Saturday: 11:30 AM – 2:30 PM, 5:00 – 9:00 PM
Sunday: 5:00 – 8:30 PM",
9bc2366d-93a7-4729-84e2-467a09bf9581,Uncle Yu's,"999 Oak Hill Rd, Lafayette, CA 94549, USA",,37.892274199999996,-122.12063429999999,2026-07-18 02:53:28.927700,,,,4.2,0,Traditional Sichuan specialties in well-appointed surroundings from a family-owned area chain.,False,google_places,,ChIJ3UQEflBihYARtJ_sy15TMfI,(925) 283-1688,chinese_restaurant,http://uncleyus.com/,"Monday: 3:00 – 8:30 PM
Tuesday: 3:00 – 8:30 PM
Wednesday: 3:00 – 8:30 PM
Thursday: 3:00 – 8:30 PM
Friday: 3:00 – 9:00 PM
Saturday: 3:00 – 9:00 PM
Sunday: 3:00 – 8:30 PM",
9bd21433-559b-41e6-a816-ccb9093a08c6,Cotyledon Hair Salon,"1412 N Main St, Walnut Creek, CA 94596, USA",,37.8995302,-122.0607329,2026-02-05 03:31:32.920420,/static/business_images/46bf8466d07c40349902942df6e47e70.jpg,,,5.0,0,,False,google_places,,ChIJnXHUIcBhhYARJFv_siEbzl4,+1 925-933-9340,hair_care,,,
9c2f64c0-54cc-433b-9971-3890814a1b94,Havana Restaurant,"1516 Bonanza St, Walnut Creek, CA 94596, USA",,37.8999353,-122.0616085,2026-02-05 03:31:32.920162,/static/business_images/bbe1e3308d054b5a88330fe31f84b2b8.jpg,/static/business_images/92bc8a992b2041d7b9312dfb9cd03a2b.jpg,,4.5,0,Casual eatery offering California-influenced Cuban dishes washed down with plenty of mojito options.,False,google_places,,ChIJMRmcr-phhYARcs2SoyBp2fw,(925) 939-4555,restaurant,http://www.havanarestaurant.net/,"Monday: 4:00 – 10:00 PM
Tuesday: 4:00 – 9:00 PM
Wednesday: 4:00 – 9:00 PM
Thursday: 4:00 – 10:00 PM
Friday: 4:00 – 10:00 PM
Saturday: 10:00 AM – 10:00 PM
Sunday: 10:00 AM – 9:00 PM",
9c38459f-d935-428b-98bb-8dcbcc64a703,Kana Sushi,"1280 Newell Ave, Walnut Creek, CA 94596, USA",,37.894309,-122.05480630000001,2026-07-17 19:28:30.827886,/static/logos/1868e4acc18e4c30a3841ba0edb212d2.jpg,/static/banners/ff73386e452149c5b2f73fcdec449214.jpg,,4.2,0,,False,google_places,,ChIJW4RmsMRhhYARjCSeZ-sz0dM,(925) 938-3239,japanese_restaurant,https://kanasushi.weebly.com/,"Monday: 11:00 AM – 9:30 PM
Tuesday: 11:00 AM – 9:30 PM
Wednesday: 11:00 AM – 9:30 PM
Thursday: 11:00 AM – 9:30 PM
Friday: 11:00 AM – 9:30 PM
Saturday: 11:00 AM – 9:30 PM
Sunday: 11:00 AM – 9:30 PM",
9c3af5bb-7d07-4900-b427-15488c504fb2,Beau Visage Aesthetics,"1330 N Broadway Suite 200F 2nd floor, Walnut Creek, CA 94596, USA",,37.8986924,-122.05884209999999,2026-07-18 03:53:23.025012,,,,5.0,0,,False,google_places,,ChIJqa5tw_FhhYARyryE54hEF9o,(415) 644-8301,spa,https://bvaesthetics.com/,"Monday: 9:00 AM – 6:00 PM
Tuesday: 9:00 AM – 6:00 PM
Wednesday: 9:00 AM – 6:00 PM
Thursday: 9:00 AM – 6:00 PM
Friday: 9:00 AM – 6:00 PM
Saturday: Closed
Sunday: Closed",
9c6bf56e-2589-4070-96d5-a68f3301ce29,Red Hat Sports Bar,"1860 Monument Blvd, Concord, CA 94520, USA",,37.955287899999995,-122.0396804,2026-07-18 02:53:28.927317,,,,4.4,0,"Laid-back, classic tavern featuring a pool table & regular live music & karaoke nights.",False,google_places,,ChIJ4eczaShhhYAREHJAyu5plAQ,(925) 685-2122,bar,http://www.facebook.com/redhatsportsbar,"Monday: 3:00 – 11:30 PM
Tuesday: 2:00 PM – 2:00 AM
Wednesday: 2:00 PM – 2:00 AM
Thursday: 2:00 PM – 2:00 AM
Friday: 2:00 PM – 2:00 AM
Saturday: 2:00 PM – 2:00 AM
Sunday: 3:00 – 11:30 PM",
9c76426e-ffa2-41ae-ac56-620dfcd10b18,Styled By Rose CA,"2255 Contra Costa Blvd Suite 100 Unit 203, Pleasant Hill, CA 94523, USA",,37.9457425,-122.0607871,2026-07-18 03:53:23.024519,,,,4.9,0,,False,google_places,,ChIJj3zjG4BF-AYROZ_bMRHiL8Q,(925) 360-5300,hair_care,https://styledbyrose.salon/,"Monday: Closed
Tuesday: 9:00 AM – 7:00 PM
Wednesday: 9:00 AM – 7:00 PM
Thursday: 9:00 AM – 7:00 PM
Friday: 9:00 AM – 7:00 PM
Saturday: 9:00 AM – 7:00 PM
Sunday: 1:30 – 7:00 PM",
9c7f28fa-36c0-4aab-9cce-ecd93f808687,Barry's Walnut Creek,"1380n N California Blvd, Walnut Creek, CA 94596, USA",,37.898596999999995,-122.06297869999999,2026-07-18 03:53:23.024739,,,,5.0,0,,False,google_places,,ChIJGS-1CgBhhYARUL03LpMDmbo,(925) 350-7350,gym,https://www.barrys.com/studio/walnut-creek/,"Monday: 5:00 AM – 7:00 PM
Tuesday: 6:00 AM – 7:00 PM
Wednesday: 5:00 AM – 7:00 PM
Thursday: 6:00 AM – 7:00 PM
Friday: 6:00 AM – 6:00 PM
Saturday: 7:00 AM – 1:00 PM
Sunday: 7:00 AM – 1:00 PM",
9cd3da48-d680-46cc-acab-c629e4ab08b8,Urban Loxx Salon & Day Spa,"1605 Locust St, Walnut Creek, CA 94596, USA",,37.900520799999995,-122.06305169999997,2026-07-18 02:53:28.927464,,,,4.9,0,,False,google_places,,ChIJ61FS-PVhhYARMw1WpxJ-xRI,(925) 939-6633,hair_care,https://www.urbanloxxsalon.com/,"Monday: 9:00 AM – 7:00 PM
Tuesday: 9:00 AM – 7:00 PM
Wednesday: 9:00 AM – 7:00 PM
Thursday: 9:00 AM – 7:00 PM
Friday: 10:00 AM – 7:00 PM
Saturday: 10:00 AM – 6:30 PM
Sunday: 9:00 AM – 6:00 PM",
9d0ae2d9-b569-4a36-9526-0be4b7f9b91d,Pasta Primavera,"2997 N Main St, Walnut Creek, CA 94597, USA",,37.9286111,-122.06194440000002,2026-07-18 02:53:28.927545,,,,4.3,0,Generous portions of classic Italian fare are the draw at this low-lit eatery with old-world decor.,False,google_places,,ChIJJTbP4XJhhYAR3cuFSPRh0Jo,(925) 930-7774,pizza_restaurant,https://www.pastapizzaprimavera.com/,"Monday: Closed
Tuesday: 11:00 AM – 8:30 PM
Wednesday: 11:00 AM – 8:30 PM
Thursday: 11:00 AM – 8:30 PM
Friday: 11:00 AM – 9:00 PM
Saturday: 11:00 AM – 9:00 PM
Sunday: 11:00 AM – 8:30 PM",
9d75215f-8225-46ae-8f6d-a266b9191d82,Gibson's Irish Pub,"1387 Locust St, Walnut Creek, CA 94596, USA",,37.8986878,-122.0623236,2026-02-05 03:31:32.920399,/static/business_images/9f28050910c44d5fa072f349dfbb760c.jpg,/static/business_images/ff92f2c7335d4d12881cfdf845162b49.jpg,,3.9,0,,False,google_places,,ChIJf9gQk-phhYARbw1h-OvYGyw,(925) 433-2145,bar,http://gibsonswc.com/,"Monday: 11:30 AM – 9:00 PM
Tuesday: 11:30 AM – 9:00 PM
Wednesday: 11:30 AM – 9:00 PM
Thursday: 11:30 AM – 9:00 PM
Friday: 11:30 AM – 12:30 AM
Saturday: 11:30 AM – 12:30 AM
Sunday: 8:00 AM – 9:00 PM",
9dab0d3b-aaee-4557-aa7e-8035e5dab360,HealthBay Medspa,"1434 N Main St, Walnut Creek, CA 94596, USA",,37.8999065,-122.06069070000001,2026-07-17 19:28:30.827562,/static/logos/b6d631b19c354b699cc50e376cfe24e3.jpg,/static/banners/43f89bf7c1d54666bf6db3df7a596482.jpg,,4.5,0,,False,google_places,,ChIJ93hAQ6xhhYARlc7lbPZZS8I,(925) 885-8281,spa,https://www.healthbaymedspa.com/,"Monday: 9:00 AM – 6:00 PM
Tuesday: 9:00 AM – 6:00 PM
Wednesday: 9:00 AM – 6:00 PM
Thursday: 9:00 AM – 6:00 PM
Friday: 9:00 AM – 6:00 PM
Saturday: 9:00 AM – 4:00 PM
Sunday: Closed",
9de312a9-367b-4d91-beda-ed1c63dc5abc,My Spa by Sara,"1372 N Main St Ste 202, Walnut Creek, CA 94596, USA",,37.8989435,-122.060285,2026-07-18 03:53:23.024989,,,,4.9,0,,False,google_places,,ChIJtcTaTJBhhYARK74wn33ZOhg,(925) 899-3253,spa,https://www.myspabysara.com/,"Monday: Closed
Tuesday: Closed
Wednesday: 10:00 AM – 7:00 PM
Thursday: 10:00 AM – 7:00 PM
Friday: 10:00 AM – 7:00 PM
Saturday: 10:00 AM – 7:00 PM
Sunday: Closed",
9e67f753-c274-4468-ada5-14e43e33ab2e,Nang Sida Traditional Thai Massage,"1628 N Main St, Walnut Creek, CA 94596, USA",,37.9011414,-122.06132819999999,2026-07-18 03:53:23.025059,,,,4.5,0,,False,google_places,,ChIJ3bVQOMBhhYARcGQyEiT7Lbw,(925) 899-5173,spa,http://www.nangsidathaimassage.com/,"Monday: 10:00 AM – 8:00 PM
Tuesday: 10:00 AM – 8:00 PM
Wednesday: 10:00 AM – 8:00 PM
Thursday: 10:00 AM – 8:00 PM
Friday: 10:00 AM – 8:00 PM
Saturday: 10:00 AM – 8:00 PM
Sunday: 10:00 AM – 8:00 PM",
9ea9c1e7-0932-420a-9deb-7e6a4e3fe169,Ruth's Chris Steak House,"1553 Olympic Blvd Bldg. E, Walnut Creek, CA 94596, USA",,37.8959322,-122.0611214,2026-02-05 03:31:32.920078,/static/business_images/7c83302da0374d088f96065c84fa9a78.jpg,/static/business_images/f3694488e6174d73b3bf40d2ffa7b5c6.jpg,,4.3,0,"Outpost of upmarket steakhouse chain known for sizzling, butter-topped beef in an elegant setting",False,google_places,,ChIJJWUU_sFhhYARZ8sc4aqzquc,+1 925-977-3477,restaurant,,,
9f8e1f5c-10f2-4e4c-a536-5affd01cbbbd,Richard Lee's East-West Kung Fu - Alamo,"3000 Danville Blvd Ste n, Alamo, CA 94507, USA",,37.8528843,-122.03375129999998,2026-07-17 19:28:30.827480,/static/logos/76a7fa12a78746b0abf255f73a1d368a.jpg,/static/banners/206ce7de9ffc477b848f6c4210b20481.jpg,,4.5,0,,False,google_places,,ChIJufzD0wGLj4ARWk39t4-f8n8,(925) 831-0292,gym,http://bokfudo.com/,"Monday: 10:00 AM – 10:00 PM
Tuesday: 10:00 AM – 10:00 PM
Wednesday: 10:00 AM – 10:00 PM
Thursday: 10:00 AM – 10:00 PM
Friday: 10:00 AM – 10:00 PM
Saturday: 7:00 AM – 2:00 PM
Sunday: Closed",
9fc72f43-3174-4165-b67f-96fe27f38095,"ISI Elite Training - Walnut Creek, CA","1373 Locust St, Walnut Creek, CA 94596, USA",,37.898373,-122.0621366,2026-07-17 19:28:30.827465,/static/logos/91120b6d895f405299b9e3e651f73a40.jpg,/static/banners/c4e040f1fae4423b86d40f222334dd4b.jpg,,4.8,0,,False,google_places,,ChIJHUN-f9NhhYAROlXaRMRszE0,(925) 705-9536,gym,https://isielitetraining.com/locations/walnutcreek-ca/,"Monday: 5:00 AM – 7:30 PM
Tuesday: 5:00 AM – 6:30 PM
Wednesday: 5:00 AM – 7:30 PM
Thursday: 5:00 AM – 6:30 PM
Friday: 5:00 AM – 7:30 PM
Saturday: 7:00 – 10:00 AM
Sunday: 7:30 – 11:00 AM",
a0ed43a1-ba64-46fb-bebb-827eb64271a3,Alan Williams Salon,"1651 Botelho Dr #190, Walnut Creek, CA 94595, USA",,37.893662,-122.062187,2026-02-05 03:31:32.920433,,,,4.8,0,,False,google_places,,ChIJCR7pyOlhhYARoINCIb1UU9k,+1 510-506-6009,hair_care,,,
a11e9e5a-6b78-45c3-8a13-592aa52390b8,Tice Valley Hair & Nail Salon and Barbershop,"1954 Tice Valley Blvd, Walnut Creek, CA 94595, USA",,37.8786091,-122.07243709999997,2026-07-18 03:53:23.024593,,,,4.4,0,,False,google_places,,ChIJ609f9AeKj4ARIcPfhwLAY3s,(925) 939-8111,beauty_salon,,"Monday: 9:30 AM – 5:00 PM
Tuesday: 9:30 AM – 5:00 PM
Wednesday: 9:30 AM – 5:00 PM
Thursday: 9:30 AM – 5:00 PM
Friday: 9:30 AM – 5:00 PM
Saturday: 9:30 AM – 5:00 PM
Sunday: Closed",
a17ade1c-6997-4eb4-b019-396872b19f07,Noah's NY Bagels,"1930 Mt Diablo Blvd Unit B, Walnut Creek, CA 94596, USA",,37.8979295,-122.0671566,2026-02-05 03:31:32.920264,/static/logos/c65a204cc569423fbf12b3cebb0f2180.jpg,/static/banners/0dfbd7ff0466451f8a9e46f847e532a3.jpg,,3.8,0,Counter-serve chain specializing in bagels. Also sells breakfast sandwiches & pastries.,False,google_places,,ChIJNUBcoexhhYARw_oK2q018cE,(925) 357-6967,cafe,https://locations.noahs.com/us/ca/walnut-creek/1930-mt-diablo-blvd?y_source=1_ODk4NTc4Ny03MTUtbG9jYXRpb24ud2Vic2l0ZQ%3D%3D,"Monday: 6:00 AM – 2:00 PM
Tuesday: 6:00 AM – 2:00 PM
Wednesday: 6:00 AM – 2:00 PM
Thursday: 6:00 AM – 2:00 PM
Friday: 6:00 AM – 2:00 PM
Saturday: 6:00 AM – 2:00 PM
Sunday: 6:00 AM – 2:00 PM",
a2e90f42-9111-4eae-b994-c77ca2f72a56,Rancho Cantina,"3616 Mount Diablo Blvd, Lafayette, CA 94549, USA",,37.8915151,-122.12481009999999,2026-07-18 02:53:28.928102,,,,4.4,0,Spanish & Mexican fare & cocktails from a wood-fired grill in country-chic digs with a patio.,False,google_places,,ChIJAYTEQldihYARuzdF6_bhlBw,(925) 282-3811,mexican_restaurant,http://www.ranchocantina.com/,"Monday: 11:30 AM – 8:30 PM
Tuesday: 11:30 AM – 8:30 PM
Wednesday: 11:30 AM – 8:30 PM
Thursday: 11:30 AM – 8:30 PM
Friday: 11:30 AM – 9:30 PM
Saturday: 11:30 AM – 9:30 PM
Sunday: 11:30 AM – 8:30 PM",
a433d421-ed13-4064-8832-f5cf0deb3d91,Herencia Hidalguense,"2735 N Main St, Walnut Creek, CA 94597, USA",,37.92324310000001,-122.0640136,2026-07-18 02:53:28.928125,,,,5.0,0,,False,google_places,,ChIJ2QsaDwBhhYARAg9dJnkAzrc,(925) 799-8211,mexican_restaurant,,"Monday: 10:00 AM – 10:00 PM
Tuesday: 10:00 AM – 10:00 PM
Wednesday: 10:00 AM – 10:00 PM
Thursday: 10:00 AM – 10:00 PM
Friday: 10:00 AM – 10:00 PM
Saturday: 10:00 AM – 10:00 PM
Sunday: 10:00 AM – 10:00 PM",
a48210c0-6b7e-430d-a4c3-9df99eb3d1e3,Oasis Wellness Spa,"3116 Oak Rd Unit C, Walnut Creek, CA 94597, USA",,37.931923499999996,-122.05845509999999,2026-07-18 03:53:23.024897,,,,4.4,0,,False,google_places,,ChIJDa9SR5thhYAR4gYnj__kE6A,(925) 817-2918,spa,https://oasiswellness-spa.com/,"Monday: 9:00 AM – 9:00 PM
Tuesday: 9:00 AM – 9:00 PM
Wednesday: 9:00 AM – 9:00 PM
Thursday: 9:00 AM – 9:00 PM
Friday: 9:00 AM – 9:00 PM
Saturday: 9:00 AM – 9:00 PM
Sunday: 9:30 AM – 8:00 PM",
a5c42fdf-aa9f-4606-9fb3-28cf463a7108,R Spa at Bay Club Walnut Creek,"2805 Jones Rd, Walnut Creek, CA 94597, USA",,37.9253747,-122.05616889999999,2026-07-18 03:53:23.024880,,,,5.0,0,,False,google_places,,ChIJa-Yn3KhhhYARMzc7uZB85pA,(925) 942-6379,spa,https://na.globalspa.marriott.com/oakbr/4797218/home,"Monday: 9:00 AM – 7:00 PM
Tuesday: 9:00 AM – 8:00 PM
Wednesday: 9:00 AM – 8:00 PM
Thursday: 9:00 AM – 8:00 PM
Friday: 9:00 AM – 8:00 PM
Saturday: 9:00 AM – 8:00 PM
Sunday: 9:00 AM – 7:00 PM",
a6093541-9b58-4f99-8826-8e25a65ea638,El Jardin Taqueria,"1980 Tice Valley Blvd Ste A, Walnut Creek, CA 94595, USA",,37.8774514,-122.07292470000002,2026-07-17 19:28:30.828013,/static/logos/a68fbddf11a842e7ac2f921d68561819.jpg,/static/banners/1adece14e8f24c83a335eab531593373.jpg,,4.5,0,,False,google_places,,ChIJG1_KZFmLj4ARDNcjy7axyBI,(925) 476-5333,mexican_restaurant,,"Monday: 9:00 AM – 9:30 PM
Tuesday: 9:00 AM – 9:30 PM
Wednesday: 9:00 AM – 9:30 PM
Thursday: 9:00 AM – 9:30 PM
Friday: 9:00 AM – 9:30 PM
Saturday: 9:00 AM – 9:30 PM
Sunday: 9:00 AM – 9:30 PM",
a6441d7e-c5e6-4ade-a439-3a4bbbb600bc,Nordstrom Ebar Artisan Coffee,"1200 Broadway Plaza, Walnut Creek, CA 94596, USA",,37.8971443,-122.0581698,2026-02-05 03:31:32.920257,/static/business_images/e683609769114443a42a45ad549c8c66.jpg,/static/business_images/75130cc4f5c347a2bb3b915e9d21cd99.jpg,,4.1,0,,False,google_places,,ChIJ6xh2gsFhhYARsFzKLA56HkQ,(925) 975-5615,cafe,https://www.nordstrom.com/store-details/nordstrom-broadway-plaza-in-walnut-creek?utm_source=google&utm_medium=organic&utm_campaign=food&utm_content=26421&utm_channel=low_nd_seo_local&sp_source=google&sp_campaign=food,"Monday: 9:00 AM – 8:00 PM
Tuesday: 9:00 AM – 8:00 PM
Wednesday: 9:00 AM – 8:00 PM
Thursday: 9:00 AM – 8:00 PM
Friday: 9:00 AM – 8:00 PM
Saturday: 9:00 AM – 8:00 PM
Sunday: 10:00 AM – 6:00 PM",
a6d9b565-aa31-4df4-8db8-f504988dfd98,The Perfect Workout,"925 Ygnacio Valley Rd Unit 104, Walnut Creek, CA 94596, USA",,37.9073117,-122.0562216,2026-07-18 03:53:23.024733,,,,5.0,0,,False,google_places,,ChIJA_0iGrxhhYARmvFETA8sYUg,(844) 403-1120,gym,https://www.theperfectworkout.com/studio-locations/walnut-creek-ca/?utm_source=gmb&utm_medium=profile,"Monday: 7:00 AM – 7:00 PM
Tuesday: 7:00 AM – 7:00 PM
Wednesday: 7:00 AM – 7:00 PM
Thursday: 7:00 AM – 7:00 PM
Friday: 7:00 AM – 7:00 PM
Saturday: 7:00 AM – 2:00 PM
Sunday: Closed",
a7720358-5ddc-49dd-9105-1099233fad97,Tachi Sushi Bar,"5458 Ygnacio Valley Rd, Concord, CA 94521, USA",,37.951352299999996,-121.9565088,2026-07-18 02:53:28.927951,,,,4.4,0,Traditional sushi & sashimi options & Japanese dishes such as teriyaki served in an easygoing setup.,False,google_places,,ChIJ83puSa1fhYARy5TVDI_68GA,(925) 672-1431,japanese_restaurant,,"Monday: Closed
Tuesday: 11:00 AM – 2:30 PM, 4:30 – 8:30 PM
Wednesday: 11:00 AM – 2:30 PM, 4:30 – 8:30 PM
Thursday: 11:00 AM – 2:30 PM, 4:30 – 8:30 PM
Friday: 11:00 AM – 2:30 PM, 4:30 – 9:00 PM
Saturday: 11:00 AM – 2:30 PM, 4:30 – 9:00 PM
Sunday: 11:00 AM – 2:30 PM, 4:30 – 8:30 PM",
a7d7de11-7d13-483b-9281-aea611c7c261,Walnut Creek Library Cafe,"1644 N Broadway, Walnut Creek, CA 94596, USA",,37.9009397,-122.0601292,2026-02-05 03:31:32.920204,/static/business_images/bf492d6f92f5455fa9d3b6b81106c482.jpg,/static/business_images/7608ef1663d0497c8b2584466fa2eece.jpg,,3.7,0,,False,google_places,,ChIJwQca-r9hhYARzaO8qqwDqJ0,,cafe,https://prologue-coffee.com/,"Monday: 8:00 AM – 4:30 PM
Tuesday: 8:00 AM – 4:30 PM
Wednesday: 8:00 AM – 4:30 PM
Thursday: 8:00 AM – 4:30 PM
Friday: 8:00 AM – 4:30 PM
Saturday: 9:00 AM – 4:30 PM
Sunday: Closed",
a816a0e6-9a30-49a0-9449-85c7b14df783,Ella spa and massage wellness,"1500 N California Blvd, Walnut Creek, CA 94596, USA",,37.8997795,-122.0632371,2026-07-18 03:53:23.024955,,,,,0,,False,google_places,,ChIJfwvgk11hhYARuWuzEea974I,(318) 835-7431,spa,,"Monday: Open 24 hours
Tuesday: Open 24 hours
Wednesday: Open 24 hours
Thursday: Open 24 hours
Friday: Open 24 hours
Saturday: Open 24 hours
Sunday: Open 24 hours",
a83c9330-5406-4ea3-a994-5ae14973cc29,Brioche de Paris,"1421 Locust St, Walnut Creek, CA 94596, USA",,37.899326099999996,-122.0623619,2026-07-17 19:28:30.827706,/static/logos/498a5aba04724a8abedbf899ed63f98b.jpg,/static/banners/386bbeed223944efb465c9cd1ba5a58d.jpg,,4.3,0,"Rustic-chic bakery serving French croissants, crepes & light French cafe fare, plus tea & coffee.",False,google_places,,ChIJfwvPebdhhYAR2ftqH5EmVVE,(925) 949-8091,bakery,http://briochedeparis.com/,"Monday: 7:00 AM – 3:00 PM
Tuesday: 7:00 AM – 3:00 PM
Wednesday: 7:00 AM – 3:00 PM
Thursday: 7:00 AM – 3:00 PM
Friday: 7:00 AM – 4:00 PM
Saturday: 7:00 AM – 4:00 PM
Sunday: 7:00 AM – 4:00 PM",
a8671aeb-8584-4cf8-839e-da88e6ff1d84,CorePower Yoga - Walnut Creek,"1375 N Main St, Walnut Creek, CA 94596, USA",,37.8987963,-122.06074369999999,2026-07-17 19:28:30.827411,/static/logos/686e9f872be940719ed0902b7e076dfc.jpg,/static/banners/e43d370002834e07a036a7b30acf59cb.jpg,,4.8,0,,False,google_places,,ChIJCdjpKcBhhYARoyEnUHTpIRo,(833) 448-2561,gym,https://www.corepoweryoga.com/yoga-studios/ca/east-bay/walnut-creek,"Monday: 6:00 AM – 10:00 PM
Tuesday: 6:00 AM – 10:00 PM
Wednesday: 6:00 AM – 10:00 PM
Thursday: 6:00 AM – 10:00 PM
Friday: 6:00 AM – 10:00 PM
Saturday: 6:00 AM – 10:00 PM
Sunday: 6:00 AM – 10:00 PM",
a96f3bc5-f4de-4b1a-9c3e-9468e680dbfb,Mens Waxing,"1651 Botelho Dr #190, Walnut Creek, CA 94596, USA",,37.8936705,-122.0621525,2026-02-05 03:31:32.920516,/static/business_images/197d65d021b542279c9dd50fc2131bab.jpg,/static/business_images/af2606223f484089a12b7fb9cb2c386b.jpg,,5.0,0,,False,google_places,,ChIJk2_DyOlhhYARp9ELKnwT0C0,+1 510-506-6009,hair_care,,,
a9e09568-f535-49cb-816d-b81565aeabc8,Mountain Mike's Pizza,"1970-D Tice Valley Blvd, Walnut Creek, CA 94595, USA",,37.8776599,-122.0729262,2026-07-17 19:28:30.827779,/static/logos/fd1bb51f281d48bcaf356bd334e754cf.jpg,/static/banners/a122acca0f8d4d8f86110b1ff9ba99ac.jpg,,4.5,0,"Casual pizza chain featuring traditional pies, gluten-free crust & assorted appetizers.",False,google_places,,ChIJ7xnF-wmLj4AR14nEXbXdK1Y,(925) 210-1033,pizza_restaurant,https://www.mountainmikespizza.com/locations/rossmoor/,"Monday: 10:00 AM – 10:00 PM
Tuesday: 10:00 AM – 10:00 PM
Wednesday: 10:00 AM – 10:00 PM
Thursday: 10:00 AM – 10:00 PM
Friday: 10:00 AM – 10:00 PM
Saturday: 10:00 AM – 10:00 PM
Sunday: 10:00 AM – 10:00 PM",
aa6ce10e-0116-494e-851e-869211bb0ae1,W Salon Suites Alamo,"225 Alamo Plaza Ste a, Alamo, CA 94507, USA",,37.8507144,-122.0337934,2026-07-18 02:53:28.927516,,,,4.8,0,,False,google_places,,ChIJzaz06wGLj4AR0noaXG_HIIc,(925) 208-4838,beauty_salon,http://www.wsalonsuites.com/,"Monday: 9:00 AM – 6:00 PM
Tuesday: 9:00 AM – 6:00 PM
Wednesday: 9:00 AM – 6:00 PM
Thursday: 9:00 AM – 6:00 PM
Friday: 9:00 AM – 6:00 PM
Saturday: 9:00 AM – 4:00 PM
Sunday: Closed",
ab2016dd-387e-4664-96eb-b7f2196216f9,Sichuan Fortune House,"41 Woodsworth Ln, Pleasant Hill, CA 94523, USA",,37.950382999999995,-122.0610641,2026-07-18 02:53:28.927649,,,,4.2,0,Humming local outfit where the spicy Sichuan selection ranges from familiar to adventurous.,False,google_places,,ChIJ2wco1jdhhYARHSXkjFoioVY,(925) 686-9828,chinese_restaurant,https://www.sichuanfortunehouse.com/?utm_source=gmb&utm_medium=website,"Monday: 11:00 AM – 3:00 PM, 4:30 – 9:00 PM
Tuesday: 11:00 AM – 3:00 PM, 4:30 – 9:00 PM
Wednesday: 11:00 AM – 3:00 PM, 4:30 – 9:00 PM
Thursday: 11:00 AM – 3:00 PM, 4:30 – 9:00 PM
Friday: 11:00 AM – 3:00 PM, 4:30 – 9:00 PM
Saturday: 11:00 AM – 3:00 PM, 4:30 – 9:00 PM
Sunday: 11:00 AM – 3:00 PM, 4:30 – 9:00 PM",
ab3ea0ed-2bc5-4b30-9fe8-0a92e3123f4b,Szechuan Garden,"1050 Contra Costa Blvd, Concord, CA 94523, USA",,37.961760999999996,-122.06128799999999,2026-07-18 02:53:28.927715,,,,4.4,0,,False,google_places,,ChIJPcnOl29nhYARW-L4y6plfUI,(925) 822-3227,chinese_restaurant,https://www.39miles.com/p/15698997?noredirect=1,"Monday: 11:00 AM – 3:00 PM, 4:00 – 9:00 PM
Tuesday: 11:00 AM – 3:00 PM, 4:00 – 9:00 PM
Wednesday: 11:00 AM – 3:00 PM, 4:00 – 9:00 PM
Thursday: 11:00 AM – 3:00 PM, 4:00 – 9:00 PM
Friday: 11:00 AM – 3:00 PM, 4:00 – 9:00 PM
Saturday: 11:00 AM – 9:00 PM
Sunday: 11:00 AM – 9:00 PM",
ab6c78b4-0b53-4a70-92bd-7f2e3b6bedc5,Gusto Mio,"1441 Locust St, Walnut Creek, CA 94596, USA",,37.899426,-122.06241799999998,2026-07-17 19:28:30.827746,/static/logos/fc6b8c4a4eb84b2d8cf291224c085988.jpg,/static/banners/d303411838c74d1382a6aa4e78e448eb.jpg,,4.6,0,,False,google_places,,ChIJ0wV_4J9hhYAR8B7S9Wy60Ds,(925) 300-3397,pizza_restaurant,https://gustomiofocacceria.com/,"Monday: 11:00 AM – 8:00 PM
Tuesday: 11:00 AM – 8:00 PM
Wednesday: 11:00 AM – 8:00 PM
Thursday: 11:00 AM – 8:00 PM
Friday: 11:00 AM – 9:00 PM
Saturday: 11:00 AM – 9:00 PM
Sunday: 11:00 AM – 8:00 PM",
abf3bf7f-ee95-4a01-8319-cc03e0af3c7e,Barebottle Brewing Company - Walnut Creek,"1375 S California Blvd, Walnut Creek, CA 94596, USA",,37.893073,-122.0617057,2026-07-18 02:53:28.927259,,,,4.1,0,,False,google_places,,ChIJJWdVwUFhhYARo54pQKZcS7U,(925) 440-2179,bar,https://www.barebottle.com/,"Monday: 12:00 – 8:00 PM
Tuesday: 12:00 – 10:00 PM
Wednesday: 12:00 – 10:00 PM
Thursday: 12:00 – 10:00 PM
Friday: 12:00 – 10:00 PM
Saturday: 10:00 AM – 10:00 PM
Sunday: 10:00 AM – 8:00 PM",
ac32cd0f-6c29-434d-9221-0865b03df4d1,Rare Byrd Salon,"1459 Newell Ave, Walnut Creek, CA 94596, USA",,37.8929602,-122.0573615,2026-07-18 02:53:28.927447,,,,4.8,0,,False,google_places,,ChIJMXa-nvJhhYARR4KIg1z_XFg,(925) 357-8818,hair_care,https://www.rarebyrdsalon.com/,"Monday: Closed
Tuesday: 10:00 AM – 6:00 PM
Wednesday: 9:00 AM – 6:00 PM
Thursday: 9:00 AM – 6:00 PM
Friday: 9:00 AM – 6:00 PM
Saturday: 9:00 AM – 6:00 PM
Sunday: Closed",
ac3b478a-092d-49f3-8744-553f3495a43a,skin.beauty.ca,"877 Ygnacio Valley Rd, Walnut Creek, CA 94596, USA",,37.9072539,-122.05678599999997,2026-07-18 03:53:23.024582,,,,5.0,0,,False,google_places,,ChIJIS9DL1phhYAREA4biY0U_iU,(408) 754-7969,beauty_salon,https://skinbeautyca.glossgenius.com/,"Monday: 10:00 AM – 6:00 PM
Tuesday: 10:00 AM – 6:00 PM
Wednesday: 10:00 AM – 6:00 PM
Thursday: 10:00 AM – 6:00 PM
Friday: 10:00 AM – 6:00 PM
Saturday: 10:00 AM – 6:00 PM
Sunday: 10:00 AM – 6:00 PM",
ac3c1909-6114-4e27-8aa6-3e3b46c64b91,Dainty Donuts,"115 Alamo Plaza B, Alamo, CA 94507, USA",,37.8519667,-122.0344727,2026-02-05 03:31:32.920285,/static/business_images/b948c8c07ef9463a9e7aea9ad905fad7.jpg,/static/business_images/8117572b5916481ca221aadc4bafc90b.jpg,,4.5,0,"Straightforward daytime shop serving donuts in classic & creative flavors, plus coffee drinks.",False,google_places,,ChIJk5A0Jf6Kj4ARTxk34ugkJrQ,+1 925-837-7731,cafe,,,
ad55b7b4-4985-4c33-8c08-69eab07e8385,winning fight club,"1341 N Main St Ste H, Walnut Creek, CA 94596, USA",,37.8980688,-122.06090610000001,2026-07-18 03:53:23.024705,,,,5.0,0,,False,google_places,,ChIJiyhjpaVhhYARwSWP4oR3oT8,(925) 230-3836,gym,https://www.winningfightclub.com/,"Monday: 5:30 – 7:30 PM
Tuesday: 5:30 – 7:30 PM
Wednesday: 5:30 – 7:30 PM
Thursday: 5:30 – 7:30 PM
Friday: 5:30 – 7:30 PM
Saturday: Closed
Sunday: Closed",
ade5b599-6434-49ac-907d-7e2027f1b0a6,Boudin SF,"12 Broadway Suite 1000, Walnut Creek, CA 94596, USA",,37.89677640000001,-122.0573467,2026-02-05 03:31:32.920190,/static/logos/b77bba727c7549a1a6f280a54bde1ade.jpg,/static/banners/30a0af4c03b24f688ff015d2f948b494.jpg,,3.8,0,"Famed for sourdough since 1849, this California bakery/cafe chain also offers light American bites.",False,google_places,,ChIJbWngUMJhhYARerm35eyvm9Q,(925) 935-4375,restaurant,https://boudinbakery.com/,"Monday: 10:00 AM – 9:00 PM
Tuesday: 10:00 AM – 9:00 PM
Wednesday: 10:00 AM – 9:00 PM
Thursday: 10:00 AM – 9:00 PM
Friday: 10:00 AM – 9:00 PM
Saturday: 10:00 AM – 9:00 PM
Sunday: 10:00 AM – 8:00 PM",
adf08666-0d7b-4038-bfc1-3464a182530f,Buckhorn BBQ +GRILL,"1171 Locust St, Walnut Creek, CA 94596, USA",,37.895407299999995,-122.0613835,2026-07-18 02:53:28.927145,,,,4.1,0,"Family-friendly chain offering large portions of steaks, sandwiches, burgers & other American fare.",False,google_places,,ChIJ71QN_OlhhYARpfISLS6zFQQ,(925) 945-7676,restaurant,http://www.buckhorngrill.com/,"Monday: 11:00 AM – 9:00 PM
Tuesday: 11:00 AM – 9:00 PM
Wednesday: 11:00 AM – 9:00 PM
Thursday: 11:00 AM – 9:00 PM
Friday: 11:00 AM – 9:00 PM
Saturday: 11:00 AM – 9:00 PM
Sunday: 11:00 AM – 9:00 PM",
adf492c2-0bfe-4cec-bde1-416089bdce05,China Moon,"380 Park St, Moraga, CA 94556, USA",,37.8600212,-122.1258435,2026-07-18 02:53:28.927694,,,,4.4,0,Traditional Chinese eatery in a courtyard location serving classic dishes in a relaxed setting.,False,google_places,,ChIJoQvasdWJj4AR--WhD9ClUqg,(925) 376-1828,chinese_restaurant,http://www.chinamoonmoraga.com/,"Monday: 11:00 AM – 9:00 PM
Tuesday: Closed
Wednesday: 11:00 AM – 9:00 PM
Thursday: 11:00 AM – 9:00 PM
Friday: 11:00 AM – 9:00 PM
Saturday: 11:00 AM – 9:00 PM
Sunday: 11:00 AM – 9:00 PM",
ae280807-4905-4d59-b8df-240b25d70c93,Great Wall Restaurant,"3500 Golden Gate Way, Lafayette, CA 94549, USA",,37.891618,-122.11653700000001,2026-07-18 02:53:28.927687,,,,4.4,0,Ample Chinese food options offered in an open dining space with wooden beams & high ceilings.,False,google_places,,ChIJrzxdPUVihYARGIPtFXkL31Y,(925) 284-3500,chinese_restaurant,http://www.lafayettegreatwall.com/,"Monday: Closed
Tuesday: 11:30 AM – 3:00 PM, 4:30 – 8:30 PM
Wednesday: 11:30 AM – 3:00 PM, 4:30 – 8:30 PM
Thursday: 11:30 AM – 3:00 PM, 4:30 – 8:30 PM
Friday: 11:30 AM – 3:00 PM, 4:30 – 8:30 PM
Saturday: 11:30 AM – 3:00 PM, 4:30 – 8:30 PM
Sunday: 11:30 AM – 3:00 PM, 4:30 – 8:00 PM",
ae38cf99-8e21-4587-8178-dd7edbf29aa9,Peet's Coffee,"1515 Newell Ave, Walnut Creek, CA 94596, USA",,37.8924765,-122.0588964,2026-07-18 03:53:23.024299,,,,4.8,0,"Berkeley-born chain featuring signature coffee, tea & blended drinks alongside baked goods.",False,google_places,,ChIJK9kvTgBhhYARpYMb7OWJ_zA,,cafe,https://www.starbucks.com/,"Monday: 8:00 AM – 3:00 PM
Tuesday: 8:00 AM – 3:00 PM
Wednesday: 8:00 AM – 3:00 PM
Thursday: 8:00 AM – 3:00 PM
Friday: 8:00 AM – 3:00 PM
Saturday: Closed
Sunday: Closed",
ae7e9d04-9f0b-4214-837a-8a6c28951de2,Base Hair Studio,"1554 Newell Ave, Walnut Creek, CA 94596, USA",,37.893189199999995,-122.05990940000001,2026-07-18 03:53:23.024409,,,,5.0,0,,False,google_places,,ChIJab9YV3RhhYAR9zF_hEVbSxY,(925) 588-9035,hair_care,http://basehairstudios.com/,"Monday: 8:00 AM – 7:00 PM
Tuesday: 8:00 AM – 7:00 PM
Wednesday: 8:00 AM – 7:00 PM
Thursday: 8:00 AM – 7:00 PM
Friday: 8:00 AM – 7:00 PM
Saturday: 7:00 AM – 4:00 PM
Sunday: Closed",
ae88f02e-7129-40c4-a14f-0f0ee4253806,Sweet Maple,"1523 Giammona Dr, Walnut Creek, CA 94596, USA",,37.902011699999996,-122.06260990000001,2026-07-18 02:53:28.926968,,,,4.3,0,,False,google_places,,ChIJ5W9tRQBhhYARwYCSM1vGyPc,(925) 546-0029,restaurant,https://www.sweetmaplesf.com/,"Monday: 8:00 AM – 2:30 PM
Tuesday: 8:00 AM – 2:30 PM
Wednesday: 8:00 AM – 2:30 PM
Thursday: 8:00 AM – 2:30 PM
Friday: 8:00 AM – 2:30 PM
Saturday: 8:00 AM – 2:30 PM
Sunday: 8:00 AM – 2:30 PM",
aeb0fd23-2f5b-402b-9dc0-2aaea88eeb7d,Puesto Concord,"2035 Diamond Blvd #100, Concord, CA 94520, USA",,37.970690999999995,-122.05839820000001,2026-07-18 02:53:28.928153,,,,4.4,0,,False,google_places,,ChIJ1wQ8SHtnhYARqs8gvEfoUM8,(925) 334-7794,mexican_restaurant,https://www.eatpuesto.com/,"Monday: 11:00 AM – 9:00 PM
Tuesday: 11:00 AM – 9:00 PM
Wednesday: 11:00 AM – 9:00 PM
Thursday: 11:00 AM – 9:00 PM
Friday: 11:00 AM – 10:00 PM
Saturday: 11:00 AM – 10:00 PM
Sunday: 11:00 AM – 9:00 PM",
aef2516a-acf3-4d57-a4d6-f3c1c50dadc6,Los Panchos Restaurant - Pleasant Hill,"232 Golf Club Rd, Pleasant Hill, CA 94523, USA",,37.971649299999996,-122.068588,2026-07-18 02:53:28.928165,,,,4.4,0,"Easygoing eatery, part of a small chain, offering burritos, tacos & other familiar Mexican dishes.",False,google_places,,ChIJFftskJFmhYARtyWRAQdMZIE,(925) 689-4430,mexican_restaurant,https://www.lospanchosrestaurant.com/,"Monday: 11:00 AM – 8:00 PM
Tuesday: 11:00 AM – 8:00 PM
Wednesday: 11:00 AM – 8:00 PM
Thursday: 11:00 AM – 8:00 PM
Friday: 11:00 AM – 8:00 PM
Saturday: 11:00 AM – 8:00 PM
Sunday: Closed",
af2fb86a-bd53-4582-b30d-6e7542b6c4eb,Carrillo's Tacos Mexican Food,"2995 Monument Blvd Ste D, Concord, CA 94520, USA",,37.9685746,-122.0323619,2026-07-18 02:53:28.928142,,,,4.7,0,,False,google_places,,ChIJLfm7codnhYARuS7ZKlZhCYU,(925) 708-6781,mexican_restaurant,https://carrillostacosmexicanfood.com/,"Monday: 9:30 AM – 12:00 AM
Tuesday: 9:30 AM – 12:00 AM
Wednesday: 9:30 AM – 12:00 AM
Thursday: 9:30 AM – 12:00 AM
Friday: 9:30 AM – 12:00 AM
Saturday: 9:30 AM – 12:00 AM
Sunday: 9:30 AM – 12:00 AM",
af315116-39df-4ff1-bcd7-61dc397e6baa,panCoast Pizza,"1516 S Main St, Walnut Creek, CA 94596, USA",,37.8902065,-122.05726410000001,2026-07-17 19:28:30.827759,/static/logos/d0862d9ad9e946e99b17e5cd1179b0b5.jpg,/static/banners/258cff190df0494f9a994db9500c995b.jpg,,4.5,0,"Casual pizzeria firing hand-tossed, New York–style pies as well as serving hoagies & salads.",False,google_places,,ChIJUdK79txhhYAR1HzbPgpKYIg,(925) 954-1178,pizza_restaurant,http://pancoastpizza.com/,"Monday: 11:00 AM – 8:00 PM
Tuesday: 11:00 AM – 8:00 PM
Wednesday: 11:00 AM – 8:00 PM
Thursday: 11:00 AM – 8:00 PM
Friday: 11:30 AM – 9:00 PM
Saturday: 11:30 AM – 9:00 PM
Sunday: 12:00 – 8:00 PM",
afc9e50d-bee1-4013-804a-2b66ca4eb994,Urs Threading Walnut Creek,"1540 Newell Ave, Walnut Creek, CA 94596, USA",,37.893422799999996,-122.05957769999998,2026-07-18 02:53:28.927493,,,,4.9,0,,False,google_places,,ChIJOZ-fOT5hhYARMofeKCYAKMA,(925) 476-5024,beauty_salon,https://www.ursthreading.com/walnut-creek.html,"Monday: 10:00 AM – 7:00 PM
Tuesday: 10:00 AM – 7:00 PM
Wednesday: 10:00 AM – 7:00 PM
Thursday: 10:00 AM – 7:00 PM
Friday: 10:00 AM – 7:00 PM
Saturday: 10:00 AM – 7:00 PM
Sunday: 11:00 AM – 5:00 PM",
b057b544-da3a-43b9-b320-68dbcb547098,Toyosu,"1552 Locust St, Walnut Creek, CA 94596, USA",,37.9005199,-122.0623936,2026-07-17 19:28:30.827873,/static/logos/4a826367f013443dae6b58a402c0f1e4.jpg,/static/banners/39ad3c0219a544a3a1adb497475aa3fe.jpg,,4.6,0,,False,google_places,,ChIJ2zimyEZhhYARVGnKVCxodO4,(925) 954-7419,japanese_restaurant,,"Monday: Closed
Tuesday: 11:30 AM – 2:30 PM, 5:00 – 8:30 PM
Wednesday: 11:30 AM – 2:30 PM, 5:00 – 8:30 PM
Thursday: 11:30 AM – 2:30 PM, 5:00 – 8:30 PM
Friday: 11:30 AM – 2:30 PM, 5:00 – 9:00 PM
Saturday: 11:30 AM – 2:30 PM, 5:00 – 9:00 PM
Sunday: 11:30 AM – 2:30 PM, 5:00 – 8:30 PM",
b073581c-cde5-446b-aba7-fa234e303eca,COPA Fit,"2650 Shadelands Dr A, Walnut Creek, CA 94598, USA",,37.9279095,-122.02336410000001,2026-07-18 03:53:23.024793,,,,5.0,0,,False,google_places,,ChIJ-197G9NhhYARKQsZRJ-AZbs,(925) 357-8999,gym,https://copastc.com/copafit/,"Monday: 7:00 AM – 10:00 PM
Tuesday: 7:00 AM – 10:00 PM
Wednesday: 7:00 AM – 10:00 PM
Thursday: 7:00 AM – 10:00 PM
Friday: 7:00 AM – 10:00 PM
Saturday: 7:00 AM – 7:00 PM
Sunday: 7:00 AM – 7:00 PM",
b0ddbaad-fda6-48bb-a921-dfb383f57bd1,Lottie's Creamery,"1414 N Main St, Walnut Creek, CA 94596, USA",,37.8995701,-122.06075059999999,2026-07-18 03:53:23.024240,,,,4.6,0,"A blackboard menu of small-batch frozen treats, cookies & candies in a modern parlor setting.",False,google_places,,ChIJHUNsH8BhhYAR3L3hlU-AwaE,(925) 472-0723,cafe,https://www.lottiescreamery.com/,"Monday: 12:00 – 10:00 PM
Tuesday: 12:00 – 10:00 PM
Wednesday: 12:00 – 10:00 PM
Thursday: 12:00 – 10:00 PM
Friday: 12:00 – 11:00 PM
Saturday: 12:00 – 11:00 PM
Sunday: 12:00 – 10:00 PM",
b0edd04b-d27e-4fdb-95e8-9692233c42cd,Vanessa's Bistro 2,"1512 Locust St, Walnut Creek, CA 94596, USA",,37.8999455,-122.0622414,2026-02-05 03:31:32.920312,/static/business_images/8d324008104646c99ef9654cb5ea14c3.jpg,/static/business_images/5aed54efe6c34517a24d32d456fe1840.jpg,,4.3,0,Vietnamese small plates with a French touch presented alongside cocktails in an art-filled space.,False,google_places,,ChIJixud2sFhhYAR71v012JtUV4,+1 925-891-4790,bar,,,
b1c2c80b-fd91-4287-86c6-b58b72d83777,Prettylicious,"3150 Danville Blvd B, Alamo, CA 94507, USA",,37.8520645,-122.0331792,2026-02-05 03:31:32.920550,,,,5.0,0,,False,google_places,,ChIJueISdethhYARjY8_5m0njG8,+1 925-464-9083,beauty_salon,,,
b1e7b2fc-244f-4c85-a5f9-70c1aee6840b,The Bar Method Walnut Creek,"1946A Mt Diablo Blvd, Walnut Creek, CA 94596, USA",,37.897781699999996,-122.06746640000001,2026-07-17 19:28:30.827435,/static/logos/9af8eff9af8942928843c989155b880b.jpg,/static/banners/1956deb57e734f698b6d9d9af4cefac1.jpg,,4.9,0,"This exercise studio has barre fitness workouts, including advanced classes, plus on-site childcare.",False,google_places,,ChIJZ2VMmexhhYARDucgVK4l728,(925) 933-1946,gym,https://barmethod.com/locations/walnut-creek/?utm_source=google&utm_medium=local&utm_campaign=localmaps&utm_content=tbm3,"Monday: 6:00 AM – 12:00 PM, 4:00 – 7:00 PM
Tuesday: 6:00 AM – 12:00 PM, 4:00 – 7:45 PM
Wednesday: 6:00 AM – 12:00 PM, 4:00 – 7:00 PM
Thursday: 6:00 AM – 12:00 PM, 4:00 – 7:45 PM
Friday: 6:00 AM – 12:00 PM, 4:00 – 5:30 PM
Saturday: 6:00 AM – 12:00 PM
Sunday: 8:00 AM – 12:00 PM, 4:15 – 5:30 PM",
b22e828c-c799-410b-a1b2-6aa35acd7b04,[solidcore] Walnut Creek,"1645 Mt Diablo Blvd, Walnut Creek, CA 94596, USA",,37.8970871,-122.0621051,2026-07-17 19:28:30.827427,/static/logos/d89c8ec252cd453da7f6cf1d98b41828.jpg,,,4.8,0,,False,google_places,,ChIJ9XGJJgphhYARbXB-O6CP3ug,(925) 350-4324,gym,https://solidcore.co/studios/walnut-creek?siteId=5723396&locationId=18&utm_source=google&utm_medium=search&utm_content=local-listing&utm_campaign=gmb-listing,"Monday: 6:00 AM – 8:00 PM
Tuesday: 6:00 AM – 8:00 PM
Wednesday: 6:00 AM – 8:00 PM
Thursday: 6:00 AM – 8:00 PM
Friday: 6:00 AM – 8:00 PM
Saturday: 7:00 AM – 5:00 PM
Sunday: 7:00 AM – 3:00 PM",
b2697728-83eb-43ff-a662-00c0b1d20f9c,Camino Massage Spa - Walnut Creek,"2960 Camino Diablo #115, Walnut Creek, CA 94597, USA",,37.899072,-122.08453779999999,2026-07-18 03:53:23.025078,,,,5.0,0,,False,google_places,,ChIJgU_iKndjhYAR9dTn0jnhjXs,(925) 339-4331,spa,https://sites.google.com/caminomassagespa.com/home,"Monday: 10:00 AM – 9:00 PM
Tuesday: 10:00 AM – 9:00 PM
Wednesday: 10:00 AM – 9:00 PM
Thursday: 10:00 AM – 9:00 PM
Friday: 10:00 AM – 9:00 PM
Saturday: 10:00 AM – 9:00 PM
Sunday: 10:00 AM – 9:00 PM",
b34c74e8-eada-4042-8154-a60fce0eb075,New York Pizza & Pasta,"1649 Contra Costa Blvd, Pleasant Hill, CA 94523, USA",,37.9542917,-122.06084999999999,2026-07-18 02:53:28.927562,,,,4.4,0,"Besides build-your-own pies, this strip-mall spot dishes up Italian salads, pastas & sandwiches.",False,google_places,,ChIJ28TE5DVhhYARYaUDAxKO7wU,(925) 687-5882,pizza_restaurant,https://pleasanthillnewyorkpizzapasta.com/,"Monday: 11:00 AM – 10:30 PM
Tuesday: 11:00 AM – 10:30 PM
Wednesday: 11:00 AM – 10:30 PM
Thursday: 11:00 AM – 10:30 PM
Friday: 11:00 AM – 12:00 AM
Saturday: 11:00 AM – 12:00 AM
Sunday: 11:00 AM – 10:30 PM",
b3a61aff-fbb0-431e-814a-ed37ec55a730,Pho Huynh Hiep 6 - Kevin's Noodle House,"2034 N Main St, Walnut Creek, CA 94596, USA",,37.907925,-122.06455559999999,2026-07-18 02:53:28.927709,,,,4.4,0,Casual Vietnamese restaurant serving noodle soups & grilled meats in a simple setting.,False,google_places,,ChIJPQe4DJdhhYARhIqlCFq0yEM,(925) 933-4746,chinese_restaurant,http://kevinnoodlehouse.com/,"Monday: 11:00 AM – 9:00 PM
Tuesday: 11:00 AM – 9:00 PM
Wednesday: 11:00 AM – 9:00 PM
Thursday: 11:00 AM – 9:00 PM
Friday: 11:00 AM – 9:00 PM
Saturday: 11:00 AM – 9:00 PM
Sunday: 11:00 AM – 9:00 PM",
b4a626c1-c216-49b9-96ea-8150b72dd285,Mizu Sushi AYCE,"2375 Contra Costa Blvd A, Pleasant Hill, CA 94523, USA",,37.9437116,-122.0607525,2026-07-18 02:53:28.927808,,,,4.8,0,,False,google_places,,ChIJTevh0kxhhYARV_DBdzmWqbI,(925) 251-9132,japanese_restaurant,https://pos.chowbus.com/online-ordering/store/Mizu-Sushi/44167,"Monday: 11:00 AM – 3:00 PM, 4:30 – 9:30 PM
Tuesday: 11:00 AM – 3:00 PM, 4:30 – 9:30 PM
Wednesday: 11:00 AM – 3:00 PM, 4:30 – 9:30 PM
Thursday: 11:00 AM – 3:00 PM, 4:30 – 9:30 PM
Friday: 11:00 AM – 10:30 PM
Saturday: 11:00 AM – 10:30 PM
Sunday: 11:00 AM – 9:30 PM",
b5179637-eff2-4250-acf1-fc6978b975e9,Hi-Definition Barbershop Walnut Creek,"1812 Tice Valley Blvd, Walnut Creek, CA 94595, USA",,37.880403799999996,-122.0752522,2026-07-18 02:53:28.927436,,,,5.0,0,,False,google_places,,ChIJIZBjPDthhYARD0miF_6oM3o,(925) 788-7105,hair_care,https://hidefinitionbarbershop.com/,"Monday: 8:00 AM – 8:00 PM
Tuesday: 8:00 AM – 8:00 PM
Wednesday: 8:00 AM – 8:00 PM
Thursday: 8:00 AM – 8:00 PM
Friday: 8:00 AM – 8:00 PM
Saturday: 8:00 AM – 8:00 PM
Sunday: 8:00 AM – 7:00 PM",
b53dc289-f7e3-43e5-9c24-865f6f3e2dd6,Tatsu Sushi,"1837 Ygnacio Valley Rd, Walnut Creek, CA 94598, USA",,37.917924299999996,-122.03668239999999,2026-07-18 02:53:28.927779,,,,4.7,0,"Stylish spot with sleek decor serving a menu of roll & nigiri sushi, teriyaki & other Japanese eats.",False,google_places,,ChIJIWL3Na1hhYAR6qIXJHxYqbk,(925) 287-9273,japanese_restaurant,http://www.tatsusushiwalnutcreek.com/,"Monday: 11:30 AM – 2:30 PM, 5:00 – 9:00 PM
Tuesday: 11:30 AM – 2:30 PM, 5:00 – 9:00 PM
Wednesday: 11:30 AM – 2:30 PM, 5:00 – 9:00 PM
Thursday: 11:30 AM – 2:30 PM, 5:00 – 9:00 PM
Friday: 11:30 AM – 2:30 PM, 5:00 – 9:30 PM
Saturday: 11:30 AM – 2:30 PM, 5:00 – 9:30 PM
Sunday: Closed",
b68a6a71-9376-4099-a75a-9d64304883ad,Shabuya,"2025 Diamond Blvd f150, Concord, CA 94520, USA",,37.9707842,-122.0578327,2026-07-18 02:53:28.927999,,,,4.2,0,,False,google_places,,ChIJb7uq9IhnhYARkhULKhHiMkM,(925) 510-2994,japanese_restaurant,https://www.shabuyarestaurant.com/,"Monday: 11:30 AM – 10:00 PM
Tuesday: 11:30 AM – 10:00 PM
Wednesday: 11:30 AM – 10:00 PM
Thursday: 11:30 AM – 10:00 PM
Friday: 11:30 AM – 11:00 PM
Saturday: 11:30 AM – 11:00 PM
Sunday: 11:30 AM – 10:00 PM",
b79bd6a9-bfa0-42f5-a8b2-fea8f19464ba,San Francisco Creamery,"1370 Locust St, Walnut Creek, CA 94596, USA",,37.8986521,-122.0615478,2026-02-05 03:31:32.920134,/static/business_images/1c2b825f58b848308f970680043033a8.jpg,/static/business_images/8d3ac48be9634b5c95a0ac9ef0a88a7b.jpg,,4.5,0,"Old-school eatery is known for its ice cream, shakes & sundaes & also serves American comfort grub.",False,google_places,,ChIJsXIKj-phhYARYhuS2S6bqgU,(925) 926-0228,restaurant,http://sanfranciscocreameryco.com/,"Monday: Closed
Tuesday: 12:00 – 9:00 PM
Wednesday: 12:00 – 9:00 PM
Thursday: 12:00 – 9:00 PM
Friday: 12:00 – 10:00 PM
Saturday: 12:00 – 10:00 PM
Sunday: 12:00 – 9:00 PM",
b8199f2a-be14-4ad3-b316-2d46a98b8f70,Bober Tea & Mochi,"1153 Locust St, Walnut Creek, CA 94596, USA",,37.895264499999996,-122.06137740000001,2026-07-17 19:28:30.827719,/static/logos/8c1b1a1c553b4f26a1c0c8c8df35e40c.jpg,/static/banners/eb47ef61d9114a1e9ab56330e948bb5e.jpg,,4.1,0,,False,google_places,,ChIJx5p3_WRhhYARQUVASUFt9y0,(925) 264-9145,bakery,https://boberteamochi.com/,"Monday: 12:00 – 8:00 PM
Tuesday: 12:00 – 8:00 PM
Wednesday: 12:00 – 8:00 PM
Thursday: 12:00 – 8:00 PM
Friday: 12:00 – 8:00 PM
Saturday: 12:00 – 8:00 PM
Sunday: 12:00 – 8:00 PM",
b8a18fcd-90b6-443f-822b-b9c25e492195,Sunshine Spa,"100 Longbrook Way Ste 4, Pleasant Hill, CA 94523, USA",,37.958092,-122.0580154,2026-07-18 03:53:23.024949,,,,4.7,0,,False,google_places,,ChIJv5jC0DRhhYARBXe4rb7TsEE,(925) 339-5536,spa,,"Monday: 9:30 AM – 9:30 PM
Tuesday: 9:30 AM – 9:30 PM
Wednesday: 9:30 AM – 9:30 PM
Thursday: 9:30 AM – 9:30 PM
Friday: 9:30 AM – 9:30 PM
Saturday: 9:30 AM – 9:30 PM
Sunday: 9:30 AM – 9:30 PM",
b95a90bc-710a-4cac-b6dc-0b5b010d9a62,Teaspoon Walnut Creek,"2977 Ygnacio Valley Rd, Walnut Creek, CA 94598, USA",,37.9262739,-122.0146928,2026-07-18 03:53:23.024198,,,,4.7,0,,False,google_places,,ChIJZ5VQirVhhYARToybl6u5i-o,(925) 891-4469,cafe,https://www.teaspoonlife.com/,"Monday: 11:00 AM – 9:00 PM
Tuesday: 11:00 AM – 9:00 PM
Wednesday: 11:00 AM – 9:00 PM
Thursday: 11:00 AM – 9:00 PM
Friday: 11:00 AM – 9:00 PM
Saturday: 11:00 AM – 9:00 PM
Sunday: 11:00 AM – 9:00 PM",
b9f0cb16-77d7-495e-becd-49fb9e85b83e,Caffè La Scala,"1655 N Main St UNIT 110, Walnut Creek, CA 94596, USA",,37.9013778,-122.0618991,2026-02-05 03:31:32.920222,/static/business_images/e7b375fcfaf84cbd89d26c111a76882a.jpg,/static/business_images/16f5bab9c1cf4a6b970021b26e1d2e3f.jpg,,4.5,0,"Bustling coffeehouse serving coffees, panini & desserts with WiFi & patio seating.",False,google_places,,ChIJV6G0RJVhhYARLEtxEvCeAwQ,(925) 935-7779,cafe,http://www.caffelascala.com/,"Monday: 9:00 AM – 10:00 PM
Tuesday: 9:00 AM – 10:00 PM
Wednesday: 9:00 AM – 10:00 PM
Thursday: 9:00 AM – 10:00 PM
Friday: 9:00 AM – 11:00 PM
Saturday: 9:00 AM – 11:00 PM
Sunday: 9:00 AM – 10:00 PM",
baeb9f1f-ff28-4e42-9a57-f653ff8dbca6,88 BaoBao,"785 Oak Grove Rd E3, Concord, CA 94518, USA",,37.937303199999995,-122.02532079999999,2026-07-18 02:53:28.927738,,,,4.2,0,,False,google_places,,ChIJ7TuQfRthhYARRhVIBgWJhFc,(925) 349-9088,chinese_restaurant,https://order.mealkeyway.com/customer/release/index?mid=6e3266444445642b48375a72386e516b425a646146673d3d,"Monday: 11:00 AM – 9:00 PM
Tuesday: 11:00 AM – 9:00 PM
Wednesday: 11:00 AM – 9:00 PM
Thursday: 11:00 AM – 9:00 PM
Friday: 11:00 AM – 9:00 PM
Saturday: 11:00 AM – 9:00 PM
Sunday: 11:00 AM – 9:00 PM",
bafcb1d1-ff7f-4ef5-b1c9-08b348350b02,Headlands Brewing - Lafayette,"3420 Mount Diablo Blvd Ste A, Lafayette, CA 94549, USA",,37.8935618,-122.1107844,2026-07-18 02:53:28.927283,,,,4.5,0,,False,google_places,,ChIJc1ylChRjhYAR9rMxGvwet9E,(925) 385-7101,bar,http://www.headlandsbrewing.com/,"Monday: Closed
Tuesday: 3:00 – 8:00 PM
Wednesday: 3:00 – 9:00 PM
Thursday: 3:00 – 9:00 PM
Friday: 12:00 – 10:00 PM
Saturday: 12:00 – 9:00 PM
Sunday: 12:00 – 8:00 PM",
bb79907f-2263-47dd-ad05-d7dc51ebcf59,Contra Costa Coffee featuring Ginger's Gelato,"2238 Oak Grove Rd, Walnut Creek, CA 94598, USA",,37.9307181,-122.0151383,2026-07-18 03:53:23.024251,,,,4.7,0,,False,google_places,,ChIJdZcOaX9hhYARpJ0ocSOP9uk,(925) 476-5197,cafe,https://contracostacoffee.com/,"Monday: 7:00 AM – 4:00 PM
Tuesday: 7:00 AM – 4:00 PM
Wednesday: 7:00 AM – 4:00 PM
Thursday: 7:00 AM – 4:00 PM
Friday: 7:00 AM – 4:00 PM
Saturday: 8:00 AM – 4:00 PM
Sunday: 8:00 AM – 4:00 PM",
bbf75df9-3799-48f8-9f8b-e1c157916160,Amplify Barber Shop,"1343 N Main St, Walnut Creek, CA 94596, USA",,37.898203,-122.060609,2026-02-05 03:31:32.920537,/static/business_images/a78200a887ff4edbbfbb73740ffec0b0.jpg,/static/business_images/5de318a5bcf344f7986af698cda7d074.jpg,,4.6,0,,False,google_places,,ChIJNd3-0cFhhYARMpETVMnShHw,+1 925-934-4310,hair_care,,,
bc16485d-d1e3-40f2-868b-2f1210713f95,Whole Foods Market,"1333 Newell Ave, Walnut Creek, CA 94596, USA",,37.892668,-122.05524609999999,2026-07-17 19:28:30.827645,/static/logos/cbc943de43f74b64aa7404e7704a3288.jpg,/static/banners/efac324b502d41abb75fba47c37252f5.jpg,,4.3,0,"Eco-minded chain with natural & organic grocery items, housewares & other products (most sell wine).",False,google_places,,ChIJPXXmVcNhhYAR-Cdaj2z_zxw,(925) 274-9700,bakery,https://www.wholefoodsmarket.com/stores/walnutcreek?utm_source=google&utm_medium=organic&utm_campaign=listings,"Monday: 8:00 AM – 9:00 PM
Tuesday: 8:00 AM – 9:00 PM
Wednesday: 8:00 AM – 9:00 PM
Thursday: 8:00 AM – 9:00 PM
Friday: 8:00 AM – 9:00 PM
Saturday: 8:00 AM – 9:00 PM
Sunday: 8:00 AM – 9:00 PM",
bceb96fc-90f3-4ffc-a9c2-88c83e9d00b5,Tortilleria El Molino,"1500 Monument Blvd # F-1, Concord, CA 94520, USA",,37.951995,-122.04287099999999,2026-07-18 02:53:28.928159,,,,4.4,0,Small counter-serve outlet features classic Mexican fare with housemade tortillas in a modest space.,False,google_places,,ChIJE4QCZCZhhYARUlD-0qIrPgc,(925) 687-7066,mexican_restaurant,http://tortillaselmolino.com/,"Monday: 7:00 AM – 8:00 PM
Tuesday: 7:00 AM – 8:00 PM
Wednesday: 7:00 AM – 8:00 PM
Thursday: 7:00 AM – 8:00 PM
Friday: 7:00 AM – 8:00 PM
Saturday: 7:00 AM – 8:00 PM
Sunday: 7:00 AM – 7:00 PM",
bd2b6b01-c68a-497c-a53f-d5c6daa6e480,Benvenuti Ristorante,"1627 N Broadway, Walnut Creek, CA 94596, USA",,37.9011692,-122.0606636,2026-07-18 02:53:28.927070,,,,4.6,0,Classic Italian dining spot for homemade meals & wine in a warm family-style setting.,False,google_places,,ChIJYWU44b9hhYARvi-xn9Vd-rc,(925) 932-2828,restaurant,http://benvenutiwc.com/,"Monday: Closed
Tuesday: Closed
Wednesday: 4:30 – 9:00 PM
Thursday: 4:30 – 9:00 PM
Friday: 4:30 – 9:00 PM
Saturday: 4:30 – 9:00 PM
Sunday: 4:30 – 9:00 PM",
bd7dbefa-dd70-49a5-8e34-5b8dd2f56c64,Ha-La Sushi,"115 Alamo Plaza C, Alamo, CA 94507, USA",,37.8520866,-122.0345419,2026-07-17 19:28:30.827906,/static/logos/6657c33565434507a7ba25123067f3ae.jpg,/static/banners/2c8e3a7d15274c12a0aaad443fdb869a.jpg,,4.3,0,,False,google_places,,ChIJc4I6O_6Kj4ARYd9LztY2Gxw,(925) 838-5583,japanese_restaurant,http://www.halasushi.com/,"Monday: 11:30 AM – 2:30 PM, 5:00 – 9:00 PM
Tuesday: 11:30 AM – 2:30 PM, 5:00 – 9:00 PM
Wednesday: 11:30 AM – 2:30 PM, 5:00 – 9:00 PM
Thursday: 11:30 AM – 2:30 PM, 5:00 – 9:00 PM
Friday: 11:30 AM – 2:30 PM, 5:00 – 9:00 PM
Saturday: 11:30 AM – 2:30 PM, 5:00 – 9:00 PM
Sunday: 5:00 – 9:00 PM",
beccef13-cade-4c90-83f3-c959bb0c1cf5,The Sweet Spot,"1512 Sunnyvale Ave, Walnut Creek, CA 94597, USA",,37.9289066,-122.0621273,2026-07-18 03:53:23.025124,,,,4.4,0,,False,google_places,,ChIJ6TDF4hJhhYARtqD71-NqmpY,(925) 401-5016,bakery,,"Monday: Closed
Tuesday: 3:00 – 11:00 PM
Wednesday: 3:00 – 11:00 PM
Thursday: 3:00 – 11:00 PM
Friday: 5:00 – 11:59 PM
Saturday: 12:00 – 1:00 AM, 5:00 – 11:59 PM
Sunday: 12:00 – 1:00 AM, 3:00 – 10:00 PM",
bef73f45-65e4-4baf-a102-9ec20f15e425,ØL Beercafe & Bottleshop,"1541 Giammona Dr, Walnut Creek, CA 94596, USA",,37.901986,-122.0628887,2026-02-05 03:31:32.920319,/static/business_images/7c6fb1b174ff450b809351a36bddad84.jpg,/static/business_images/6c3274caa8b14e4bb24fc00067a5ac38.jpg,,4.8,0,"Simple spot with craft beers, including more than a dozen rotating taps & bottles for takeaway.",False,google_places,,ChIJr8iKDpVhhYARwDhU-8Z4O7U,(925) 210-1147,bar,https://www.olbeercafe.com/,"Monday: 3:00 – 9:00 PM
Tuesday: 3:00 – 9:00 PM
Wednesday: 2:00 – 11:00 PM
Thursday: 2:00 – 11:00 PM
Friday: 1:00 – 11:00 PM
Saturday: 1:00 – 11:00 PM
Sunday: 2:00 – 10:00 PM",
bf108a32-d6dd-4e8c-819f-868516bb14b6,Benihana - Concord,"1989 Diamond Blvd, Concord, CA 94520, USA",,37.9699862,-122.05794689999999,2026-07-18 02:53:28.927905,,,,4.2,0,Hibachi chain serving Japanese dishes grilled tableside by theatrical chefs.,False,google_places,,ChIJJbERecZmhYAR2iQac1pQKlQ,(925) 827-4220,japanese_restaurant,https://www.benihana.com/locations/concord/?utm_source=google&utm_medium=organic&utm_campaign=gbp,"Monday: 11:00 AM – 10:00 PM
Tuesday: 11:00 AM – 10:00 PM
Wednesday: 11:00 AM – 10:00 PM
Thursday: 11:00 AM – 10:00 PM
Friday: 11:00 AM – 11:00 PM
Saturday: 10:00 AM – 11:00 PM
Sunday: 10:00 AM – 10:00 PM",
bf27ed07-a516-4bfa-bbd0-902c0dcb2e38,Smiley Nail Spa,"1381 Locust St, Walnut Creek, CA 94596, USA",,37.898455,-122.0624063,2026-07-18 02:53:28.927482,,,,4.7,0,,False,google_places,,ChIJRxoZMaBhhYARRqcvcg7xFTQ,(925) 891-4796,beauty_salon,http://smileynailspa.com/,"Monday: 9:30 AM – 7:00 PM
Tuesday: 9:30 AM – 7:00 PM
Wednesday: 9:30 AM – 7:00 PM
Thursday: 9:30 AM – 7:00 PM
Friday: 9:30 AM – 7:00 PM
Saturday: 9:30 AM – 7:00 PM
Sunday: 10:00 AM – 6:00 PM",
bfefb0b9-f8cd-4e38-a39b-74ffd2531eea,Raw Sports Performance,"1543 Palos Verdes Mall, Walnut Creek, CA 94597, USA",,37.9242069,-122.088104,2026-07-18 03:53:23.024816,,,,5.0,0,,False,google_places,,ChIJCd-Q2NhjhYARVUC_Qq57Rwc,(925) 930-0519,gym,http://rawsportsperformance.com/,,
c016a346-ebbb-419f-85a5-520829c4810a,Parada,"7001 Sunne Ln, Walnut Creek, CA 94597, USA",,37.9267744,-122.0559764,2026-07-18 02:53:28.927029,,,,4.3,0,"Peruvian fare, from rotisserie chicken to ceviche, in a trendy space with popular patio seating.",False,google_places,,ChIJmWPxGQxhhYARR9Gmip1UsTs,(925) 448-8118,restaurant,http://paradakitchen.com/,"Monday: 11:00 AM – 9:00 PM
Tuesday: 11:00 AM – 9:00 PM
Wednesday: 11:00 AM – 9:00 PM
Thursday: 11:00 AM – 9:00 PM
Friday: 11:00 AM – 10:00 PM
Saturday: 11:00 AM – 10:00 PM
Sunday: Closed",
c0251e96-aac9-426d-bdbf-c80dfe49122e,The Beehive Salon,"1355 S California Blvd, Walnut Creek, CA 94596, USA",,37.8933721,-122.0616217,2026-07-18 03:53:23.024351,,,,4.8,0,,False,google_places,,ChIJsdavuOlhhYARdeKinOn3mHo,(925) 385-8997,hair_care,http://www.thebeehivewc.com/,"Monday: Closed
Tuesday: 10:00 AM – 5:00 PM
Wednesday: 10:00 AM – 7:00 PM
Thursday: 10:00 AM – 7:00 PM
Friday: 10:00 AM – 6:00 PM
Saturday: 10:00 AM – 4:00 PM
Sunday: Closed",
c090a7b5-f8fb-4dad-b6ed-65c9d22a308d,Peony Garden,"1448 S Main St, Walnut Creek, CA 94596, USA",,37.8915781,-122.05763689999999,2026-07-17 19:28:30.827840,/static/logos/29e3ed6a84b64f0aaadc460267dd5a52.jpg,/static/banners/f6cd0525da5949fcb4a672e6f113e501.jpg,,4.2,0,"Modern Pan-Asian fixture earns buzz for its creative tapas & meals served in a polished, warm space.",False,google_places,,ChIJRXO32txhhYARuaiB7jonFLw,(925) 930-8088,chinese_restaurant,http://www.peonygardenrestaurant.com/,"Monday: 11:00 AM – 3:00 PM, 4:30 – 9:00 PM
Tuesday: 11:00 AM – 3:00 PM, 4:30 – 9:00 PM
Wednesday: 11:00 AM – 3:00 PM, 4:30 – 9:00 PM
Thursday: 11:00 AM – 3:00 PM, 4:30 – 9:00 PM
Friday: 11:00 AM – 3:00 PM, 4:30 – 9:00 PM
Saturday: 11:00 AM – 3:00 PM, 4:30 – 9:00 PM
Sunday: 11:00 AM – 3:00 PM, 4:30 – 9:00 PM",
c091448a-bdd4-46fc-bcb9-a2bd41929eb5,El Rancho Restaurant,"1450 Monument Blvd, Concord, CA 94520, USA",,37.951885,-122.04476299999999,2026-07-18 02:53:28.928248,,,,4.1,0,"Upbeat establishment features Mexican cuisine & cocktails, plus a late-night club with live music.",False,google_places,,ChIJoSt62yVhhYARtAd_wJzja-I,(925) 685-5582,mexican_restaurant,http://www.elranchodeconcord.com/,"Monday: Closed
Tuesday: Closed
Wednesday: Closed
Thursday: Closed
Friday: 11:00 AM – 8:00 PM
Saturday: 11:00 AM – 7:00 PM
Sunday: 11:00 AM – 9:00 PM",
c12fe033-fbaa-4747-9a07-7ebbceb541ec,Batter ‘N Icing,"65B Crescent Dr, Pleasant Hill, CA 94523, USA",,37.9454559,-122.0621606,2026-07-18 03:53:23.025142,,,,4.3,0,,False,google_places,,ChIJoSHi8tphhYARCUAcwOGy_B4,(925) 332-7212,bakery,https://www.batternicing.com/,"Monday: 10:00 AM – 7:00 PM
Tuesday: 10:00 AM – 7:00 PM
Wednesday: 10:00 AM – 7:00 PM
Thursday: 10:00 AM – 7:00 PM
Friday: 10:00 AM – 7:00 PM
Saturday: 10:00 AM – 7:00 PM
Sunday: 10:00 AM – 5:00 PM",
c13db3bf-8199-4340-8e1c-b4a8033a0846,Bay Club Walnut Creek,"2805 Jones Rd, Walnut Creek, CA 94597, USA",,37.9255104,-122.05664819999998,2026-07-18 03:53:23.024676,,,,3.8,0,,False,google_places,,ChIJYeXI8wthhYAR1HQJDgtpP2o,(925) 938-8700,gym,https://www.bayclubs.com/walnutcreek/?utm_source=Chatmeter&utm_medium=Google&utm_campaign=ClubPage&utm_content=WalnutCreekCH,"Monday: 5:00 AM – 9:30 PM
Tuesday: 5:00 AM – 9:30 PM
Wednesday: 5:00 AM – 9:30 PM
Thursday: 5:00 AM – 9:30 PM
Friday: 5:00 AM – 9:30 PM
Saturday: 6:00 AM – 8:00 PM
Sunday: 6:00 AM – 8:00 PM",
c1ef511c-dcc4-40b0-ae48-460f8c76b76b,Oyama Sushi,"3651 Mount Diablo Blvd, Lafayette, CA 94549, USA",,37.8906725,-122.12755159999999,2026-07-18 02:53:28.927888,,,,4.1,0,Traditional sushi house fixing up creative rolls & Japanese plates in a modern atmosphere.,False,google_places,,ChIJTYRXkldihYARWaiia7UtNdM,(925) 283-6888,japanese_restaurant,https://qmenu.us/#/oyama-sushi-lafayette,"Monday: 11:30 AM – 2:30 PM, 4:30 – 9:00 PM
Tuesday: 11:30 AM – 2:30 PM, 4:30 – 9:00 PM
Wednesday: 11:30 AM – 2:30 PM, 4:30 – 9:00 PM
Thursday: 11:30 AM – 2:30 PM, 4:30 – 9:00 PM
Friday: 11:30 AM – 2:30 PM, 4:30 – 9:30 PM
Saturday: 11:30 AM – 2:30 PM, 4:30 – 9:30 PM
Sunday: 4:30 – 9:00 PM",
c2df8ee2-e535-4d92-a925-792857760d56,CrossFit Sweat Shop,"1401 Autocenter Dr, Walnut Creek, CA 94597, USA",,37.9227141,-122.0618516,2026-07-18 03:53:23.024840,,,,5.0,0,,False,google_places,,ChIJo5yZxnRhhYARCKXa_jp7eI8,(925) 818-1908,gym,http://crossfitsweatshop.com/,"Monday: 6:00 AM – 8:30 PM
Tuesday: 6:00 AM – 8:30 PM
Wednesday: 6:00 AM – 8:30 PM
Thursday: 6:00 AM – 8:30 PM
Friday: 6:00 AM – 6:30 PM
Saturday: 8:00 AM – 12:00 PM
Sunday: 9:00 – 11:00 AM",
c2ef2f7d-fb1e-46f1-9be1-cd55cb9c2f20,Thirteen,"1940 Tice Valley Blvd, Walnut Creek, CA 94595, USA",,37.878765099999995,-122.0728214,2026-07-18 03:53:23.024588,,,,4.6,0,,False,google_places,,ChIJdekzM5VhhYARWb6mM4mJepk,(707) 761-6607,beauty_salon,http://www.13hairsalon.com/,"Monday: Closed
Tuesday: 10:00 AM – 7:00 PM
Wednesday: 11:00 AM – 8:30 PM
Thursday: 10:00 AM – 4:00 PM
Friday: 10:00 AM – 7:00 PM
Saturday: 10:00 AM – 4:00 PM
Sunday: Closed",
c388c900-270c-4766-982d-957dbb578053,The Marc Advanced Color & Salon,"1310 Mt Diablo Blvd, Walnut Creek, CA 94596, USA",,37.89848320000001,-122.05763999999999,2026-07-18 03:53:23.024362,,,,4.8,0,,False,google_places,,ChIJSXU9DsFhhYARmqiUNZGvvCM,(925) 947-2800,hair_care,https://atthemarc.com/,"Monday: Closed
Tuesday: 9:00 AM – 5:30 PM
Wednesday: 9:00 AM – 5:30 PM
Thursday: 9:00 AM – 5:30 PM
Friday: 9:00 AM – 5:30 PM
Saturday: 9:00 AM – 4:00 PM
Sunday: Closed",
c451e748-15c0-4da4-b980-e16cfd185249,Wasabi Japanese Restaurant,"2118 Willow Pass Rd #200, Concord, CA 94520, USA",,37.976489799999996,-122.03367410000001,2026-07-18 02:53:28.927831,,,,4.9,0,,False,google_places,,ChIJE2EmDZFnhYARDZKsueKt8iI,(925) 391-9991,japanese_restaurant,http://wasabisushiconcord.menu11.com/,"Monday: 11:30 AM – 3:00 PM, 5:00 – 9:00 PM
Tuesday: 11:30 AM – 3:00 PM, 5:00 – 9:00 PM
Wednesday: 11:30 AM – 3:00 PM, 5:00 – 9:00 PM
Thursday: 11:30 AM – 3:00 PM, 5:00 – 9:00 PM
Friday: 11:30 AM – 3:00 PM, 5:00 – 9:00 PM
Saturday: 11:30 AM – 3:00 PM, 5:00 – 9:00 PM
Sunday: 11:30 AM – 3:00 PM, 5:00 – 9:00 PM",
c48c0e8b-3f46-458a-9a49-c4325f8630c1,Salon Cartier,"1651 Botelho Dr Ste 190 studio 4, Walnut Creek, CA 94596, USA",,37.893740699999995,-122.06230540000001,2026-07-18 03:53:23.024316,,,,4.9,0,,False,google_places,,ChIJ4UgP9_lhhYARjrJQ__9iJrQ,(925) 939-7425,hair_care,https://saloncartier.com/,"Monday: Closed
Tuesday: 9:00 AM – 5:00 PM
Wednesday: 9:00 AM – 8:00 PM
Thursday: 9:00 AM – 8:00 PM
Friday: 9:00 AM – 8:00 PM
Saturday: 9:00 AM – 5:00 PM
Sunday: Closed",
c509b277-d1c8-4820-a8d2-33d6bcff9caf,Aozora Japanese Restaurant,"820 Sycamore Valley Rd, Danville, CA 94526, USA",,37.812365199999995,-121.99763329999999,2026-07-18 02:53:28.927894,,,,4.4,0,,False,google_places,,ChIJxX91LzeNj4ARo-Ur6l-G8rs,(925) 272-7818,japanese_restaurant,http://www.aozoradanville.com/,"Monday: Closed
Tuesday: 11:30 AM – 2:30 PM, 5:00 – 9:00 PM
Wednesday: 11:30 AM – 2:30 PM, 5:00 – 9:00 PM
Thursday: 11:30 AM – 2:30 PM, 5:00 – 9:00 PM
Friday: 11:30 AM – 2:30 PM, 5:00 – 9:30 PM
Saturday: 11:30 AM – 2:30 PM, 5:00 – 9:30 PM
Sunday: 11:30 AM – 2:30 PM, 5:00 – 9:00 PM",
c5703714-3089-49b8-b579-994113c434fb,Terra Aesthetics & Wellness,"1399 Ygnacio Valley Rd #12, Walnut Creek, CA 94598, USA",,37.9105963,-122.0465152,2026-07-18 03:53:23.024863,,,,5.0,0,,False,google_places,,ChIJuRNhat9hhYARV0SYo9VtQN8,(925) 954-1614,spa,http://myterrawellness.com/,"Monday: 10:00 AM – 5:00 PM
Tuesday: 10:00 AM – 5:00 PM
Wednesday: 10:00 AM – 5:00 PM
Thursday: 10:00 AM – 5:00 PM
Friday: 10:00 AM – 5:00 PM
Saturday: 10:00 AM – 5:00 PM
Sunday: Closed",
c58b9799-d936-4674-9c43-2fd29d31f611,Yan's China Bistro & Bar,"2929 N Main St, Walnut Creek, CA 94597, USA",,37.9270335,-122.06259340000001,2026-07-18 02:53:28.927637,,,,4.4,0,Traditional dishes are made with local ingredients in a contemporary dining room with booth seating.,False,google_places,,ChIJqzg93XJhhYAROK-ZNBWlTso,(925) 944-5968,chinese_restaurant,http://www.yansrestaurantwalnutcreek.com/,"Monday: Closed
Tuesday: 11:30 AM – 3:00 PM, 4:30 – 8:30 PM
Wednesday: 11:30 AM – 3:00 PM, 4:30 – 8:30 PM
Thursday: 11:30 AM – 3:00 PM, 4:30 – 8:30 PM
Friday: 11:30 AM – 3:00 PM, 4:30 – 8:30 PM
Saturday: 11:30 AM – 3:00 PM, 4:30 – 8:30 PM
Sunday: 11:30 AM – 3:00 PM, 4:30 – 8:30 PM",
c75353c9-2e50-4462-9e3c-dcde1f877e87,1515 Restaurant & Lounge,"1515 N Main St, Walnut Creek, CA 94596, USA",,37.9001164,-122.0614695,2026-02-05 03:31:32.920127,/static/business_images/f002c123b9494525b705607d30e3062d.jpg,/static/business_images/70341bfda8134178bbfb724c39f68a45.jpg,,4.2,0,"Comfortable dining options include outdoor seating for drinks, seafood & Californian small plates.",False,google_places,,ChIJXXlJqephhYARtS4YUo_RLLc,(925) 939-1515,restaurant,https://www.1515wc.com/,"Monday: Closed
Tuesday: 4:00 – 9:00 PM
Wednesday: 11:30 AM – 12:00 AM
Thursday: 11:30 AM – 12:00 AM
Friday: 11:30 AM – 12:00 AM
Saturday: 10:00 AM – 1:30 AM
Sunday: 10:00 AM – 9:00 PM",
c76f0536-c3b7-479f-9a06-d71688c931a7,Oasis At The River Room Salon,"2337 Boulevard Cir, Walnut Creek, CA 94595, USA",,37.895699799999996,-122.0725924,2026-07-18 03:53:23.024304,,,,5.0,0,,False,google_places,,ChIJOQvMQe9hhYARzL5VcqEuA94,(925) 300-3428,hair_care,https://www.oasisattheriverroom.com/,"Monday: Closed
Tuesday: 10:00 AM – 5:00 PM
Wednesday: 10:00 AM – 5:00 PM
Thursday: 10:00 AM – 5:00 PM
Friday: 10:00 AM – 5:00 PM
Saturday: 10:00 AM – 5:00 PM
Sunday: Closed",
c798b7bf-9a8a-47a8-9412-b4ca54c460a1,Stadium Pub,"Stadium Pub Lincoln Avenue Walnut Creek, Contra Costa County, CA 94596",,37.9007343,-122.0611883,2026-02-14 01:46:37.257219,,,,,0,Yeah,False,created,,,,,,,
c82ad72e-a4f5-4257-8ee7-5ce9ff53902f,High Tech Burrito - Alamo,"120-A Alamo Plaza, Alamo, CA 94507, USA",,37.852441899999995,-122.0350016,2026-07-17 19:28:30.828020,/static/logos/9182442393184e1987388788eb483204.jpg,/static/banners/52b8c56943944587b7a54ca7d039aa41.jpg,,4.2,0,"Informal Mexican chain serving a lineup of classic & creative burritos, plus tacos & salads.",False,google_places,,ChIJ5025Ljjyj4ARekoMArHJteg,(925) 820-9006,mexican_restaurant,http://hightechburrito.com/?y_source=1_Mjc4MDcwNTktNzE1LWxvY2F0aW9uLndlYnNpdGU%3D,"Monday: 8:00 AM – 8:30 PM
Tuesday: 8:00 AM – 8:30 PM
Wednesday: 8:00 AM – 8:30 PM
Thursday: 8:00 AM – 8:30 PM
Friday: 8:00 AM – 8:30 PM
Saturday: 8:00 AM – 8:30 PM
Sunday: 8:00 AM – 8:30 PM",
c876e207-3b2d-4b31-9240-08acf6ff38d5,Sora Oh Salon,"1570 Palos Verdes Mall, Walnut Creek, CA 94597, USA",,37.924816,-122.0886141,2026-07-18 03:53:23.024386,,,,4.7,0,,False,google_places,,ChIJp3RH73JhhYARhmz2Be_Xwtk,(415) 994-9514,hair_care,,"Monday: 10:00 AM – 7:00 PM
Tuesday: 10:00 AM – 7:00 PM
Wednesday: 10:00 AM – 7:00 PM
Thursday: 10:00 AM – 7:00 PM
Friday: 10:00 AM – 7:00 PM
Saturday: 10:00 AM – 7:00 PM
Sunday: Closed",
c91a0db9-2664-436c-ab5f-74ee53043ee6,Cameo Electrolysis,"1406 Maria Ln, Walnut Creek, CA 94596, USA",,37.8930769,-122.0566334,2026-02-05 03:31:32.920496,/static/business_images/2fad4ba9be08471f80a0cf002bdf6cf7.jpg,,,4.9,0,,False,google_places,,ChIJL0OXOMNhhYARpG99iTUf4G4,+1 925-943-6040,hair_care,,,
c957dde4-8169-402f-b149-004818e71ee0,Zachary's Chicago Pizza,"140 Crescent Dr, Pleasant Hill, CA 94523, USA",,37.944607399999995,-122.06140830000001,2026-07-18 02:53:28.927556,,,,4.5,0,"Lively parlor & bar for stuffed, deep-dish or thin-crust pizza, plus vegan & gluten-free options.",False,google_places,,ChIJTzpBW0dhhYAReQZQGJR3S7k,(925) 602-7000,pizza_restaurant,https://zacharys.com/,"Monday: 11:00 AM – 9:00 PM
Tuesday: 11:00 AM – 9:00 PM
Wednesday: 11:00 AM – 9:00 PM
Thursday: 11:00 AM – 9:00 PM
Friday: 11:00 AM – 9:30 PM
Saturday: 11:00 AM – 9:30 PM
Sunday: 11:00 AM – 9:00 PM",
c98a3b5b-bf39-4d26-a6aa-6c7095462683,Nick The Greek,"1140 Locust St, Walnut Creek, CA 94596, USA",,37.8955121,-122.0609731,2026-07-18 02:53:28.927168,,,,4.7,0,,False,google_places,,ChIJt9sk0aBhhYARHVJXSJ144ls,(925) 951-6200,restaurant,http://www.nickthegreek.com/?utm_source=cumulus&utm_medium=onlinepresence&utm_campaign=gbp,"Monday: 11:00 AM – 11:00 PM
Tuesday: 11:00 AM – 11:00 PM
Wednesday: 11:00 AM – 11:00 PM
Thursday: 11:00 AM – 11:00 PM
Friday: 11:00 AM – 11:00 PM
Saturday: 11:00 AM – 11:00 PM
Sunday: 11:00 AM – 11:00 PM",
ca4d718a-5161-4d2b-99d7-500cad868935,Sala Mediterranean Grill,"1348 Broadway Plaza, Walnut Creek, CA 94596, USA",,37.894085499999996,-122.05837000000001,2026-07-18 02:53:28.926956,,,,4.8,0,,False,google_places,,ChIJQ3pAVgBhhYARaicSwtPNiP0,,restaurant,https://www.salagrill.com/,"Monday: 11:00 AM – 9:00 PM
Tuesday: 11:00 AM – 9:00 PM
Wednesday: 11:00 AM – 9:00 PM
Thursday: 11:00 AM – 9:00 PM
Friday: 11:00 AM – 9:00 PM
Saturday: 11:00 AM – 9:00 PM
Sunday: 11:00 AM – 9:00 PM",
cb1db643-c3f0-46e8-a379-7c63c0889cfa,Tacos El Charro FOOD TRUCK,"1310 Mt Diablo Blvd, Walnut Creek, CA 94596, USA",,37.8985335,-122.05754319999998,2026-07-17 19:28:30.828040,/static/logos/75c595dd6b7a481b9c5aad8a2c4bb521.jpg,/static/banners/601c2bcc83c34af1bb7143706836aa4e.jpg,,3.8,0,,False,google_places,,ChIJlxR-aABhhYARETGXtGgQ07Y,(925) 848-7068,mexican_restaurant,,"Monday: 6:00 PM – 2:00 AM
Tuesday: Closed
Wednesday: 6:00 PM – 2:00 AM
Thursday: 6:00 PM – 2:00 AM
Friday: 6:00 PM – 2:00 AM
Saturday: 6:00 PM – 2:00 AM
Sunday: 6:00 PM – 2:00 AM",
cbb6f468-9b3d-4399-91f0-e8693f20746c,Kung Fu Kitchen,"1562 Palos Verdes Mall, Walnut Creek, CA 94597, USA",,37.9248602,-122.08845339999999,2026-07-18 02:53:28.927643,,,,4.4,0,,False,google_places,,ChIJiypiU9ljhYAR-8ZkFO-LQkc,(925) 930-7698,chinese_restaurant,,"Monday: Closed
Tuesday: 11:30 AM – 3:00 PM, 4:00 – 8:30 PM
Wednesday: 11:30 AM – 3:00 PM, 4:00 – 8:30 PM
Thursday: 11:30 AM – 3:00 PM, 4:00 – 8:30 PM
Friday: 11:30 AM – 3:00 PM, 4:00 – 8:30 PM
Saturday: 11:30 AM – 3:00 PM, 4:00 – 8:30 PM
Sunday: 11:30 AM – 3:00 PM, 4:00 – 8:30 PM",
cc81971e-9cd9-4a8c-b86e-21ea60194182,GLOW4U HEAD SPA&HAIR SALON,"Sola Salons, 1853 Ygnacio Valley Rd Suit#37 room, Walnut Creek, CA 94598, USA",,37.918229499999995,-122.0361987,2026-07-18 03:53:23.024333,,,,5.0,0,,False,google_places,,ChIJl-hwIQBhhYARXRCjwUXaKBI,(916) 884-4314,hair_care,https://glow4u.square.site/,"Monday: 10:00 AM – 7:00 PM
Tuesday: 10:00 AM – 7:00 PM
Wednesday: 9:00 AM – 5:00 PM
Thursday: 10:00 AM – 7:00 PM
Friday: 9:00 AM – 5:00 PM
Saturday: 10:30 AM – 7:00 PM
Sunday: 10:30 AM – 5:00 PM",
cd322493-e744-4e1c-897f-a3661193bfcb,Sauced BBQ & Spirits,"1410 Locust St, Walnut Creek, CA 94596, USA",,37.8992532,-122.0618394,2026-07-18 02:53:28.927041,,,,4.3,0,This chill eatery featuring rustic decor & a full bar offers BBQ classics & Southern sides.,False,google_places,,ChIJfWJkvephhYAR4akI3qwufGI,(925) 433-5957,restaurant,http://www.saucedbbqandspirits.com/,"Monday: 11:00 AM – 9:30 PM
Tuesday: 11:00 AM – 9:30 PM
Wednesday: 11:00 AM – 9:30 PM
Thursday: 11:00 AM – 9:30 PM
Friday: 11:00 AM – 11:00 PM
Saturday: 11:00 AM – 11:00 PM
Sunday: 10:00 AM – 9:30 PM",
cdf03209-71b6-4d10-ba3c-93362b200b5b,Manakish Oven & Grill,"2905 N Main St, Walnut Creek, CA 94597, USA",,37.926727799999995,-122.06274610000001,2026-07-18 02:53:28.927122,,,,4.3,0,"Baklava, bowls & savory Mediterranean combos served in a casual venue outfitted with wood & tile.",False,google_places,,ChIJP0hkNIxhhYARCbcDafodvEI,(925) 949-8334,restaurant,https://manakishoven.com/manakishoven?utm_source=google,"Monday: 8:00 AM – 9:00 PM
Tuesday: 8:00 AM – 9:00 PM
Wednesday: 8:00 AM – 9:00 PM
Thursday: 8:00 AM – 9:00 PM
Friday: 8:00 AM – 9:30 PM
Saturday: 8:00 AM – 9:30 PM
Sunday: 8:00 AM – 9:00 PM",
cdf4e23b-8eb9-425b-849a-3b5160dbf42c,American Family Hot Tub,"2367 Pleasant Hill Rd, Pleasant Hill, CA 94523, USA",,37.9473458,-122.0825866,2026-07-18 03:53:23.024857,,,,4.6,0,,False,google_places,,ChIJp6nD6VVhhYARsiMfb6DSPCM,(925) 472-0852,spa,http://familyhottub.com/,"Monday: 12:00 – 10:30 PM
Tuesday: 5:30 – 10:30 PM
Wednesday: 12:00 – 10:30 PM
Thursday: 12:00 – 10:30 PM
Friday: 12:00 – 10:30 PM
Saturday: 12:00 – 10:30 PM
Sunday: 12:00 – 10:30 PM",
ce0d969b-0bef-440b-9bda-27fdaee6bc05,Crunch Fitness,"2830 Ygnacio Valley Rd, Walnut Creek, CA 94598, USA",,37.9280124,-122.01680359999999,2026-07-18 03:53:23.024682,,,,4.2,0,,False,google_places,,ChIJF9BUu11ghYARReDd7nfpEtA,(925) 266-3200,gym,https://www.crunch.com/locations/walnut-creek,"Monday: 5:00 AM – 10:00 PM
Tuesday: 5:00 AM – 10:00 PM
Wednesday: 5:00 AM – 10:00 PM
Thursday: 5:00 AM – 10:00 PM
Friday: 5:00 AM – 9:00 PM
Saturday: 7:00 AM – 7:00 PM
Sunday: 7:00 AM – 7:00 PM",
ce5f6fa9-fa87-4339-aa4d-3b3ad31bf54d,Natural Spa,"1830 N Broadway, Walnut Creek, CA 94596, USA",,37.904421000000006,-122.060942,2026-07-18 03:53:23.025018,,,,3.8,0,,False,google_places,,ChIJgzoU9ZVhhYARBeTAZ_YeGBE,(925) 899-9319,spa,,"Monday: 10:00 AM – 10:00 PM
Tuesday: 10:00 AM – 10:00 PM
Wednesday: 10:00 AM – 10:00 PM
Thursday: 10:00 AM – 10:00 PM
Friday: 10:00 AM – 10:00 PM
Saturday: 10:00 AM – 10:00 PM
Sunday: 10:00 AM – 10:00 PM",
cf787d20-f16b-4d49-a61e-db1e91b3ccf0,Mountain Grounds,"3750 Alhambra Ave #2, Martinez, CA 94553, USA",,37.9979134,-122.13264459999999,2026-07-18 03:53:23.024287,,,,4.7,0,,False,google_places,,ChIJyVtdKHRlhYARBjJtAp-bfUs,(925) 335-6864,cafe,http://mtngrounds.com/,"Monday: 6:00 AM – 3:30 PM
Tuesday: 6:00 AM – 3:30 PM
Wednesday: 6:00 AM – 3:30 PM
Thursday: 6:00 AM – 3:30 PM
Friday: 6:00 AM – 3:30 PM
Saturday: 7:00 AM – 3:30 PM
Sunday: 7:00 AM – 3:30 PM",
cfcbcb48-ab8d-4ebc-8d39-e4e26100b622,Tellus Coffee,"1410 N Main St, Walnut Creek, CA 94596, USA",,37.8994928,-122.0606845,2026-07-18 02:53:28.927201,,,,4.5,0,,False,google_places,,ChIJEYLuKJthhYARvXZSnhDiuCM,(925) 300-3736,cafe,https://www.telluscoffee.com/,"Monday: 8:00 AM – 4:00 PM
Tuesday: 8:00 AM – 4:00 PM
Wednesday: 8:00 AM – 4:00 PM
Thursday: 8:00 AM – 4:00 PM
Friday: 8:00 AM – 4:00 PM
Saturday: 8:00 AM – 4:00 PM
Sunday: 9:00 AM – 4:00 PM",
d0528652-8e69-40ad-9dcf-943c8b0d6775,Sage + Mane Salon,"7000 Sunne Ln Ste 112, Walnut Creek, CA 94597, USA",,37.9267843,-122.05533890000001,2026-07-18 03:53:23.024328,,,,5.0,0,,False,google_places,,ChIJq63chlFhhYAR3EJQ_YfiNVM,(925) 917-4506,hair_care,https://sageandmane.glossgenius.com/,"Monday: Closed
Tuesday: 10:00 AM – 4:00 PM
Wednesday: 10:00 AM – 4:00 PM
Thursday: 10:00 AM – 4:00 PM
Friday: 10:00 AM – 4:00 PM
Saturday: 10:00 AM – 4:00 PM
Sunday: Closed",
d06ed9b0-0041-45cc-8097-bcc6ba06846d,Aroma Spa,"1448 S O S Dr, Walnut Creek, CA 94597, USA",,37.9188221,-122.06388079999999,2026-07-18 03:53:23.024926,,,,5.0,0,,False,google_places,,ChIJd5rtC-lhhYAR46Y3IdSFQQA,(925) 300-3838,spa,http://aromaspa.top/,"Monday: 10:00 AM – 9:00 PM
Tuesday: 10:00 AM – 9:00 PM
Wednesday: 10:00 AM – 9:00 PM
Thursday: 10:00 AM – 9:00 PM
Friday: 10:00 AM – 9:00 PM
Saturday: 10:00 AM – 9:00 PM
Sunday: 10:00 AM – 9:00 PM",
d0d1d360-68b2-4122-881b-30b1ae19f12e,Flowers Salon,"1528 Locust St, Walnut Creek, CA 94596, USA",,37.9001997,-122.06228259999999,2026-07-18 02:53:28.927424,,,,4.2,0,,False,google_places,,ChIJabtbtephhYAR1OJD4SdoMcY,(925) 324-4155,hair_care,http://www.flowers-salon.com/,"Monday: 8:00 AM – 6:00 PM
Tuesday: 8:00 AM – 8:00 PM
Wednesday: 8:00 AM – 8:00 PM
Thursday: 8:00 AM – 8:00 PM
Friday: 8:00 AM – 8:00 PM
Saturday: 8:00 AM – 5:00 PM
Sunday: 12:00 – 4:00 PM",
d0deaf3a-12f3-46f2-82bf-8a507df7171e,Alpine Pastry & Cakes,"1848 Willow Pass Rd, Concord, CA 94520, USA",,37.974881599999996,-122.03718730000001,2026-07-18 03:53:23.025156,,,,4.5,0,"Homey bakery & coffee bar specializing in custom wedding & occasion cakes, pastries & cookies.",False,google_places,,ChIJD_Wn1y9nhYARV__XyfCMGmg,(925) 689-7220,bakery,http://www.alpinepastry.com/,"Monday: 8:00 AM – 5:00 PM
Tuesday: 8:00 AM – 5:00 PM
Wednesday: 8:00 AM – 5:00 PM
Thursday: 8:00 AM – 5:00 PM
Friday: 8:00 AM – 5:00 PM
Saturday: 9:00 AM – 5:00 PM
Sunday: 9:00 AM – 5:00 PM",
d17b0611-99a0-4464-b705-f2bd03fffc0b,Bay Leaf Cafe,"2123 Pacheco St #2309, Concord, CA 94520, USA",,37.978679899999996,-122.0350457,2026-07-18 03:53:23.024275,,,,4.3,0,"Unpretentious nook known for a variety of breakfast faves, plus classic comfort-food entrees.",False,google_places,,ChIJY5D04CZnhYARetOEjb6v8Nk,(925) 363-3983,cafe,http://www.thebayleafcafe.com/,"Monday: 8:00 AM – 2:00 PM
Tuesday: 8:00 AM – 2:00 PM
Wednesday: 8:00 AM – 2:00 PM
Thursday: 8:00 AM – 2:00 PM
Friday: 8:00 AM – 2:00 PM
Saturday: 7:00 AM – 3:00 PM
Sunday: 7:00 AM – 3:00 PM",
d17d3b36-cb20-4f7b-bdbe-8be564f2a0d9,Golden State Dermatology,"3201 Danville Blvd Ste 110, Alamo, CA 94507, USA",,37.8491054,-122.0332236,2026-07-17 19:28:30.827638,/static/logos/7f707942b7f7401e8f747860b9e6cdd2.jpg,/static/banners/f9a28a02f88d4017b676b87b77a39c31.jpg,,4.9,0,,False,google_places,,ChIJqX43iQGLj4ARCfQUpc7CrrY,(925) 362-0992,spa,https://www.goldenstatedermatology.com/alamo/?y_source=1_MTAwNDU1MTA3Ny03MTUtbG9jYXRpb24ud2Vic2l0ZQ%3D%3D,"Monday: 8:30 AM – 2:00 PM
Tuesday: 8:30 AM – 2:00 PM
Wednesday: 8:30 AM – 4:00 PM
Thursday: 8:30 AM – 2:00 PM
Friday: 8:30 AM – 2:00 PM
Saturday: Closed
Sunday: Closed",
d2e96748-bc50-43ed-8e7b-58b7cf695bcf,True Sugaring & Skincare,"2400 Olympic Blvd #9, Walnut Creek, CA 94595, USA",,37.8854216,-122.0782066,2026-07-18 02:53:28.927441,,,,4.7,0,,False,google_places,,ChIJGUkP9_lhhYARdDsRtJ4nJVQ,(925) 945-7700,hair_care,http://www.truesugaring.com/,"Monday: 9:30 AM – 5:00 PM
Tuesday: 9:30 AM – 5:00 PM
Wednesday: 9:30 AM – 6:00 PM
Thursday: 9:30 AM – 7:00 PM
Friday: 9:00 AM – 7:00 PM
Saturday: 9:30 AM – 5:00 PM
Sunday: Closed",
d393692b-8c72-43c7-be9c-5611bbe72a99,Capture Beauty Salon,"1517 N Main St #208, Walnut Creek, CA 94596, USA",,37.9002695,-122.0614392,2026-07-18 03:53:23.024659,,,,5.0,0,,False,google_places,,ChIJ28UxnCthhYARrEWmjS0-pd4,(510) 205-9062,beauty_salon,https://capturebeautysalon.com/,"Monday: 9:00 AM – 5:00 PM
Tuesday: 9:00 AM – 5:00 PM
Wednesday: 9:00 AM – 5:00 PM
Thursday: 9:00 AM – 5:00 PM
Friday: 7:00 AM – 7:00 PM
Saturday: 7:00 AM – 7:00 PM
Sunday: Closed",
d3b60c9a-5c9e-4a61-9e3c-e22e9d8a402e,Tifa Chocolate & Gelato,"1545 Locust St, Walnut Creek, CA 94596, USA",,37.900345,-122.0629157,2026-07-18 03:53:23.024159,,,,4.8,0,,False,google_places,,ChIJNQy7dVhhhYARTIl4cxnGOLI,(925) 298-3500,cafe,https://tifachocolateandgelato.com/location-detail/walnut-creek-ca/?utm_source=google&utm_medium=organic&utm_campaign=profile-link,"Monday: 11:00 AM – 10:00 PM
Tuesday: 11:00 AM – 10:00 PM
Wednesday: 11:00 AM – 10:00 PM
Thursday: 11:00 AM – 10:00 PM
Friday: 11:00 AM – 11:00 PM
Saturday: 11:00 AM – 11:00 PM
Sunday: 11:00 AM – 10:00 PM",
d3cca47c-db8d-47c9-a947-faae7d087f15,Leah's Korean Beauty Salon,"Sola Salons Ygnacio Plaza, 1853 Ygnacio Valley Rd #30, Walnut Creek, CA 94598, USA",,37.918229499999995,-122.0361987,2026-07-18 03:53:23.024501,,,,5.0,0,,False,google_places,,ChIJL3ZaBMdhhYARRDd9XML8YUY,(925) 596-4050,hair_care,https://eunjoo4050.wixsite.com/leah-korean-salon,"Monday: 10:00 AM – 7:00 PM
Tuesday: 10:00 AM – 7:00 PM
Wednesday: 10:00 AM – 7:00 PM
Thursday: 10:00 AM – 7:00 PM
Friday: 10:00 AM – 7:00 PM
Saturday: 10:00 AM – 7:00 PM
Sunday: 2:00 – 7:00 PM",
d455d78d-2da1-41d0-ac12-cd8c4314e35c,Saroor Indian Cuisine,"2580 N Main St A, Walnut Creek, CA 94597, USA",,37.9191693,-122.06456039999999,2026-07-18 02:53:28.928050,,,,4.2,0,"Comfortable spot for traditional Indian curries, tandoori & korma with all-you-can-eat lunch buffet.",False,google_places,,ChIJ5_8BjnVhhYARj_QKj8IhYqY,(925) 937-2031,indian_restaurant,https://www.saroorindiancuisine.com/,"Monday: 11:00 AM – 3:00 PM, 5:00 – 10:00 PM
Tuesday: 11:00 AM – 3:00 PM, 5:00 – 10:00 PM
Wednesday: 11:00 AM – 3:00 PM, 5:00 – 10:00 PM
Thursday: 11:00 AM – 3:00 PM, 5:00 – 10:00 PM
Friday: 11:00 AM – 3:00 PM, 5:00 – 10:00 PM
Saturday: 11:00 AM – 3:00 PM, 5:00 – 10:00 PM
Sunday: 11:00 AM – 3:00 PM, 5:00 – 10:00 PM",
d4cdcc77-5304-40c9-a955-7d8c0b9dd660,Babalou's Mediterranean,"1645 Bonanza St, Walnut Creek, CA 94596, USA",,37.8992705,-122.0630896,2026-07-18 02:53:28.927602,,,,4.0,0,Vibrant cafe lined with eclectic murals serving traditional Mediterranean dishes in a simple space.,False,google_places,,ChIJNYMTxephhYAR2hnD8Q5kIGw,(925) 930-8000,pizza_restaurant,http://www.babalous.com/,"Monday: 11:00 AM – 9:00 PM
Tuesday: 11:00 AM – 9:00 PM
Wednesday: 11:00 AM – 9:00 PM
Thursday: 11:00 AM – 9:00 PM
Friday: 11:00 AM – 9:00 PM
Saturday: 11:00 AM – 9:00 PM
Sunday: Closed",
d51409ee-5d01-41ad-92e5-3f3d2eebf4e4,Spavia Day Spa - Pleasant Hill,"45A Crescent Dr, Pleasant Hill, CA 94523, USA",,37.946323899999996,-122.0621216,2026-07-18 03:53:23.024851,,,,4.7,0,,False,google_places,,ChIJV_Uwl0dhhYAR2dVTfw7Q6A0,(925) 478-5511,spa,https://pleasanthillca.spaviadayspa.com/,"Monday: 10:00 AM – 8:00 PM
Tuesday: Closed
Wednesday: 10:00 AM – 8:00 PM
Thursday: 10:00 AM – 8:00 PM
Friday: 10:00 AM – 8:00 PM
Saturday: 10:00 AM – 7:00 PM
Sunday: 11:00 AM – 6:00 PM",
d516b8aa-e19d-458a-b148-e4d506838695,La Mordida,"607 Gregory Ln, Pleasant Hill, CA 94523, USA",,37.948305999999995,-122.08068559999998,2026-07-18 02:53:28.928242,,,,4.1,0,,False,google_places,,ChIJM8w1S1RhhYARsJIyjEDHj-c,(925) 944-9188,mexican_restaurant,https://lamordidaca.com/,"Monday: 9:00 AM – 8:00 PM
Tuesday: 9:00 AM – 8:00 PM
Wednesday: 9:00 AM – 8:00 PM
Thursday: 9:00 AM – 8:00 PM
Friday: 9:00 AM – 8:00 PM
Saturday: 9:00 AM – 8:00 PM
Sunday: Closed",
d51e76ac-b85a-4965-a8a0-7d45d6916b13,Saneh Bangkok,"2634 Pleasant Hill Rd, Pleasant Hill, CA 94523, USA",,37.955507499999996,-122.08931459999998,2026-07-18 02:53:28.928028,,,,4.8,0,,False,google_places,,ChIJtYfG3c5lhYARATbDAq37qQ0,(925) 476-5321,thai_restaurant,https://www.sanehbangkok.com/,"Monday: 11:00 AM – 2:30 PM, 4:30 – 9:00 PM
Tuesday: 11:00 AM – 2:30 PM, 4:30 – 9:00 PM
Wednesday: 11:00 AM – 2:30 PM, 4:30 – 9:00 PM
Thursday: 11:00 AM – 2:30 PM, 4:30 – 9:00 PM
Friday: 11:00 AM – 2:30 PM, 4:30 – 9:00 PM
Saturday: 11:00 AM – 2:30 PM, 4:30 – 9:00 PM
Sunday: 11:00 AM – 2:30 PM, 4:30 – 9:00 PM",
d5460ed7-909b-463c-a3e2-dd9363f6c5f0,Lever Coffee,"37 Alamo Square Dr, Alamo, CA 94507, USA",,37.850127,-122.031514,2026-07-17 19:28:30.827666,/static/logos/2534aafe86a34065a3a92d9dc7bc1515.jpg,/static/banners/a8f6ede108544baf82d4afb4f71c3a6a.jpg,,4.6,0,,False,google_places,,ChIJAQCENAKLj4AR6Ow8y6NHAmo,(925) 239-8999,bakery,https://levercoffee.com/,"Monday: 7:00 AM – 5:30 PM
Tuesday: 7:00 AM – 5:30 PM
Wednesday: 7:00 AM – 5:30 PM
Thursday: 7:00 AM – 5:30 PM
Friday: 7:00 AM – 5:30 PM
Saturday: 7:00 AM – 5:30 PM
Sunday: 7:00 AM – 5:30 PM",
d60a2bb4-776c-4e17-aab6-d7563bba8130,Mayumi Beauty,"1766 Bonanza St, Walnut Creek, CA 94596, USA",,37.8991569,-122.06393820000001,2026-07-18 03:53:23.024570,,,,5.0,0,,False,google_places,,ChIJK5hQs7JhhYARHkSwhzk4EKw,(510) 704-3600,beauty_salon,https://m-a-y-u-m-i.square.site/,"Monday: Closed
Tuesday: 10:00 AM – 7:00 PM
Wednesday: 10:00 AM – 7:00 PM
Thursday: 10:00 AM – 7:00 PM
Friday: 10:00 AM – 7:00 PM
Saturday: 10:00 AM – 7:00 PM
Sunday: 10:00 AM – 5:00 PM",
d60cc03a-6e80-4436-a5b1-35cf80e4aa48,Okini Sushi,"2239 Morello Ave, Pleasant Hill, CA 94523, USA",,37.9614756,-122.0800695,2026-07-18 02:53:28.927900,,,,4.4,0,,False,google_places,,ChIJQXN_6BpkhYARANUGpDVr7HQ,(925) 280-9828,japanese_restaurant,https://www.okinisushi.com/,"Monday: 11:30 AM – 3:00 PM, 4:30 – 9:00 PM
Tuesday: 11:30 AM – 3:00 PM, 4:30 – 9:00 PM
Wednesday: 11:30 AM – 3:00 PM, 4:30 – 9:00 PM
Thursday: 11:30 AM – 3:00 PM, 4:30 – 9:00 PM
Friday: 11:30 AM – 3:00 PM, 4:30 – 9:00 PM
Saturday: 11:30 AM – 9:00 PM
Sunday: Closed",
d6dedcc6-a22f-44f4-9651-77fb685aeb82,Bourbon Highway Country Bar,"1677 N Main St Suite A, Walnut Creek, CA 94596, USA",,37.9018806,-122.06232220000001,2026-07-18 02:53:28.927247,,,,4.0,0,"Spacious, Americana-style spot for ribs, pulled pork & Southern eats paired with whiskey & spirits.",False,google_places,,ChIJ2YJhbJVhhYARY3EWTkUlNoY,,bar,http://www.bourbonhighway.com/,"Monday: Closed
Tuesday: Closed
Wednesday: Closed
Thursday: 4:00 PM – 12:00 AM
Friday: 4:00 PM – 1:00 AM
Saturday: 4:00 PM – 1:00 AM
Sunday: Closed",
d6df1c74-1784-446e-b1d8-b982b4139d2c,Massimo Ristorante,"1604 Locust St, Walnut Creek, CA 94596, USA",,37.9006167,-122.0625,2026-07-18 02:53:28.927104,,,,4.4,0,Northern Italian fare is offered alongside a 200-bottle wine list at this white-linen restaurant.,False,google_places,,ChIJwVwONpVhhYARULiZCRoAi7Y,(925) 932-1474,restaurant,http://www.massimoristorante.com/,"Monday: Closed
Tuesday: 11:00 AM – 9:00 PM
Wednesday: 11:00 AM – 9:00 PM
Thursday: 11:00 AM – 9:00 PM
Friday: 11:00 AM – 9:30 PM
Saturday: 10:30 AM – 9:30 PM
Sunday: 10:30 AM – 9:00 PM",
d710ca1a-3ae8-4a01-8c6e-e5e4eeb4e8fe,The Barnyard Wine Bar,"400 Sycamore Valley Rd, Danville, CA 94526, USA",,37.8129,-121.99700379999999,2026-07-18 02:53:28.927369,,,,4.9,0,,False,google_places,,ChIJBXxWCUONj4ARQpUFh0usvgg,(925) 918-3846,bar,http://barnyardwinebar.com/,"Monday: Closed
Tuesday: Closed
Wednesday: 5:00 – 10:00 PM
Thursday: 5:00 – 10:00 PM
Friday: 5:00 – 11:00 PM
Saturday: 5:00 – 11:00 PM
Sunday: Closed",
d73e88b1-e482-4104-8d31-98b07f32ff8c,Pvolve Walnut Creek,"1845 Ygnacio Valley Rd, Walnut Creek, CA 94598, USA",,37.9179404,-122.0374714,2026-07-18 03:53:23.024722,,,,5.0,0,,False,google_places,,ChIJzaCYcQBhhYARy351gGVBYWE,(925) 430-6268,gym,https://studios.pvolve.com/walnut-creek?utm_source=google&utm_medium=organic&utm_campaign=google_business_profile&utm_content=walnut-creek,"Monday: 5:30 AM – 8:00 PM
Tuesday: 7:00 AM – 7:00 PM
Wednesday: 5:30 AM – 8:00 PM
Thursday: 7:00 AM – 7:00 PM
Friday: 5:30 AM – 6:00 PM
Saturday: 7:30 AM – 1:00 PM
Sunday: 9:00 AM – 1:00 PM",
d8626f4f-2153-47d0-b485-8e048654ddbf,Hidden Oasis Day Spa,"1946 A Mt Diablo Blvd, Walnut Creek, CA 94596, USA",,37.897781699999996,-122.06746640000001,2026-07-18 03:53:23.025001,,,,5.0,0,,False,google_places,,ChIJtRXamfJhhYARgJ994XsU1LI,(925) 389-2170,spa,http://www.thehiddenoasisdayspa.com/,"Monday: 10:30 AM – 4:00 PM
Tuesday: 10:30 AM – 5:30 PM
Wednesday: 10:30 AM – 4:00 PM
Thursday: 10:30 AM – 5:30 PM
Friday: 10:30 AM – 5:30 PM
Saturday: 10:00 AM – 3:30 PM
Sunday: Closed",
d8b04f33-6339-45bf-8ab5-174064872297,Hair X Helen,"1651 Botelho Dr Suite 190 Studio 27, Walnut Creek, CA 94596, USA",,37.8936234,-122.0623422,2026-02-05 03:31:32.920571,/static/business_images/120f2a85c9b44000b6df64eb01d6bb9d.jpg,/static/business_images/9e7fae80dfae44648afea63dc4519813.jpg,,5.0,0,,False,google_places,,ChIJtXHDyOlhhYAR4pKQeWlVSPM,+1 925-914-8853,beauty_salon,,,
d90f0939-4b5f-4887-a2f9-990ade3422be,El Aguila Méxican Cuisine,"1300 Contra Costa Blvd #12, Pleasant Hill, CA 94523, USA",,37.9590786,-122.0606956,2026-07-18 02:53:28.928130,,,,4.5,0,"Simple strip-mall pick for an elevated take on traditional Mexican eats, including homemade chorizo.",False,google_places,,ChIJQ1IKpMpmhYARXI-DeA7ugwM,(925) 682-4444,mexican_restaurant,https://elaguilamexicancuisine.us/,"Monday: 9:00 AM – 8:00 PM
Tuesday: Closed
Wednesday: 9:00 AM – 8:00 PM
Thursday: 9:00 AM – 8:00 PM
Friday: 9:00 AM – 8:00 PM
Saturday: 9:00 AM – 8:00 PM
Sunday: 9:00 AM – 8:00 PM",
d9563b0c-a632-4b41-b347-5fc1495ea0b1,Extreme Pizza,"3227 Danville Blvd, Alamo, CA 94507, USA",,37.848124,-122.031559,2026-07-17 19:28:30.827793,/static/logos/c6ec0edff8094ceca9a2c1e6f1ff8836.jpg,/static/banners/4277591d346e4cbc8410f5029e05d0b8.jpg,,4.4,0,Pizzeria chain specializing in innovative pies customized with unusual toppings.,False,google_places,,ChIJ8w6_7QOLj4AR6QvC5IDkoAI,(925) 838-1122,pizza_restaurant,https://extremepizza.hungerrush.com/Order/Menu/2032#groups,"Monday: 4:00 – 8:00 PM
Tuesday: 11:00 AM – 8:00 PM
Wednesday: 11:00 AM – 8:00 PM
Thursday: 11:00 AM – 8:00 PM
Friday: 11:00 AM – 9:00 PM
Saturday: 11:00 AM – 9:00 PM
Sunday: 11:00 AM – 8:00 PM",
d97a0dcd-77d8-4744-afb7-03ca91a77002,A Sweet Affair - California,"1990 N California Blvd, Walnut Creek, CA 94596, USA",,37.9065935,-122.06594500000001,2026-07-18 03:53:23.025119,,,,4.7,0,,False,google_places,,ChIJJ1eU6JZhhYAR_febOPevbaA,(925) 944-1910,bakery,https://asweetaffairbakery.com/,"Monday: 9:00 AM – 2:30 PM
Tuesday: 9:00 AM – 2:30 PM
Wednesday: 9:00 AM – 2:30 PM
Thursday: 9:00 AM – 2:30 PM
Friday: 9:00 AM – 2:30 PM
Saturday: Closed
Sunday: Closed",
d9d4e8b5-fe48-43ab-b2bc-151942bfb64b,Tomatina,"1325 N Main St, Walnut Creek, CA 94596, USA",,37.897772,-122.0604625,2026-02-05 03:31:32.920183,/static/logos/1c65c80d62b849e0a03ee0cf1ebf026d.jpg,/static/banners/a5c978af3a3b4176a8b1801419e883e1.jpg,,4.0,0,"Pizzas, pastas & flatbread sandwiches, plus wine & sangria, in a casual setting.",False,google_places,,ChIJv641xcFhhYARv-BAog-e_lY,(925) 930-9999,restaurant,http://tomatina.com/,"Monday: 11:00 AM – 9:00 PM
Tuesday: 11:00 AM – 9:00 PM
Wednesday: 11:00 AM – 9:00 PM
Thursday: 11:00 AM – 9:00 PM
Friday: 11:00 AM – 10:00 PM
Saturday: 11:00 AM – 10:00 PM
Sunday: 11:00 AM – 9:00 PM",
da46ec12-851c-4072-b04c-df64d4f900b4,Third Culture Bakery Walnut Creek,"1310 S California Blvd, Walnut Creek, CA 94596, USA",,37.894485599999996,-122.0615978,2026-07-17 19:28:30.827699,/static/logos/df3a597febe94797ba096a18acbbef3a.jpg,/static/banners/28bb6afc597247a9a4591c0744240bff.jpg,,4.4,0,,False,google_places,,ChIJ518smbVhhYARtwwwnYQGj9c,(925) 300-3436,bakery,http://www.thirdculturebakery.com/,"Monday: 9:00 AM – 4:00 PM
Tuesday: 9:00 AM – 4:00 PM
Wednesday: 9:00 AM – 4:00 PM
Thursday: 9:00 AM – 4:00 PM
Friday: 9:00 AM – 4:00 PM
Saturday: 9:00 AM – 4:00 PM
Sunday: 9:00 AM – 4:00 PM",
da7e5c5d-770a-4dc9-aed6-d4448817f016,Nica Lounge,"1907 Salvio St, Concord, CA 94520, USA",,37.976590699999996,-122.03716449999999,2026-07-18 02:53:28.927340,,,,4.0,0,"Energetic, upscale bar & lounge featuring DJ music, themed dance nights & live entertainment.",False,google_places,,ChIJJbrAmSdnhYARBZNSzVu9XWE,(925) 446-4434,bar,http://www.nicalounge.com/,"Monday: Closed
Tuesday: Closed
Wednesday: Closed
Thursday: 10:00 PM – 2:00 AM
Friday: 10:00 PM – 2:00 AM
Saturday: 10:00 PM – 2:00 AM
Sunday: Closed",
da989e5c-267a-40a1-b52b-cdc6f14080bc,The Office Cocktail Lounge,"1796 Willow Pass Rd Rear, Concord, CA 94520, USA",,37.9735157,-122.0391178,2026-07-18 02:53:28.927311,,,,4.4,0,,False,google_places,,ChIJ3cXw2UFnhYARm76RFO-BtyQ,(925) 687-3700,bar,https://www.theofficecocktails.com/,"Monday: 12:00 PM – 2:00 AM
Tuesday: 12:00 PM – 2:00 AM
Wednesday: 12:00 PM – 2:00 AM
Thursday: 12:00 PM – 2:00 AM
Friday: 12:00 PM – 2:00 AM
Saturday: 12:00 PM – 2:00 AM
Sunday: 10:00 AM – 2:00 AM",
db827c3f-9452-4a78-90a6-c68c5c6b5ffb,Crystal Beauty Lounge Nails & Lashes,"1629 Cypress St, Walnut Creek, CA 94596, USA",,37.89874280000001,-122.06245459999998,2026-07-17 19:28:30.827603,/static/logos/e4750ab1fcb544d598f4f7c157be35ef.jpg,/static/banners/0ecedfddb1b341468bdae3768ca5d62f.jpg,,4.3,0,,False,google_places,,ChIJ3UtVfVRhhYAR7dJYNuJ7Wb8,(925) 464-6076,spa,http://www.crystal-blounge.com/,"Monday: 9:00 AM – 6:30 PM
Tuesday: 9:00 AM – 6:30 PM
Wednesday: 9:00 AM – 6:30 PM
Thursday: 9:00 AM – 6:30 PM
Friday: 9:00 AM – 6:30 PM
Saturday: 9:00 AM – 6:30 PM
Sunday: 9:30 AM – 6:30 PM",
dbc7e7fe-b870-42e5-a8e3-be0ba4f8bcea,La Tapatia Méxican Restaurant and Cantina | Concord,"1802 Willow Pass Rd, Concord, CA 94520, USA",,37.9738434,-122.0390965,2026-07-18 02:53:28.928107,,,,4.5,0,Colorful murals & occasional mariachi accompany a range of Mexican classics in a spacious eatery.,False,google_places,,ChIJtwHu99dmhYARRdb8HgBK9Mo,(925) 685-1986,mexican_restaurant,http://www.latapatiaconcord.com/,"Monday: 3:00 – 9:00 PM
Tuesday: 3:00 – 9:00 PM
Wednesday: 11:00 AM – 9:00 PM
Thursday: 11:00 AM – 9:00 PM
Friday: 11:00 AM – 9:00 PM
Saturday: 11:00 AM – 9:00 PM
Sunday: 11:00 AM – 9:00 PM",
dbc7f452-699e-4785-a420-5a2ee3b06d64,LifeSpa,"1815 Broadway Plaza, Walnut Creek, CA 94596, USA",,37.89419420000001,-122.05860079999998,2026-07-18 03:53:23.024480,,,,4.9,0,,False,google_places,,ChIJLfA7QxRhhYARls038fZ3Yn4,(925) 951-4874,hair_care,https://my.lifetime.life/clubs/ca/walnut-creek/services/lifespa/booking.html,"Monday: 10:00 AM – 8:00 PM
Tuesday: 10:00 AM – 8:00 PM
Wednesday: 10:00 AM – 8:00 PM
Thursday: 10:00 AM – 8:00 PM
Friday: 9:00 AM – 6:00 PM
Saturday: 9:00 AM – 6:00 PM
Sunday: 10:00 AM – 4:00 PM",
dc830906-c99d-4aaf-b0cd-33fbbc3d2ab0,Encore Gymnastics,"2636 Shadelands Dr, Walnut Creek, CA 94598, USA",,37.92765,-122.0241686,2026-07-18 03:53:23.024773,,,,4.4,0,"Long-running children's gym offering gymnastics tumbling classes, plus parties, summer camps & climbing walls.",False,google_places,,ChIJ6QP3pRdhhYAR2mbPyhA1xz0,(925) 932-1033,gym,http://www.encoregym.com/,"Monday: 9:00 AM – 7:30 PM
Tuesday: 9:00 AM – 7:30 PM
Wednesday: 9:00 AM – 7:30 PM
Thursday: 9:00 AM – 7:30 PM
Friday: 9:00 AM – 6:30 PM
Saturday: 9:00 AM – 1:00 PM
Sunday: Closed",
dd550335-4612-4d70-b466-918ab53102e8,The Greenery Restaurant & Sports Bar,"1551 Marchbanks Dr, Walnut Creek, CA 94598, USA",,37.9173853,-122.0436141,2026-07-18 02:53:28.927035,,,,4.4,0,"Golf-course eatery featuring American fare, draft beer & TV sports in a bright space with a patio.",False,google_places,,ChIJn0jQDbFhhYARfDhvc4l-jdg,(925) 937-1270,restaurant,http://www.diablohillsgolfcourse.com/,"Monday: 9:00 AM – 10:00 PM
Tuesday: 9:00 AM – 10:00 PM
Wednesday: 9:00 AM – 10:00 PM
Thursday: 9:00 AM – 10:00 PM
Friday: 9:00 AM – 12:00 AM
Saturday: 8:00 AM – 12:00 AM
Sunday: 8:00 AM – 9:00 PM",
ddd17805-3239-4c7f-80da-74704513df63,The Head Ritual,"1147 Alpine Rd A, Walnut Creek, CA 94596, USA",,37.8966384,-122.06710299999999,2026-07-18 03:53:23.024651,,,,4.8,0,,False,google_places,,ChIJf6SmeJBhhYARkpfAdOKVEOI,(925) 954-9425,beauty_salon,https://www.theheadritual.com/,"Monday: 10:00 AM – 7:00 PM
Tuesday: Closed
Wednesday: 10:00 AM – 7:00 PM
Thursday: 10:00 AM – 7:00 PM
Friday: 10:00 AM – 7:00 PM
Saturday: 9:00 AM – 7:00 PM
Sunday: 10:00 AM – 7:00 PM",
dddc7317-d9db-4e88-81a9-c9889281209b,New Spring Day Spa,"1948 Contra Costa Blvd, Pleasant Hill, CA 94523, USA",,37.948423999999996,-122.05873120000001,2026-07-18 03:53:23.024891,,,,4.3,0,,False,google_places,,ChIJcxyJGzhhhYARjmOoaXNstcE,(925) 332-5887,spa,https://www.newspringdayspa.com/,"Monday: 9:30 AM – 9:30 PM
Tuesday: 9:30 AM – 9:30 PM
Wednesday: 9:30 AM – 9:30 PM
Thursday: 9:30 AM – 9:30 PM
Friday: 9:30 AM – 9:30 PM
Saturday: 9:30 AM – 9:30 PM
Sunday: 9:30 AM – 9:30 PM",
dde904ba-10eb-4a4e-bbf0-3a86d94f1cf1,La Ezkina Grill & Cantina,"2065 N Broadway #100, Walnut Creek, CA 94596, USA",,37.908152199999996,-122.0620385,2026-07-18 02:53:28.927005,,,,4.4,0,,False,google_places,,ChIJx6oDeJ1hhYARqdS4DhBH8Ag,(925) 954-7538,restaurant,http://www.laezkina.com/,"Monday: 11:30 AM – 8:30 PM
Tuesday: 11:30 AM – 8:30 PM
Wednesday: 11:30 AM – 8:30 PM
Thursday: 11:30 AM – 8:30 PM
Friday: 11:00 AM – 9:30 PM
Saturday: 11:00 AM – 9:30 PM
Sunday: 11:30 AM – 7:00 PM",
ddeaee35-7fcb-4960-b0f4-58007996f593,Sushi Raku,"1950 Market St C, Concord, CA 94520, USA",,37.97358630000001,-122.04410170000001,2026-07-18 02:53:28.927917,,,,4.7,0,Sushi bar crafting rolls & traditional cooked Japanese dishes in a relaxed setting with Asian decor.,False,google_places,,ChIJQZJD9dlmhYARVLZ0UGsepSI,(925) 288-9239,japanese_restaurant,,"Monday: 11:00 AM – 9:00 PM
Tuesday: 11:00 AM – 9:00 PM
Wednesday: 11:00 AM – 9:00 PM
Thursday: 11:00 AM – 9:00 PM
Friday: 11:00 AM – 9:00 PM
Saturday: 11:00 AM – 9:00 PM
Sunday: 11:00 AM – 9:00 PM",
de1abd0b-8ee6-462b-924a-30f0c9d061b5,Framework Fitness,"1820 N Broadway, Walnut Creek, CA 94596, USA",,37.9038543,-122.06089779999998,2026-07-17 19:28:30.827495,/static/logos/38c3d9babfdb4bd8b99c87e2c96e45ed.jpg,/static/banners/7152ddfac6324f1ebfa1cb046d824a3c.jpg,,5.0,0,,False,google_places,,ChIJW8DJH75hhYAR1y6RAQ4q-xA,(925) 979-9865,gym,http://www.frameworkwc.com/,"Monday: 6:00 AM – 8:00 PM
Tuesday: 6:00 AM – 8:00 PM
Wednesday: 6:00 AM – 8:00 PM
Thursday: 6:00 AM – 8:00 PM
Friday: 6:00 AM – 8:00 PM
Saturday: 7:00 AM – 12:00 PM
Sunday: Closed",
dfbf6d43-d4a4-4810-97e1-46aec642205e,The Hangout,"2217 Morello Ave, Pleasant Hill, CA 94523, USA",,37.9617678,-122.08014360000001,2026-07-18 02:53:28.927352,,,,4.6,0,,False,google_places,,ChIJiSacZpRnhYARrBSb1K4B3es,(925) 671-9925,bar,https://www.thehangoutbreakfast.com/,"Monday: 8:00 AM – 3:00 PM
Tuesday: 8:00 AM – 3:00 PM
Wednesday: 8:00 AM – 3:00 PM
Thursday: 8:00 AM – 3:00 PM
Friday: 8:00 AM – 3:00 PM
Saturday: 8:00 AM – 3:00 PM
Sunday: 8:00 AM – 3:00 PM",
dfc7b9d8-8847-47df-98e0-d74e2c25109f,The Shoya,"2642 Pleasant Hill Rd, Pleasant Hill, CA 94523, USA",,37.9556584,-122.0894845,2026-07-18 02:53:28.927842,,,,4.7,0,,False,google_places,,ChIJO4Ks8TVlhYARmKWTASg5Aho,(925) 272-2788,japanese_restaurant,http://www.theshoya.com/,"Monday: 11:30 AM – 2:30 PM, 4:30 – 9:00 PM
Tuesday: Closed
Wednesday: 11:30 AM – 2:30 PM, 4:30 – 9:00 PM
Thursday: 11:30 AM – 2:30 PM, 4:30 – 9:00 PM
Friday: 11:30 AM – 2:30 PM, 4:30 – 9:00 PM
Saturday: 11:30 AM – 2:30 PM, 4:30 – 9:00 PM
Sunday: 11:30 AM – 2:30 PM, 4:30 – 9:00 PM",
e0424863-08b1-4078-83bb-1e9be9b7523d,Aloha Spa,"1250 Newell Ave Ste D, Walnut Creek, CA 94596, USA",,37.8940347,-122.0541806,2026-07-17 19:28:30.827596,/static/logos/78f613ccd5754d1dbbdb82926966c278.jpg,/static/banners/de2381f31bfd47fc954211e07863657e.jpg,,4.6,0,,False,google_places,,ChIJGUjEccxhhYAREGJ2qwr8jHI,(925) 248-3922,spa,http://www.alohaspawc.com/,"Monday: 10:00 AM – 9:00 PM
Tuesday: 10:00 AM – 9:00 PM
Wednesday: 10:00 AM – 9:00 PM
Thursday: 10:00 AM – 9:00 PM
Friday: 10:00 AM – 9:00 PM
Saturday: 10:00 AM – 9:00 PM
Sunday: 10:00 AM – 9:00 PM",
e05bd2ea-e37c-4a07-91a5-1de675db7f95,Drybar - Walnut Creek,"1634 Bonanza St, Walnut Creek, CA 94596, USA",,37.8996663,-122.0627996,2026-07-18 02:53:28.927407,,,,3.8,0,,False,google_places,,ChIJwUUfxuphhYARWqeuCpNDDDg,(925) 644-2800,hair_care,https://www.drybarshops.com/service/locator/detail/?slug=walnut-creek&utm_source=Google&utm_medium=SoCi,"Monday: 7:00 AM – 8:00 PM
Tuesday: 7:00 AM – 8:00 PM
Wednesday: 7:00 AM – 8:00 PM
Thursday: 7:00 AM – 8:00 PM
Friday: 7:00 AM – 8:00 PM
Saturday: 7:00 AM – 8:00 PM
Sunday: 9:00 AM – 6:00 PM",
e07b8ca0-a344-49a1-8523-e4e4b761856e,La Perle,"1385 N Broadway, Walnut Creek, CA 94596, USA",,37.899167299999995,-122.05982089999999,2026-07-18 03:53:23.024599,,,,5.0,0,,False,google_places,,ChIJl5ZgN8BhhYARhodRoUFSIPc,(925) 440-9211,beauty_salon,http://laperle-california.com/,"Monday: 10:00 AM – 6:00 PM
Tuesday: 10:00 AM – 6:00 PM
Wednesday: 10:00 AM – 6:00 PM
Thursday: 10:00 AM – 6:00 PM
Friday: 10:00 AM – 6:00 PM
Saturday: 10:00 AM – 6:00 PM
Sunday: 10:00 AM – 6:00 PM",
e114a95e-13e0-4231-b6c3-72b6c1238909,Tacos El Patrón & Bar,"2290 Monument Blvd, Pleasant Hill, CA 94523, USA",,37.945561999999995,-122.053759,2026-07-18 02:53:28.928079,,,,4.5,0,"Informal restaurant providing classic Mexican cuisine, including tacos, burritos & enchiladas.",False,google_places,,ChIJD1jzdDxhhYAROy6dvA0RW94,(925) 822-3993,mexican_restaurant,https://tacos-el-patron.com/tacoselpatronbar?utm_source=google,"Monday: 10:00 AM – 10:00 PM
Tuesday: 10:00 AM – 10:00 PM
Wednesday: 10:00 AM – 10:00 PM
Thursday: 10:00 AM – 10:00 PM
Friday: 10:00 AM – 10:00 PM
Saturday: 10:00 AM – 10:00 PM
Sunday: 10:00 AM – 10:00 PM",
e16cd89a-224c-4539-b039-917f8b31eeb5,Sage The Space,"675 Ygnacio Valley Rd Ste B106, Walnut Creek, CA 94596, USA",,37.9060069,-122.0599141,2026-07-18 03:53:23.024403,,,,5.0,0,,False,google_places,,ChIJB_Ylv4ZhhYARu5BsBcxG-kY,(925) 291-3866,hair_care,https://www.vagaro.com/sagethespace,"Monday: Closed
Tuesday: 10:00 AM – 4:00 AM
Wednesday: Closed
Thursday: 10:00 AM – 4:00 PM
Friday: 10:00 AM – 4:00 PM
Saturday: 9:00 AM – 2:30 PM
Sunday: Closed",
e199b7f5-6a78-412e-9b61-756708d188fe,ANANAS,"1372 N Main St, Walnut Creek, CA 94596, USA",,37.8989127,-122.06029640000001,2026-07-18 03:53:23.024120,,,,4.3,0,,False,google_places,,ChIJsSJKB1thhYAR5uZuGPt1OIs,(925) 510-3988,cafe,https://www.ananas.coffee/,"Monday: 8:00 AM – 8:00 PM
Tuesday: 8:00 AM – 8:00 PM
Wednesday: 8:00 AM – 8:00 PM
Thursday: 8:00 AM – 8:00 PM
Friday: 8:00 AM – 10:00 PM
Saturday: 8:00 AM – 10:00 PM
Sunday: 8:00 AM – 8:00 PM",
e1f0733f-5568-4b7f-9a56-0715a64a99da,Morucci's,"1218 Boulevard Way, Walnut Creek, CA 94595, USA",,37.8941154,-122.074936,2026-02-05 03:31:32.920141,/static/business_images/cc96b343b03d4335ba5ca3b00b78b3ce.jpg,/static/business_images/a5e3933cf88b4d1e9cfc496db4eda997.jpg,,4.6,0,Popular neighborhood fixture dispensing piled-high sandwiches & deli staples in snug quarters.,False,google_places,,ChIJVwOgAfNhhYARuCjrP5IDhhE,(925) 939-2426,restaurant,https://moruccis.com/,"Monday: 8:00 AM – 5:00 PM
Tuesday: 8:00 AM – 5:00 PM
Wednesday: 8:00 AM – 5:00 PM
Thursday: 8:00 AM – 5:00 PM
Friday: 8:00 AM – 5:00 PM
Saturday: 8:00 AM – 5:00 PM
Sunday: 8:00 AM – 5:00 PM",
e222f305-029a-4940-8476-2f45744c112e,Slice house pizza,"1315 N Main St, Walnut Creek, CA 94596, USA",,37.897641,-122.0605882,2026-07-17 19:28:30.827813,,,,,0,,False,google_places,,ChIJM13CGwBhhYARaBeuOPIaCGM,,pizza_restaurant,,,
e23c1a70-a24b-4568-b100-98d10196524d,SOS Spa Walnut Creek,"1457 S O S Dr, Walnut Creek, CA 94597, USA",,37.918476399999996,-122.0640831,2026-07-18 03:53:23.025036,,,,4.7,0,,False,google_places,,ChIJ2ZmtHHxhhYAR9fqrI9lem30,(925) 954-1290,spa,,"Monday: 10:00 AM – 9:30 PM
Tuesday: 10:00 AM – 9:30 PM
Wednesday: 10:00 AM – 9:30 PM
Thursday: 10:00 AM – 9:30 PM
Friday: 10:00 AM – 9:30 PM
Saturday: 10:00 AM – 9:30 PM
Sunday: 10:00 AM – 9:30 PM",
e259bff3-a91f-481c-8f42-742fcf7fa218,"HOTWORX - Walnut Creek, CA","1940 Tice Valley Blvd # C, Walnut Creek, CA 94595, USA",,37.878769999999996,-122.07282,2026-07-18 03:53:23.024693,,,,4.8,0,,False,google_places,,ChIJHRgVIABhhYAR3ca0BMvgYRw,(707) 689-5928,gym,http://hotworx.net/studio/walnutcreek?utm_source=google&utm_medium=organic&utm_campaign=gbp,"Monday: 11:00 AM – 8:00 PM
Tuesday: 11:00 AM – 8:00 PM
Wednesday: 11:00 AM – 8:00 PM
Thursday: 11:00 AM – 8:00 PM
Friday: 9:00 AM – 6:00 PM
Saturday: 9:00 AM – 2:00 PM
Sunday: Closed",
e2695757-b93e-432e-96c7-cebc537edc12,Cholita Linda,"24 N Broadway, Walnut Creek, CA 94596, USA",,37.8966188,-122.0573572,2026-07-17 19:28:30.828000,/static/logos/dd960fd24268449586cc1dfc3e6a6a70.jpg,/static/banners/e4533000fc3f40daa7fc33d220e21cbe.jpg,,4.5,0,,False,google_places,,ChIJMSLRRWdhhYARPLfkY9zwB8E,(925) 397-4740,mexican_restaurant,https://www.cholitalinda.com/,"Monday: 11:00 AM – 8:00 PM
Tuesday: 11:00 AM – 8:00 PM
Wednesday: 11:00 AM – 8:00 PM
Thursday: 11:00 AM – 9:00 PM
Friday: 11:00 AM – 9:00 PM
Saturday: 11:00 AM – 9:00 PM
Sunday: 11:00 AM – 8:00 PM",
e2d778b5-d04f-450d-ae20-30f2d4b3e551,Calicraft Brewing Company,"2700 Mitchell Dr, Walnut Creek, CA 94598, USA",,37.9307198,-122.0259965,2026-07-18 02:53:28.927306,,,,4.7,0,Brewery & taproom pouring California-inspired beers in industrial-chic digs with an outdoor garden.,False,google_places,,ChIJqQWG5PdghYAROX-VaQQSlIU,(925) 478-8103,bar,https://www.calicraft.com/,"Monday: 3:00 – 8:00 PM
Tuesday: 3:00 – 10:00 PM
Wednesday: 3:00 – 10:00 PM
Thursday: 3:00 – 10:00 PM
Friday: 12:00 – 10:00 PM
Saturday: 12:00 – 10:00 PM
Sunday: 12:00 – 10:00 PM",
e3583401-baa8-4dd8-b3f9-0d9063798bf8,Tacos Walnut Creek,"1690 Locust St, Walnut Creek, CA 94596, USA",,37.9020079,-122.06311900000001,2026-07-17 19:28:30.827980,/static/logos/6eda0a0bbef44085813e4ff2e290ba77.jpg,/static/banners/81e56266ef3047b8b04c0c6102a36a5b.jpg,,4.4,0,"Unassuming counter-serve restaurant plating tacos, fajitas & other classic Mexican fare, plus beer.",False,google_places,,ChIJNTiGxYRhhYAR8TeEGhyusfE,(925) 464-7489,mexican_restaurant,https://tacoswalnutcreek.com/,"Monday: 10:00 AM – 9:00 PM
Tuesday: 10:00 AM – 9:30 PM
Wednesday: 10:00 AM – 9:30 PM
Thursday: 10:00 AM – 9:30 PM
Friday: 10:00 AM – 10:00 PM
Saturday: 10:00 AM – 10:00 PM
Sunday: 10:00 AM – 9:00 PM",
e375ed36-bce7-4a4f-8e20-071408e2ed0d,Maguey Mexican Restaurant,"3168 Danville Blvd, Alamo, CA 94507, USA",,37.851196900000005,-122.031785,2026-07-17 19:28:30.828026,/static/logos/78dc879b73824e7b8a2d52186b278673.jpg,/static/banners/e91f51594baf4a1f9687099f4b80510b.jpg,,4.4,0,,False,google_places,,ChIJF7LZMnGLj4AR0slLwNcECiA,(925) 743-8997,mexican_restaurant,,"Monday: 11:00 AM – 8:00 PM
Tuesday: 11:00 AM – 8:00 PM
Wednesday: 11:00 AM – 8:00 PM
Thursday: 11:00 AM – 8:00 PM
Friday: 11:00 AM – 8:00 PM
Saturday: 11:00 AM – 8:00 PM
Sunday: Closed",
e39f5d9a-80dc-42e3-a0e9-d7adae7088c0,5 Tacos & Beers Walnut Creek,"1352 Locust St, Walnut Creek, CA 94596, USA",,37.8981315,-122.06145389999999,2026-07-17 19:28:30.827993,/static/logos/249b3b7a8dfb4a86a78673b63af46c29.jpg,/static/banners/67537fccf335449098c699215cb9294c.jpg,,4.2,0,,False,google_places,,ChIJaaw9pY5hhYARMh-ArJG2Xvc,(925) 430-2823,mexican_restaurant,http://5tacos.com/,"Monday: 12:00 – 8:00 PM
Tuesday: 11:00 AM – 9:00 PM
Wednesday: 11:00 AM – 9:00 PM
Thursday: 11:00 AM – 9:00 PM
Friday: 11:00 AM – 10:00 PM
Saturday: 11:00 AM – 10:00 PM
Sunday: 11:00 AM – 8:00 PM",
e3fadfdf-7d64-4016-9c33-017660a0e23f,Star Method Boxing,"1501 N Broadway Ste. 100, Walnut Creek, CA 94596, USA",,37.9008355,-122.0606179,2026-07-17 19:28:30.827488,/static/logos/d4099beb156b4971b01204f4021bee55.jpg,/static/banners/35c96a2ad0664831a528bfa9e09d1042.jpg,,5.0,0,,False,google_places,,ChIJeYHwMcBhhYARXg9f8-VfxHk,(925) 476-5124,gym,http://www.starmethodboxing.com/,"Monday: 6:00 AM – 8:00 PM
Tuesday: 6:00 AM – 8:00 PM
Wednesday: 6:00 AM – 8:00 PM
Thursday: 6:00 AM – 8:00 PM
Friday: 6:00 AM – 8:00 PM
Saturday: 8:00 AM – 12:00 PM
Sunday: 9:00 AM – 1:00 PM",
e5681c60-0593-4e8f-852a-b97f0233dff1,Jack's Taps,"60 Crescent Dr Ste E, Pleasant Hill, CA 94523, USA",,37.945597899999996,-122.06177949999999,2026-07-18 02:53:28.927335,,,,4.5,0,,False,google_places,,ChIJ82fGDJdhhYARqneovLEsm3g,(925) 849-6195,bar,https://www.ilovejacks.com/jacks-taps,"Monday: 11:00 AM – 9:00 PM
Tuesday: 11:00 AM – 9:00 PM
Wednesday: 11:00 AM – 9:00 PM
Thursday: 11:00 AM – 9:00 PM
Friday: 11:00 AM – 10:00 PM
Saturday: 11:00 AM – 10:00 PM
Sunday: 10:00 AM – 9:00 PM",
e58f15ca-4abe-4e8a-8222-ffc148a55ffa,Rotator Taproom,"1415 Pine St, Walnut Creek, CA 94596, USA",,37.9098748,-122.06372540000001,2026-07-18 02:53:28.927265,,,,4.6,0,,False,google_places,,ChIJ__8PLZhhhYARiFWgOxTwjSY,(925) 952-4578,bar,https://www.rotatortaproom.com/,"Monday: 3:00 – 9:00 PM
Tuesday: 3:00 – 9:00 PM
Wednesday: 3:00 – 10:00 PM
Thursday: 3:00 – 10:00 PM
Friday: 12:00 – 11:00 PM
Saturday: 12:00 – 10:00 PM
Sunday: 12:00 – 9:00 PM",
e5c06028-4e25-478d-8741-1321c4e5cd81,Fringe & Fern Collective,"1489 Newell Ave, Walnut Creek, CA 94596, USA",,37.8929462,-122.05787829999998,2026-07-18 03:53:23.024310,,,,5.0,0,,False,google_places,,ChIJc4VwoHFjhYARdLWkmKhRBDU,(925) 494-8606,hair_care,http://www.fringeandfern.com/,,
e609c509-435a-494c-8fb9-f7ec4c5c52c7,Avital Beauty Lounge,"1379 Locust St, Walnut Creek, CA 94596, USA",,37.8984644,-122.0622785,2026-02-05 03:31:32.920564,/static/business_images/c51c8fea79a146deb83dbf1c7ab5adbc.jpg,/static/business_images/a361bf001a8b4e40a78830dee108df04.jpg,,4.8,0,,False,google_places,,ChIJjXMEmuphhYARnSJhBNpqImc,(925) 210-0300,beauty_salon,http://www.avitalbeauty.com/,"Monday: Closed
Tuesday: 9:00 AM – 7:00 PM
Wednesday: 9:00 AM – 6:00 PM
Thursday: 9:00 AM – 7:00 PM
Friday: 9:00 AM – 7:00 PM
Saturday: 10:00 AM – 5:00 PM
Sunday: Closed",
e693705f-8a6d-480a-96ce-52ba3e45b633,Cactus Cafe Redwood,"1450 Treat Blvd, Walnut Creek, CA 94597, USA",,37.9259705,-122.05210799999998,2026-07-18 03:53:23.024257,,,,,0,,False,google_places,,ChIJtSxwdQBhhYARl59X3rJ-C80,(925) 918-2331,cafe,,,
e71bb2a8-4f3a-4b66-a611-1a3dd40a9b96,Forma Gym Walnut Creek - Personal Training & Fitness Classes,"1908 Olympic Blvd, Walnut Creek, CA 94596, USA",,37.8950656,-122.0675274,2026-02-05 03:31:32.920229,/static/logos/84077dee3cea43f88df27986e0833486.jpg,/static/banners/dae1d7da02e14f3583ec79419cecb18b.jpg,,4.6,0,,False,google_places,,ChIJ3VDn3OphhYART4-VHWewEGk,(925) 932-6400,cafe,https://formagym.com/locations/walnut-creek/,"Monday: 5:00 AM – 11:00 PM
Tuesday: 5:00 AM – 11:00 PM
Wednesday: 5:00 AM – 11:00 PM
Thursday: 5:00 AM – 11:00 PM
Friday: 5:00 AM – 10:00 PM
Saturday: 6:00 AM – 8:00 PM
Sunday: 6:00 AM – 8:00 PM",
e747d759-aa23-4e9f-90dc-42691a4d8ba3,Wence's,"1922 Oak Park Blvd, Pleasant Hill, CA 94523, USA",,37.9340768,-122.0748325,2026-07-18 02:53:28.927139,,,,4.4,0,"This modest eatery features eclectic American & seafood mains such as oysters, steak, tacos & pasta.",False,google_places,,ChIJxYzjnWdhhYARG-1ppSMWCrI,(925) 566-8971,restaurant,https://www.wencesrestaurant.com/,"Monday: 11:00 AM – 9:00 PM
Tuesday: 11:00 AM – 9:00 PM
Wednesday: 11:00 AM – 9:00 PM
Thursday: 11:00 AM – 9:00 PM
Friday: 11:00 AM – 9:30 PM
Saturday: 10:00 AM – 9:30 PM
Sunday: 10:00 AM – 9:30 PM",
e7775956-1163-46f1-a027-5c90e098be0f,Peet's Coffee,"1343 Locust St, Walnut Creek, CA 94596, USA",,37.89805200000001,-122.06183,2026-02-05 03:31:32.920197,/static/business_images/7f72f12955264943b30ade14d3c97fbc.jpg,/static/business_images/10ffaa0485dd4266a1ebe1770f0521d2.jpg,,4.5,0,"Berkeley-born chain featuring signature coffee, tea & blended drinks alongside baked goods.",False,google_places,,ChIJd7cLYuphhYAR-D4Xff__QOc,(925) 933-9580,cafe,"https://www.peets.com/pages/store-locator?stockist-query=Walnut%20Creek,%20CA,%20USA&selected=Locust%20Street","Monday: 5:00 AM – 7:00 PM
Tuesday: 5:00 AM – 7:00 PM
Wednesday: 5:00 AM – 7:00 PM
Thursday: 5:00 AM – 7:00 PM
Friday: 5:00 AM – 7:00 PM
Saturday: 6:00 AM – 7:00 PM
Sunday: 6:00 AM – 7:00 PM",
e7eed88e-dfbd-43ec-89b1-cf03a4f44146,EJ Phair Alehouse & Pub: Alamo,"225 Alamo Plaza, Alamo, CA 94507, USA",,37.850833,-122.0340284,2026-02-05 03:31:32.920377,/static/business_images/41e53e439d6846b88064826aeae0f30b.jpg,/static/business_images/3492e5369b3d4a759520461f8700fd05.jpg,,4.3,0,"Atmospheric brewpub showcasing a selection of craft beers & pub grub, plus events & live music.",False,google_places,,ChIJWzsGBtOLj4ARQZ71o2EFaEg,(925) 208-2100,bar,http://ejphair.com/,"Monday: 11:30 AM – 8:00 PM
Tuesday: 11:30 AM – 8:00 PM
Wednesday: 11:30 AM – 8:30 PM
Thursday: 11:30 AM – 8:30 PM
Friday: 11:30 AM – 9:00 PM
Saturday: 11:30 AM – 9:00 PM
Sunday: 11:30 AM – 8:00 PM",
e7f9c084-8d39-4cb3-9a5e-d85640424ac4,West Coast Sourdough - Walnut Creek,"2914 N Main St, Walnut Creek, CA 94597, USA",,37.9272975,-122.0610899,2026-07-18 03:53:23.025207,,,,3.7,0,,False,google_places,,ChIJdYKoN0phhYAR9N9OhB1bGXY,(925) 278-1502,bakery,https://www.wcsourdough.com/walnut-creek,"Monday: 11:00 AM – 5:00 PM
Tuesday: 11:00 AM – 5:00 PM
Wednesday: 11:00 AM – 5:00 PM
Thursday: 11:00 AM – 5:00 PM
Friday: 11:00 AM – 5:00 PM
Saturday: 11:00 AM – 5:00 PM
Sunday: 11:00 AM – 5:00 PM",
e80b26f2-3120-4cbc-a263-8c4cf2a3bb11,Marvel Cake Walnut Creek,"1496 Newell Ave, Walnut Creek, CA 94596, USA",,37.8931493,-122.05896249999999,2026-07-17 19:28:30.827672,/static/logos/81f4e6d2a3e5460c83ab1bab81a22d37.jpg,/static/banners/c35717fb77cc4b62a6f0ba31848670ef.jpg,,4.1,0,,False,google_places,,ChIJlaWX7JlhhYARs36RPtoUuA8,(408) 816-7046,bakery,https://www.marvelcake.com/,"Monday: 9:00 AM – 6:00 PM
Tuesday: 9:00 AM – 7:00 PM
Wednesday: 9:00 AM – 7:00 PM
Thursday: 9:00 AM – 7:00 PM
Friday: 9:00 AM – 7:00 PM
Saturday: 9:00 AM – 7:00 PM
Sunday: 10:00 AM – 6:00 PM",
e811fbf2-2182-4d7d-b7fb-79ce94672ed3,The Kebab Shop,"2359 Oak Grove Rd Bld H, Walnut Creek, CA 94598, USA",,37.9278456,-122.0158117,2026-07-18 02:53:28.927596,,,,4.3,0,"Local chain serving Mediterranean food with inventive wraps, bowls, plates & signature sauces.",False,google_places,,ChIJUVAnuG1hhYARCxnuJ5nPYME,(925) 239-1369,pizza_restaurant,http://www.thekebabshop.com/,"Monday: 10:30 AM – 9:00 PM
Tuesday: 10:30 AM – 9:00 PM
Wednesday: 10:30 AM – 9:00 PM
Thursday: 10:30 AM – 9:00 PM
Friday: 10:30 AM – 9:00 PM
Saturday: 10:30 AM – 9:00 PM
Sunday: 10:30 AM – 9:00 PM",
e89db71e-ecdc-44d0-bb21-1e4011313938,Gym,"2270 Oak Grove Rd, Walnut Creek, CA 94598, USA",,37.9308258,-122.0139104,2026-07-18 03:53:23.024805,,,,5.0,0,,False,google_places,,ChIJR5b-SABhhYAR8y1ha5ZmrVI,,gym,,,
e9b67c27-c08c-457d-a31c-91d858c689d2,Nothing Bundt Cakes,"1551 Botelho Dr, Walnut Creek, CA 94596, USA",,37.8944062,-122.06070609999998,2026-07-17 19:28:30.827679,/static/logos/5bdaffca8aff4e2caa51d965be954f92.jpg,/static/banners/8969754980ef44c7818d8757985ef744.jpg,,4.3,0,"Franchise bakery specializing in handcrafted bundt cakes, plus curated gifts & party supplies.",False,google_places,,ChIJhZ_nP8JhhYARH9oK4b9IkPc,(925) 979-9131,bakery,https://www.nothingbundtcakes.com/find-a-bakery/ca/walnutcreek/bakery-35.html?utm_source=gbplisting&utm_medium=organic&utm_campaign=35_website_link,"Monday: 9:00 AM – 7:00 PM
Tuesday: 9:00 AM – 7:00 PM
Wednesday: 9:00 AM – 7:00 PM
Thursday: 9:00 AM – 7:00 PM
Friday: 9:00 AM – 7:00 PM
Saturday: 10:00 AM – 5:00 PM
Sunday: 10:00 AM – 4:00 PM",
e9ea46aa-6535-465e-b8f8-e346549de987,My Gym,"2256 Oak Grove Rd, Walnut Creek, CA 94598, USA",,37.9310288,-122.01440359999998,2026-07-18 03:53:23.024745,,,,4.9,0,,False,google_places,,ChIJw-7pFl5ghYARlt3LhNVQBoU,(925) 952-9791,gym,https://www.mygym.com/walnutcreek,"Monday: 9:00 AM – 1:00 PM
Tuesday: 9:00 AM – 2:00 PM
Wednesday: 10:00 AM – 1:20 PM
Thursday: 10:00 AM – 7:00 PM
Friday: 9:00 AM – 6:00 PM
Saturday: 8:30 AM – 12:30 PM
Sunday: 8:30 AM – 12:30 PM",
ea6f9ce9-8f91-4281-a5a4-7b66f0acfb44,East Ocean Seafood Restaurant,"1841 Ygnacio Valley Rd, Walnut Creek, CA 94598, USA",,37.9180682,-122.0365781,2026-07-18 02:53:28.927631,,,,4.1,0,,False,google_places,,ChIJv0X3N5VhhYAROAQ96Zai72M,(925) 944-1006,chinese_restaurant,http://www.eastoceanseafoodrestaurant.com/?utm_source=google,"Monday: 11:00 AM – 2:30 PM, 5:00 – 8:00 PM
Tuesday: 11:00 AM – 2:30 PM, 5:00 – 8:00 PM
Wednesday: 11:00 AM – 2:30 PM, 5:00 – 8:00 PM
Thursday: 11:00 AM – 2:30 PM, 5:00 – 8:00 PM
Friday: 11:00 AM – 2:30 PM, 5:00 – 9:00 PM
Saturday: 11:00 AM – 2:30 PM, 5:00 – 9:00 PM
Sunday: 11:00 AM – 2:30 PM, 5:00 – 8:00 PM",
ea801af6-43f7-46b3-8e2a-9c641e60a5a3,Taqueria El Molino,"Tortilleria El Molino, 2228 Oak Grove Rd, Walnut Creek, CA 94598, USA",,37.9306041,-122.01554949999999,2026-07-18 02:53:28.928096,,,,4.1,0,,False,google_places,,ChIJqQf1Pl5ghYARJJ3njhvqF-Y,(925) 295-0266,mexican_restaurant,https://taqueriaelmolino.com/,"Monday: 10:00 AM – 8:00 PM
Tuesday: 10:00 AM – 8:00 PM
Wednesday: 10:00 AM – 8:00 PM
Thursday: 10:00 AM – 8:00 PM
Friday: 10:00 AM – 8:00 PM
Saturday: 10:00 AM – 8:00 PM
Sunday: 10:00 AM – 7:00 PM",
eadd9d59-b817-4453-b585-6d221b113b38,The Iron House,"190f Alamo Plaza, Alamo, CA 94507, USA",,37.8512085,-122.0357787,2026-07-17 19:28:30.827517,/static/logos/f96b5431bef247368965110dd70e51ea.jpg,/static/banners/6a6020b55c6847dbae74e8b9567f459d.jpg,,4.8,0,,False,google_places,,ChIJs9scQlyLj4ARnhpr9qJlXkc,(925) 718-5253,gym,https://www.theironhouse.com/,"Monday: 6:00 AM – 6:00 PM
Tuesday: 6:00 AM – 6:00 PM
Wednesday: 6:00 AM – 6:00 PM
Thursday: 6:00 AM – 6:00 PM
Friday: 6:00 AM – 4:00 PM
Saturday: 7:00 AM – 12:00 PM
Sunday: Closed",
ed2781d2-9b9a-48f6-9f75-d5f81877f72e,7-Eleven,"1248 Boulevard Way, Walnut Creek, CA 94595, USA",,37.8936132,-122.0759023,2026-02-05 03:31:32.920292,/static/logos/4189fddd47c04bf8b961cbab83e09430.jpg,/static/banners/2a492fcc07d0496c96793142a87dc3f5.jpg,,3.8,0,"Pit stop for snacks, drinks & daily essentials",False,google_places,,ChIJ4eV0qPNhhYARZf87dKoBSVU,(925) 939-1878,cafe,https://www.7-eleven.com/locations/ca/walnut-creek/1248-boulevard-way-16990?utm_source=G&utm_medium=local&utm_campaign=google-local,"Monday: Open 24 hours
Tuesday: Open 24 hours
Wednesday: Open 24 hours
Thursday: Open 24 hours
Friday: Open 24 hours
Saturday: Open 24 hours
Sunday: Open 24 hours",
ee3c4508-8ebc-4eaa-a4b5-6f76ec501f37,Beauty Lounge and Wine Bar,"1512 Palos Verdes Mall, Walnut Creek, CA 94597, USA",,37.924782199999996,-122.0867446,2026-07-18 03:53:23.024357,,,,4.5,0,,False,google_places,,ChIJCase2dhjhYAR9ZElkA2olls,(925) 954-8421,hair_care,http://www.beautylounge925.com/,"Monday: Closed
Tuesday: 9:00 AM – 6:00 PM
Wednesday: 9:00 AM – 6:00 PM
Thursday: 9:00 AM – 6:00 PM
Friday: 9:00 AM – 6:00 PM
Saturday: 9:00 AM – 6:00 PM
Sunday: Closed",
ee95a688-c9eb-4ff3-8b2c-71007f81e5cf,Torsap Thai Kitchen,"1388 Locust St, Walnut Creek, CA 94596, USA",,37.8988459,-122.0617721,2026-07-17 19:28:30.827947,/static/logos/60a461b8c27f47d5830902876aee4311.jpg,/static/banners/c54a53e2a675473d857f7625cead1d06.jpg,,4.2,0,"Easygoing, stylish restaurant with a menu of classic Thai rice & noodle dishes, plus cocktails.",False,google_places,,ChIJP9QJk8ZhhYARmcJYzBG-NK4,(925) 433-2166,thai_restaurant,https://torsapthaikitchen.com/walnut-creek/,"Monday: 11:30 AM – 10:00 PM
Tuesday: 11:30 AM – 10:00 PM
Wednesday: 11:30 AM – 10:00 PM
Thursday: 11:30 AM – 10:00 PM
Friday: 11:30 AM – 11:00 PM
Saturday: 11:00 AM – 11:00 PM
Sunday: 11:00 AM – 10:00 PM",
f0026af8-eef5-449b-9bb6-0235f7c0c6dd,Dulce's Antojitos #2,"2333 Oak Grove Rd, Walnut Creek, CA 94598, USA",,37.9285419,-122.01624319999999,2026-07-18 02:53:28.928085,,,,4.3,0,,False,google_places,,ChIJyQW9BChhhYARC3TL7bGc03g,(925) 954-7684,mexican_restaurant,http://www.dulcesantojitos.com/,"Monday: 10:00 AM – 12:00 AM
Tuesday: 10:00 AM – 12:00 AM
Wednesday: 10:00 AM – 12:00 AM
Thursday: 10:00 AM – 12:00 AM
Friday: 10:00 AM – 12:00 AM
Saturday: 10:00 AM – 12:00 AM
Sunday: 10:00 AM – 9:00 PM",
f0a2e025-68fc-4c13-b346-53c62881af9d,Toshi's Teriyaki Grill - Walnut Creek,"1799 Locust St, Walnut Creek, CA 94596, USA",,37.90342280000001,-122.06398910000001,2026-07-18 02:53:28.927945,,,,5.0,0,,False,google_places,,ChIJhc8S50phhYARHEwEUt7ryzM,(925) 322-0014,japanese_restaurant,https://www.toshisgrill.com/mobile,"Monday: Closed
Tuesday: Closed
Wednesday: Closed
Thursday: Closed
Friday: Closed
Saturday: Closed
Sunday: 9:00 AM – 1:00 PM",
f19fbf5a-89c1-4372-af79-608103af324c,Mariscos 1AM Taqueria,"1880 Monument Blvd, Concord, CA 94520, USA",,37.955278199999995,-122.03977289999999,2026-07-18 02:53:28.928259,,,,4.1,0,,False,google_places,,ChIJh1xVUF1hhYARPUtl6iU9srQ,(925) 849-5120,mexican_restaurant,https://mariscos1amtaqueriaca.com/,"Monday: Closed
Tuesday: 11:00 AM – 10:00 PM
Wednesday: 11:00 AM – 10:00 PM
Thursday: 11:00 AM – 10:00 PM
Friday: 11:00 AM – 11:00 PM
Saturday: 11:00 AM – 11:00 PM
Sunday: 11:00 AM – 11:00 PM",
f1ce3731-2235-48ea-b73a-d128eb70af58,BODYROK Alamo- Pilates,"170f Alamo Plaza, Alamo, CA 94507, USA",,37.8512336,-122.03570829999998,2026-07-17 19:28:30.827419,/static/logos/24811ac9ffac4272af82004f3067d0ee.jpg,/static/banners/64413c3705fb4561965cb78bad217a62.jpg,,4.8,0,,False,google_places,,ChIJuXtt0SSLj4ARZvcunZlCkyw,(415) 767-1930,gym,https://bodyrok.com/studio/alamo/,"Monday: 6:00 – 7:45 AM, 8:30 – 10:15 AM, 12:00 – 1:45 PM, 5:30 – 7:15 PM
Tuesday: 6:00 – 7:45 AM, 8:30 – 10:15 AM, 12:00 – 12:45 PM, 4:30 – 8:15 PM
Wednesday: 6:00 – 7:45 AM, 8:30 – 10:15 AM, 12:00 – 1:45 PM, 4:30 – 7:15 PM
Thursday: 6:00 – 7:45 AM, 8:30 – 10:15 AM, 12:00 – 1:45 PM, 4:30 – 8:15 PM
Friday: 6:00 – 7:45 AM, 8:30 – 11:15 AM, 12:00 – 1:45 PM
Saturday: 7:00 AM – 12:45 PM
Sunday: 8:00 – 11:45 AM, 3:00 – 5:45 PM",
f1d0e182-6760-4b7f-88c0-6aa36902d612,PiddeG - Modern Turkish Cuisine,"2979 Ygnacio Valley Rd, Walnut Creek, CA 94598, USA",,37.926189799999996,-122.0146164,2026-07-18 02:53:28.926987,,,,4.8,0,,False,google_places,,ChIJ-S4Itb9hhYARNA7PFeNYNLU,(925) 433-2357,restaurant,https://www.piddeg.com/,"Monday: 11:00 AM – 9:00 PM
Tuesday: 11:00 AM – 9:00 PM
Wednesday: 11:00 AM – 9:00 PM
Thursday: 11:00 AM – 9:00 PM
Friday: 11:00 AM – 9:30 PM
Saturday: 10:30 AM – 9:30 PM
Sunday: 10:30 AM – 9:00 PM",
f1e05549-3820-416a-96a8-5e2191fd662f,Fuji Sushi Buffet,"2090 Diamond Blvd Ste 10, Concord, CA 94520, USA",,37.9746453,-122.05762080000001,2026-07-18 02:53:28.927985,,,,4.3,0,,False,google_places,,ChIJsSyhZppnhYARY3sRkwSShbM,(925) 822-3043,japanese_restaurant,http://www.fujisushibuffet.com/,"Monday: Closed
Tuesday: 11:00 AM – 2:00 PM, 5:00 – 8:30 PM
Wednesday: 11:00 AM – 2:00 PM, 5:00 – 8:30 PM
Thursday: 11:00 AM – 2:00 PM, 5:00 – 8:30 PM
Friday: 11:00 AM – 2:00 PM, 5:00 – 8:30 PM
Saturday: 11:00 AM – 2:00 PM, 5:00 – 8:30 PM
Sunday: 11:00 AM – 2:00 PM, 5:00 – 8:30 PM",
f271f665-5cd7-4fd3-b709-6639e709cf59,Pslice Pizza,"1557 Palos Verdes Mall Ste A, Walnut Creek, CA 94597, USA",,37.9241439,-122.0882286,2026-07-18 02:53:28.927579,,,,4.2,0,,False,google_places,,ChIJ60GqJ1tjhYARY79hWD-SmeE,(925) 278-1108,pizza_restaurant,http://pslicewalnutcreek.com/,"Monday: 11:00 AM – 8:00 PM
Tuesday: 11:00 AM – 8:00 PM
Wednesday: 11:00 AM – 8:00 PM
Thursday: 11:00 AM – 8:00 PM
Friday: 11:00 AM – 8:00 PM
Saturday: 11:00 AM – 8:00 PM
Sunday: 11:00 AM – 8:00 PM",
f2bc4002-b4b3-4a85-b90b-b7c42548a757,Studio Eleven Salon,"1940 Tice Valley Blvd Site E, Walnut Creek, CA 94595, USA",,37.8788681,-122.0727189,2026-02-05 03:31:32.920468,,,,5.0,0,,False,google_places,,ChIJCR7pyOlhhYAR35fR6BFAITY,+1 925-639-4434,hair_care,,,
f2ef7b20-8944-40e7-8786-50276f7c3e0a,Allstar Donuts,"2054 Treat Blvd #24, Walnut Creek, CA 94598, USA",,37.9296967,-122.0405538,2026-07-18 03:53:23.025167,,,,4.5,0,"Standard strip-mall bakery providing traditional donuts, pastries & coffee in an easygoing setting.",False,google_places,,ChIJWdYMmwFhhYARmccNMlIRW4s,(925) 256-6478,bakery,,"Monday: Closed
Tuesday: 6:00 AM – 1:00 PM
Wednesday: 6:00 AM – 1:00 PM
Thursday: 6:00 AM – 1:00 PM
Friday: 6:00 AM – 1:00 PM
Saturday: 6:00 AM – 1:00 PM
Sunday: 6:00 AM – 1:00 PM",
f3155c85-a77c-4501-a1b9-1c546bed652f,Thai Table,"790 Oak Grove Rd # D, Concord, CA 94518, USA",,37.9383898,-122.02418899999999,2026-07-18 02:53:28.928016,,,,4.6,0,,False,google_places,,ChIJ51GF2shhhYARbtJE638oM-I,(925) 765-2002,thai_restaurant,https://www.thaitableconcord.com/,"Monday: 11:00 AM – 2:30 PM, 4:30 – 9:00 PM
Tuesday: 11:00 AM – 2:30 PM, 4:30 – 9:00 PM
Wednesday: 11:00 AM – 2:30 PM, 4:30 – 9:00 PM
Thursday: 11:00 AM – 2:30 PM, 4:30 – 9:00 PM
Friday: 11:00 AM – 2:30 PM, 4:30 – 9:00 PM
Saturday: 12:00 – 9:00 PM
Sunday: 12:00 – 9:00 PM",
f3b36d48-13fe-44b8-8a32-60061947bd24,La Piñata 6,"2301 Willow Pass Rd, Concord, CA 94520, USA",,37.9778258,-122.03171010000001,2026-07-18 02:53:28.928202,,,,4.1,0,Local favorite serving hearty burritos & margaritas in a spacious dining room good for groups.,False,google_places,,ChIJ8XjrxiVnhYARc-JWZqGxAak,(925) 609-9119,mexican_restaurant,https://www.lapinatarestaurants.com/,"Monday: 9:00 AM – 10:00 PM
Tuesday: 9:00 AM – 10:00 PM
Wednesday: 9:00 AM – 10:00 PM
Thursday: 9:00 AM – 10:00 PM
Friday: 9:00 AM – 12:00 AM
Saturday: 9:00 AM – 12:00 AM
Sunday: 9:00 AM – 10:00 PM",
f3f67940-cf72-4705-8340-333ee1b6ccee,360 Gourmet Burritos,"1558 Newell Ave, Walnut Creek, CA 94596, USA",,37.8930801,-122.05996359999999,2026-07-17 19:28:30.828033,/static/logos/edf4f6ebcf074fca8fc206903db347b3.jpg,/static/banners/77fdf293d6fb4027885aa3a0125c2941.jpg,,4.0,0,"No-frills local chain dishing up an eclectic menu of burritos, rice bowls & other custom options.",False,google_places,,ChIJxfI_l8JhhYARRKWNhBgTZJI,(925) 935-0126,mexican_restaurant,https://360gb.net/gourmetburritos?utm_source=google,"Monday: 10:00 AM – 8:00 PM
Tuesday: 10:00 AM – 8:00 PM
Wednesday: 10:00 AM – 8:00 PM
Thursday: 10:00 AM – 8:00 PM
Friday: 10:00 AM – 8:00 PM
Saturday: 10:30 AM – 8:00 PM
Sunday: 11:00 AM – 5:30 PM",
f413016d-c76b-4409-bcb5-0237b4437e90,Katy's Kreek,"1680 Locust St, Walnut Creek, CA 94596, USA",,37.901733199999995,-122.06301429999999,2026-07-18 03:53:23.024210,,,,4.3,0,"Family-run venue with a kids' playroom offering eggs Benedict, plus other breakfast & lunch staples.",False,google_places,,ChIJ19BvOCpghYARd4vFdcACIWk,(925) 946-0949,cafe,http://www.katyskreek.com/,"Monday: 7:00 AM – 2:00 PM
Tuesday: 7:00 AM – 2:00 PM
Wednesday: 7:00 AM – 2:00 PM
Thursday: 7:00 AM – 2:00 PM
Friday: 7:00 AM – 2:00 PM
Saturday: 7:00 AM – 2:00 PM
Sunday: 7:00 AM – 2:00 PM",
f425fc3f-29f9-41ff-9b44-5db4537e4a72,Silk Road,"1440 N Main St, Walnut Creek, CA 94596, USA",,37.8999662,-122.060742,2026-07-17 19:28:30.827753,/static/logos/84eb3f6c255b44e296f2427b87cedf18.jpg,/static/banners/56d466a26e91428facb1fb3cc4f3804d.jpg,,4.3,0,Casual destination serving a menu of Persian & Mediterranean fare from hummus to baked trout.,False,google_places,,ChIJJTy1HcBhhYAR6nM3KZVbuEw,(925) 932-9090,pizza_restaurant,https://silkroadwalnutcreek.com/,"Monday: 11:00 AM – 9:00 PM
Tuesday: 11:00 AM – 9:00 PM
Wednesday: 11:00 AM – 9:00 PM
Thursday: 11:00 AM – 9:00 PM
Friday: 11:00 AM – 9:00 PM
Saturday: 11:00 AM – 9:00 PM
Sunday: 11:00 AM – 9:00 PM",
f6b7c01f-b03a-476d-8a91-b849a8267cac,Rasa Thai,"670 Gregory Ln Ste F, Pleasant Hill, CA 94523, USA",,37.9475531,-122.08086439999998,2026-07-18 02:53:28.928022,,,,5.0,0,,False,google_places,,ChIJrWC0UyJhhYARbYtvQL8GMWw,(925) 256-0289,thai_restaurant,https://rasathaica.smiledining.com/,"Monday: 11:30 AM – 2:30 PM, 4:30 – 8:30 PM
Tuesday: 11:30 AM – 2:30 PM, 4:30 – 8:30 PM
Wednesday: 11:30 AM – 2:30 PM, 4:30 – 8:30 PM
Thursday: 11:30 AM – 2:30 PM, 4:30 – 8:30 PM
Friday: 11:30 AM – 2:30 PM, 4:30 – 8:30 PM
Saturday: 11:30 AM – 2:30 PM, 4:30 – 8:30 PM
Sunday: 11:30 AM – 2:30 PM, 4:30 – 8:30 PM",
f6b8e2e4-6956-41d2-b27f-db1756b611a8,Pinky's Pizza & Pub,"2085 N Broadway, Walnut Creek, CA 94596, USA",,37.9086368,-122.06205329999999,2026-07-18 02:53:28.927375,,,,4.5,0,Veteran pizza joint with widescreen TVs & a sports bar vibe selling a variety of pies & sandwiches.,False,google_places,,ChIJSSVuwJdhhYAR8KW68EXnRAc,(925) 939-5000,bar,http://pinkyspizzawc.com/,"Monday: Closed
Tuesday: 11:00 AM – 9:00 PM
Wednesday: 11:00 AM – 9:00 PM
Thursday: 11:00 AM – 9:30 PM
Friday: 11:00 AM – 9:30 PM
Saturday: 11:30 AM – 9:30 PM
Sunday: 1:00 – 8:30 PM",
f6bd4838-750c-486e-8272-34413227a7eb,Chateau,"1376 N Main St, Walnut Creek, CA 94596, USA",,37.8990149,-122.06041809999999,2026-07-18 02:53:28.927224,,,,4.2,0,,False,google_places,,ChIJG8v4EwBhhYAR6Fd59RW7GfA,(925) 878-4066,bar,https://www.chateauwalnutcreek.com/,"Monday: Closed
Tuesday: 11:30 AM – 9:00 PM
Wednesday: 11:30 AM – 9:00 PM
Thursday: 11:30 AM – 9:00 PM
Friday: 11:30 AM – 11:00 PM
Saturday: 10:30 AM – 11:00 PM
Sunday: 10:30 AM – 9:00 PM",
f7cf480e-affc-49ef-8fc7-b3f921bc9c4b,El Faro Méxican Foods,"2280 Monument Blvd, Concord, CA 94520, USA",,37.9582666,-122.0356937,2026-07-18 02:53:28.928282,,,,4.2,0,Long-standing Mexican option dishing up ample portions of all the classics in festive surrounds.,False,google_places,,ChIJPcrHq9dghYAR262PDaytKmU,(925) 827-0976,mexican_restaurant,https://elfaromexicanfoods.com/?utm_source=google,"Monday: 9:00 AM – 8:00 PM
Tuesday: 9:00 AM – 8:00 PM
Wednesday: 9:00 AM – 8:00 PM
Thursday: 9:00 AM – 8:00 PM
Friday: 9:00 AM – 8:00 PM
Saturday: 9:00 AM – 8:00 PM
Sunday: 9:00 AM – 7:00 PM",
f9188e5e-99c3-473a-b342-049428ade9f5,Brewtopia Cafe,"2175 N California Blvd Unit 204, Walnut Creek, CA 94596, USA",,37.909501999999996,-122.066246,2026-07-18 03:53:23.024192,,,,4.7,0,,False,google_places,,ChIJF2AkX49hhYAR4BF8FggwbgA,(925) 954-1595,cafe,https://www.brewtopiacafe.com/,"Monday: 8:00 AM – 2:00 PM
Tuesday: 8:00 AM – 2:00 PM
Wednesday: 8:00 AM – 2:00 PM
Thursday: 8:00 AM – 2:00 PM
Friday: 8:00 AM – 2:00 PM
Saturday: Closed
Sunday: Closed",
f94ea958-350e-4215-b9df-289f299911c2,SEV Laser,"1551 Civic Dr, Walnut Creek, CA 94596, USA",,37.9011026,-122.06245179999999,2026-07-17 19:28:30.827525,/static/logos/8fcfed3f9784406e930fdc086982c6db.jpg,/static/banners/fd74fa239aba400aa171b41408177e68.jpg,,4.6,0,,False,google_places,,ChIJ9QCCLhZhhYAROH3kZZMuWHQ,(925) 999-1260,spa,https://sevlaser.com/walnut-creek/?utm_source=walnut_creek_GMB&utm_medium=Website_Click&utm_campaign=GMB_Organic_Website_Click,"Monday: 10:00 AM – 7:00 PM
Tuesday: 10:00 AM – 7:00 PM
Wednesday: 10:00 AM – 7:00 PM
Thursday: 10:00 AM – 7:00 PM
Friday: 10:00 AM – 7:00 PM
Saturday: 9:00 AM – 6:00 PM
Sunday: Closed",
f9762a3e-0c5d-40a2-b85b-7b0b864133f9,Turning Point Studios,"1840 San Miguel Dr #208, Walnut Creek, CA 94596, USA",,37.895483399999996,-122.05306580000001,2026-07-17 19:28:30.827510,/static/logos/95e1b6c5b91048c79be22e950597cc92.jpg,/static/banners/72ab71a9d17a453084af19295a7a942f.jpg,,5.0,0,,False,google_places,,ChIJzQ6R-sRhhYARZzxzXKmiSGo,(925) 952-9331,gym,http://www.turningpointstudios.com/,"Monday: 9:00 AM – 5:00 PM
Tuesday: 9:00 AM – 5:00 PM
Wednesday: 9:00 AM – 5:00 PM
Thursday: 9:00 AM – 5:00 PM
Friday: 9:00 AM – 1:00 PM
Saturday: Closed
Sunday: Closed",
f979dd9b-74d9-4f35-ab87-7414de9cc79b,Lafayette Park Hotel & Spa,"3287 Mount Diablo Blvd, Lafayette, CA 94549, USA",,37.8962807,-122.10123039999998,2026-07-18 03:53:23.025007,,,,4.5,0,"Upscale, French-chateau-inspired hotel with a poolside spa & a bistro, plus a free local shuttle.",False,google_places,,ChIJJY3FhjlihYARapU2reVVa1M,(855) 382-8632,spa,https://www.lafayetteparkhotel.com/?utm_source=google&utm_medium=bizlisting&utm_campaign=google_places,"Monday: Open 24 hours
Tuesday: Open 24 hours
Wednesday: Open 24 hours
Thursday: Open 24 hours
Friday: Open 24 hours
Saturday: Open 24 hours
Sunday: Open 24 hours",
f9a9e6a0-f7b1-4b0a-af69-76c764c9f8f9,Mercado del Sol,"1450 Monument Blvd, Concord, CA 94520, USA",,37.951998499999995,-122.0445806,2026-07-18 02:53:28.928270,,,,4.7,0,,False,google_places,,ChIJoSt62yVhhYARZFNCzu6hIDs,(925) 676-8837,mexican_restaurant,http://mercado-del-sol.cafe-inspector.com/,"Monday: 10:00 AM – 8:00 PM
Tuesday: 10:00 AM – 8:00 PM
Wednesday: 10:00 AM – 8:00 PM
Thursday: 10:00 AM – 8:00 PM
Friday: 10:00 AM – 8:00 PM
Saturday: 9:00 AM – 8:00 PM
Sunday: 9:00 AM – 7:00 PM",
f9fd52bd-e5ce-42a0-8ba1-6c4cad1cda6d,Legends at Diablo Creek,"4050 Port Chicago Hwy, Concord, CA 94520, USA",,38.0135449,-122.02354969999999,2026-07-18 02:53:28.927381,,,,4.2,0,Burgers & tacos served in a low-key watering hole with a patio overlooking a golf course.,False,google_places,,ChIJXWyUs6VnhYARttqaiTHIZCg,(925) 687-4111,bar,http://www.legendsdiablocreek.com/,"Monday: 7:00 AM – 9:00 PM
Tuesday: 7:00 AM – 9:00 PM
Wednesday: 7:00 AM – 9:00 PM
Thursday: 7:00 AM – 9:00 PM
Friday: 7:00 AM – 9:00 PM
Saturday: 7:00 AM – 8:00 PM
Sunday: 7:00 AM – 8:00 PM",
f9fe8d70-2741-4f20-8abf-8a47eec2035e,Ming's,"2653 Pleasant Hill Rd, Pleasant Hill, CA 94523, USA",,37.9546737,-122.08972080000001,2026-07-18 02:53:28.927660,,,,4.4,0,Welcoming spot with earth-toned walls & a fish tank serves up an extensive menu of Chinese food.,False,google_places,,ChIJC31u4wNkhYARsFtcbEyEaPQ,(925) 934-9393,chinese_restaurant,http://www.mingspleasanthill.co/,"Monday: Closed
Tuesday: Closed
Wednesday: 11:00 AM – 3:00 PM, 4:00 – 9:00 PM
Thursday: 11:00 AM – 3:00 PM, 4:00 – 9:00 PM
Friday: 11:00 AM – 3:00 PM, 4:00 – 9:00 PM
Saturday: 11:00 AM – 3:00 PM, 4:00 – 9:00 PM
Sunday: 11:00 AM – 3:00 PM, 4:00 – 9:00 PM",
fa26b660-face-4a2c-8166-5bc9a3af5055,Yan's Garden,"2223 Morello Ave #1850, Pleasant Hill, CA 94523, USA",,37.961607199999996,-122.07993649999997,2026-07-18 02:53:28.927655,,,,4.3,0,,False,google_places,,ChIJN6xFHKZmhYARmnjOHkwvBFg,(925) 676-8585,chinese_restaurant,https://yansgardenca.com/,"Monday: 11:00 AM – 9:00 PM
Tuesday: 11:00 AM – 9:00 PM
Wednesday: 11:00 AM – 9:00 PM
Thursday: 11:00 AM – 9:00 PM
Friday: 11:00 AM – 9:00 PM
Saturday: 12:00 – 9:00 PM
Sunday: 2:00 – 9:00 PM",
fb7f0eaa-174f-46ad-bfd6-a7c3f9d99018,Rossmoor Medical Associates & Aesthetics,"1210 Rossmoor Pkwy, Walnut Creek, CA 94595, USA",,37.8774197,-122.0706275,2026-02-05 03:31:32.920454,/static/business_images/aaf80c6c936a4a78917ee73251f074b3.jpg,,,5.0,0,,False,google_places,,ChIJMw8FguJhhYARmsTyesgQd3w,+1 925-933-1210,hair_care,,,
fbf49d90-3209-4afb-a261-131777f74ac6,Henry Calcagno Design Studios,"1651 Botelho Dr ste 190 studio 4, Walnut Creek, CA 94596, USA",,37.8937407,-122.0623054,2026-02-05 03:31:32.920523,/static/business_images/511a13be9f9b4a99a0b40a3c7415841d.jpg,/static/business_images/1f725e4199034c4caa4568f1963489e6.jpg,,5.0,0,,False,google_places,,ChIJ39J8xulhhYAR0QdDKWi4wjw,+1 925-640-5089,hair_care,,,
fd0f737d-c717-49d5-86ea-76aaba595040,Bold Lagree Fitness Studio,"1511 Locust St Ste 200, Walnut Creek, CA 94596, USA",,37.9000122,-122.06269409999997,2026-07-18 03:53:23.024762,,,,4.7,0,,False,google_places,,ChIJZYkXxwNhhYARFYZZjXHNqWA,,gym,http://www.beboldstudios.com/,"Monday: 6:00 – 10:30 AM, 11:30 AM – 1:30 PM, 4:30 – 8:30 PM
Tuesday: 6:00 – 8:00 AM, 9:30 AM – 12:30 PM, 4:30 – 8:30 PM
Wednesday: 6:00 – 10:30 AM, 11:30 AM – 1:30 PM, 4:30 – 8:30 PM
Thursday: 6:00 – 10:30 AM, 11:30 AM – 1:30 PM, 4:30 – 8:30 PM
Friday: 6:00 – 8:00 AM, 9:30 – 10:30 AM, 11:30 AM – 1:30 PM, 4:30 – 6:30 PM
Saturday: 8:30 AM – 12:30 PM
Sunday: 8:30 AM – 12:30 PM",
fd67d3d5-a553-4038-9358-c65bef24a112,Alix Garcia Hair,"1683 N California Blvd, Walnut Creek, CA 94596, USA",,37.9023393,-122.06505179999999,2026-07-18 03:53:23.024439,,,,5.0,0,,False,google_places,,ChIJVRX2jcUzjoARha7Xl27XurQ,(925) 819-0881,hair_care,http://www.alixgarciahair.com/,"Monday: 9:00 AM – 7:00 PM
Tuesday: 9:00 AM – 4:00 PM
Wednesday: 9:00 AM – 4:00 PM
Thursday: Closed
Friday: Closed
Saturday: Closed
Sunday: Closed",
fdf95c64-40c6-4a16-9b62-78c25b9f17cb,Brioche de Paris - Pâtisserie,"215 Alamo Plaza Ste B, Alamo, CA 94507, USA",,37.8510288,-122.03388969999999,2026-07-17 19:28:30.827726,/static/logos/aea95d8460c744cc9cae0e5dc60917c6.jpg,/static/banners/b81ddda7abdd48318c7349fb9762d27c.jpg,,4.4,0,,False,google_places,,ChIJA9q9xFOLj4AReinokaxm-Bg,(925) 854-2734,bakery,https://briochedeparisbakery.com/briochedeparis-msv5p9?utm_source=google,"Monday: 7:00 AM – 6:00 PM
Tuesday: 7:00 AM – 6:00 PM
Wednesday: 7:00 AM – 6:00 PM
Thursday: 7:00 AM – 6:00 PM
Friday: 7:00 AM – 6:00 PM
Saturday: 7:00 AM – 6:00 PM
Sunday: 7:00 AM – 3:00 PM",
fe1134b7-26be-4a2f-82ad-033184d2eeff,Madison Reed Hair Color Bar Walnut Creek,"21 N Broadway, Walnut Creek, CA 94596, USA",,37.8965102,-122.05777989999999,2026-07-18 02:53:28.927419,,,,4.1,0,,False,google_places,,ChIJg3pUh9dhhYAR1PGGOZlqW0s,(925) 239-4932,hair_care,https://www.madison-reed.com/colorbar/locations/walnutcreek,"Monday: 8:30 AM – 8:00 PM
Tuesday: 8:30 AM – 8:00 PM
Wednesday: 8:30 AM – 8:00 PM
Thursday: 8:30 AM – 8:00 PM
Friday: 8:30 AM – 8:00 PM
Saturday: 8:30 AM – 8:00 PM
Sunday: 10:00 AM – 7:00 PM",
fef8d91a-7150-42e3-bd1d-491ecb43172a,Calicraft Upstairs,"1501 Mt Diablo Blvd, Walnut Creek, CA 94596, USA",,37.8971736,-122.0603087,2026-02-05 03:31:32.920392,/static/business_images/ac7e5d3190a746f6aad89c4ee5b83fad.jpg,/static/business_images/df43456ac55843828781ac6db2d8f9ea.jpg,,4.6,0,,False,google_places,,ChIJRXIzTwBhhYARuFzv-uxwxGc,(925) 476-5144,bar,http://www.calicraft.com/,"Monday: 3:00 – 10:00 PM
Tuesday: 3:00 – 10:00 PM
Wednesday: 12:00 – 10:00 PM
Thursday: 12:00 – 10:00 PM
Friday: 12:00 – 11:00 PM
Saturday: 12:00 – 11:00 PM
Sunday: 12:00 – 10:00 PM",
ff1ec180-2c41-401e-880d-1c1df856815f,Xicote Cocina Mexicana,"1518 Bonanza St, Walnut Creek, CA 94596, USA",,37.9000261,-122.0617499,2026-07-18 02:53:28.928062,,,,4.6,0,,False,google_places,,ChIJIYUEeRVhhYARa8wfHlVLikU,(925) 953-2139,mexican_restaurant,http://xicotecocinamexicana.com/,"Monday: 11:00 AM – 3:30 PM
Tuesday: 11:00 AM – 9:00 PM
Wednesday: 11:00 AM – 9:00 PM
Thursday: 11:30 AM – 9:00 PM
Friday: 11:00 AM – 10:00 PM
Saturday: 10:30 AM – 10:30 PM
Sunday: 10:30 AM – 9:00 PM",
